Date,Adj Close,Close,High,Low,Open,Volume
2001-01-02,701.1900024414062,701.1900024414062,725.75,697.489990234375,725.75,0
2001-01-03,737.9400024414062,737.9400024414062,738.1300048828125,695.1400146484375,701.22998046875,0
2001-01-04,728.6099853515625,728.6099853515625,738.9400024414062,726.239990234375,737.9099731445312,0
2001-01-05,707.9500122070312,707.9500122070312,729.219970703125,706.1799926757812,728.6099853515625,0
2001-01-08,705.989990234375,705.989990234375,707.9500122070312,694.760009765625,707.9500122070312,0
2001-01-09,709.1300048828125,709.1300048828125,715.1699829101562,705.4500122070312,705.989990234375,0
2001-01-10,718.9099731445312,718.9099731445312,719.1300048828125,701.9099731445312,709.1300048828125,0
2001-01-11,727.8300170898438,727.8300170898438,730.760009765625,716.9400024414062,718.9099731445312,0
2001-01-12,724.3400268554688,724.3400268554688,732.4099731445312,720.5800170898438,727.8300170898438,0
2001-01-16,729.22998046875,729.22998046875,729.739990234375,721.5599975585938,724.3400268554688,0
2001-01-17,731.2899780273438,731.2899780273438,741.3900146484375,729.22998046875,729.22998046875,0
2001-01-18,740.0599975585938,740.0599975585938,741.8499755859375,729.27001953125,731.3800048828125,0
2001-01-19,735.7100219726562,735.7100219726562,744.3699951171875,733.469970703125,740.0599975585938,0
2001-01-22,736.25,736.25,741.780029296875,731.489990234375,735.7100219726562,0
2001-01-23,747.2999877929688,747.2999877929688,748.2899780273438,734.469970703125,736.1300048828125,0
2001-01-24,749.489990234375,749.489990234375,753.0499877929688,745.4500122070312,747.2999877929688,0
2001-01-25,744.3099975585938,744.3099975585938,750.5800170898438,743.22998046875,749.489990234375,0
2001-01-26,743.5700073242188,743.5700073242188,744.5599975585938,735.9400024414062,744.3099975585938,0
2001-01-29,749.8300170898438,749.8300170898438,750.1400146484375,741.0499877929688,743.5499877929688,0
2001-01-30,754.9600219726562,754.9600219726562,755.8099975585938,745.6099853515625,749.8300170898438,0
2001-01-31,749.97998046875,749.97998046875,759.8200073242188,749.0999755859375,754.9600219726562,0
2001-02-01,753.1900024414062,753.1900024414062,753.2100219726562,746.0599975585938,749.97998046875,0
2001-02-02,739.52001953125,739.52001953125,754.3300170898438,739.0800170898438,753.1900024414062,0
2001-02-05,741.47998046875,741.47998046875,741.6900024414062,736.22998046875,739.469970703125,0
2001-02-06,741.72998046875,741.72998046875,747.6099853515625,740.2100219726562,741.47998046875,0
2001-02-07,734.9400024414062,734.9400024414062,741.72998046875,730.8900146484375,741.72998046875,0
2001-02-08,730.3599853515625,730.3599853515625,740.6099853515625,730.239990234375,735.0399780273438,0
2001-02-09,721.010009765625,721.010009765625,730.3599853515625,718.260009765625,730.3599853515625,0
2001-02-12,729.47998046875,729.47998046875,729.6199951171875,719.6699829101562,721.010009765625,0
2001-02-13,722.8200073242188,722.8200073242188,733.8599853515625,722.1500244140625,729.47998046875,0
2001-02-14,722.2899780273438,722.2899780273438,723.72998046875,715.0599975585938,722.8200073242188,0
2001-02-15,729.1300048828125,729.1300048828125,731.6799926757812,722.2899780273438,722.2899780273438,0
2001-02-16,716.1199951171875,716.1199951171875,729.1300048828125,711.7100219726562,729.1300048828125,0
2001-02-20,702.780029296875,702.780029296875,719.030029296875,702.5,716.1199951171875,0
2001-02-21,689.9500122070312,689.9500122070312,704.77001953125,688.8200073242188,702.780029296875,0
2001-02-22,687.3699951171875,687.3699951171875,691.510009765625,674.5900268554688,689.9500122070312,0
2001-02-23,684.8499755859375,684.8499755859375,687.3699951171875,667.47998046875,687.3699951171875,0
2001-02-26,697.5800170898438,697.5800170898438,697.5999755859375,683.25,684.8499755859375,0
2001-02-27,690.3099975585938,690.3099975585938,699.0700073242188,687.8200073242188,697.5800170898438,0
2001-02-28,680.52001953125,680.52001953125,693.280029296875,675.0800170898438,690.3099975585938,0
2001-03-01,681.1799926757812,681.1799926757812,681.3499755859375,666.1199951171875,680.52001953125,0
2001-03-02,678.4299926757812,678.4299926757812,687.6900024414062,670.0,681.1799926757812,0
2001-03-05,682.2000122070312,682.2000122070312,683.2999877929688,678.4299926757812,678.4299926757812,0
2001-03-06,689.2100219726562,689.2100219726562,696.4500122070312,682.2000122070312,682.2000122070312,0
2001-03-07,693.0599975585938,693.0599975585938,694.3300170898438,689.1699829101562,689.2100219726562,0
2001-03-08,692.9199829101562,692.9199829101562,694.8200073242188,689.6400146484375,693.0599975585938,0
2001-03-09,675.9400024414062,675.9400024414062,692.9199829101562,673.7000122070312,692.9199829101562,0
2001-03-12,647.0900268554688,647.0900268554688,675.9400024414062,645.6199951171875,675.9400024414062,0
2001-03-13,657.5,657.5,657.6199951171875,643.2000122070312,647.0900268554688,0
2001-03-14,641.1199951171875,641.1199951171875,657.5,635.9400024414062,657.5,0
2001-03-15,643.5399780273438,643.5399780273438,649.7899780273438,641.1199951171875,641.1199951171875,0
2001-03-16,630.2899780273438,630.2899780273438,643.5399780273438,629.530029296875,643.5399780273438,0
2001-03-19,642.1199951171875,642.1199951171875,643.1099853515625,628.0599975585938,630.2899780273438,0
2001-03-20,626.5900268554688,626.5900268554688,647.4500122070312,626.4000244140625,642.1199951171875,0
2001-03-21,615.0700073242188,615.0700073242188,630.0900268554688,613.219970703125,626.5900268554688,0
2001-03-22,612.27001953125,612.27001953125,616.25,592.3900146484375,615.0700073242188,0
2001-03-23,624.7899780273438,624.7899780273438,625.72998046875,612.27001953125,612.27001953125,0
2001-03-26,631.8400268554688,631.8400268554688,636.1300048828125,624.7899780273438,624.7899780273438,0
2001-03-27,647.260009765625,647.260009765625,647.6900024414062,630.4099731445312,631.8400268554688,0
2001-03-28,631.3599853515625,631.3599853515625,647.260009765625,629.0399780273438,647.260009765625,0
2001-03-29,628.3499755859375,628.3499755859375,636.1500244140625,622.5599975585938,631.3599853515625,0
2001-03-30,635.6699829101562,635.6699829101562,636.5999755859375,626.4600219726562,628.3499755859375,0
2001-04-02,626.1900024414062,626.1900024414062,639.0499877929688,622.1599731445312,635.6699829101562,0
2001-04-03,604.0399780273438,604.0399780273438,626.2000122070312,600.739990234375,626.2000122070312,0
2001-04-04,601.739990234375,601.739990234375,609.47998046875,596.530029296875,604.0399780273438,0
2001-04-05,629.0900268554688,629.0900268554688,629.0900268554688,601.739990234375,601.739990234375,0
2001-04-06,615.8300170898438,615.8300170898438,629.0900268554688,611.7000122070312,629.0900268554688,0
2001-04-09,621.3699951171875,621.3699951171875,625.72998046875,615.4299926757812,615.8300170898438,0
2001-04-10,638.8699951171875,638.8699951171875,641.72998046875,621.3699951171875,621.3699951171875,0
2001-04-11,637.9099731445312,637.9099731445312,647.4500122070312,635.010009765625,638.8699951171875,0
2001-04-12,647.780029296875,647.780029296875,647.7899780273438,633.8400268554688,637.9099731445312,0
2001-04-16,645.0399780273438,645.0399780273438,647.780029296875,639.1599731445312,647.780029296875,0
2001-04-17,652.0700073242188,652.0700073242188,652.2000122070312,639.4500122070312,645.0399780273438,0
2001-04-18,676.8099975585938,676.8099975585938,682.6500244140625,652.0800170898438,652.0800170898438,0
2001-04-19,686.27001953125,686.27001953125,686.280029296875,674.6300048828125,676.8099975585938,0
2001-04-20,680.239990234375,680.239990234375,686.27001953125,675.2100219726562,686.27001953125,0
2001-04-23,669.1500244140625,669.1500244140625,680.239990234375,665.8499755859375,680.239990234375,0
2001-04-24,661.6400146484375,661.6400146484375,674.510009765625,661.219970703125,669.1500244140625,0
2001-04-25,672.9099731445312,672.9099731445312,674.3599853515625,660.4199829101562,661.6400146484375,0
2001-04-26,676.1199951171875,676.1199951171875,683.4500122070312,672.9099731445312,672.9099731445312,0
2001-04-27,686.5499877929688,686.5499877929688,686.5700073242188,676.1199951171875,676.1199951171875,0
2001-04-30,686.1199951171875,686.1199951171875,696.4000244140625,683.2999877929688,686.5499877929688,0
2001-05-01,695.2999877929688,695.2999877929688,695.3099975585938,682.5999755859375,686.1099853515625,0
2001-05-02,697.030029296875,697.030029296875,699.4400024414062,691.2000122070312,695.2999877929688,0
2001-05-03,686.2100219726562,686.2100219726562,697.030029296875,681.9199829101562,697.030029296875,0
2001-05-04,696.1799926757812,696.1799926757812,696.22998046875,676.8900146484375,686.2100219726562,0
2001-05-07,693.9400024414062,693.9400024414062,698.3099975585938,692.2000122070312,696.1799926757812,0
2001-05-08,693.1500244140625,693.1500244140625,696.489990234375,688.72998046875,696.260009765625,0
2001-05-09,689.8800048828125,689.8800048828125,693.3099975585938,685.8800048828125,693.1500244140625,0
2001-05-10,689.1599731445312,689.1599731445312,696.5900268554688,688.9400024414062,689.8800048828125,0
2001-05-11,683.9500122070312,683.9500122070312,691.719970703125,681.6099853515625,689.1599731445312,0
2001-05-14,685.260009765625,685.260009765625,685.5599975585938,680.8900146484375,683.9500122070312,0
2001-05-15,685.989990234375,685.989990234375,690.280029296875,683.760009765625,685.260009765625,0
2001-05-16,705.280029296875,705.280029296875,705.9500122070312,682.3900146484375,685.97998046875,0
2001-05-17,708.4199829101562,708.4199829101562,712.280029296875,704.3599853515625,705.280029296875,0
2001-05-18,710.2000122070312,710.2000122070312,710.25,704.8499755859375,708.4199829101562,0
2001-05-21,722.8499755859375,722.8499755859375,722.8499755859375,708.469970703125,710.2000122070312,0
2001-05-22,721.4600219726562,721.4600219726562,724.9400024414062,719.5900268554688,722.8499755859375,0
2001-05-23,709.4500122070312,709.4500122070312,721.4600219726562,709.4000244140625,721.4600219726562,0
2001-05-24,712.1099853515625,712.1099853515625,712.5900268554688,705.010009765625,709.4500122070312,0
2001-05-25,704.489990234375,704.489990234375,712.1799926757812,703.760009765625,712.1099853515625,0
2001-05-29,697.7000122070312,697.7000122070312,704.489990234375,696.6099853515625,704.489990234375,0
2001-05-30,685.9500122070312,685.9500122070312,697.7000122070312,685.010009765625,697.7000122070312,0
2001-05-31,690.6300048828125,690.6300048828125,693.989990234375,685.9500122070312,685.9500122070312,0
2001-06-01,694.2000122070312,694.2000122070312,696.3499755859375,686.1300048828125,690.52001953125,0
2001-06-04,697.8900146484375,697.8900146484375,697.8900146484375,692.0,694.2000122070312,0
2001-06-05,707.9500122070312,707.9500122070312,709.4299926757812,697.8900146484375,697.8900146484375,0
2001-06-06,700.9000244140625,700.9000244140625,708.2000122070312,700.469970703125,707.9500122070312,0
2001-06-07,704.77001953125,704.77001953125,704.9000244140625,698.25,700.9000244140625,0
2001-06-08,697.9600219726562,697.9600219726562,704.7999877929688,695.469970703125,704.77001953125,0
2001-06-11,691.739990234375,691.739990234375,697.9600219726562,688.8400268554688,697.9600219726562,0
2001-06-12,692.02001953125,692.02001953125,694.75,680.8499755859375,691.739990234375,0
2001-06-13,684.5999755859375,684.5999755859375,694.6400146484375,684.5800170898438,692.02001953125,0
2001-06-14,671.9000244140625,671.9000244140625,684.5999755859375,671.3699951171875,684.5999755859375,0
2001-06-15,669.2100219726562,669.2100219726562,672.8900146484375,663.0599975585938,671.9000244140625,0
2001-06-18,665.7000122070312,665.7000122070312,673.010009765625,665.6900024414062,668.5700073242188,0
2001-06-19,667.2000122070312,667.2000122070312,675.3499755859375,664.7999877929688,665.7000122070312,0
2001-06-20,674.1099853515625,674.1099853515625,674.7100219726562,665.6900024414062,667.2000122070312,0
2001-06-21,680.969970703125,680.969970703125,682.5399780273438,672.25,674.1099853515625,0
2001-06-22,674.0499877929688,674.0499877929688,681.1900024414062,671.989990234375,680.969970703125,0
2001-06-25,670.0599975585938,670.0599975585938,677.2100219726562,667.4500122070312,674.0499877929688,0
2001-06-26,669.6699829101562,669.6699829101562,671.72998046875,663.1500244140625,670.0599975585938,0
2001-06-27,667.7100219726562,667.7100219726562,671.969970703125,665.3300170898438,669.6699829101562,0
2001-06-28,676.6099853515625,676.6099853515625,680.8099975585938,667.7100219726562,667.7100219726562,0
2001-06-29,677.030029296875,677.030029296875,683.3800048828125,674.1699829101562,676.6099853515625,0
2001-07-02,681.77001953125,681.77001953125,683.77001953125,676.0900268554688,677.3699951171875,0
2001-07-03,680.2999877929688,680.2999877929688,681.75,677.72998046875,681.75,0
2001-07-05,671.9600219726562,671.9600219726562,680.2999877929688,671.8900146484375,680.2999877929688,0
2001-07-06,656.3699951171875,656.3699951171875,671.9600219726562,655.3200073242188,671.9600219726562,0
2001-07-09,660.2999877929688,660.2999877929688,661.6900024414062,655.9199829101562,656.3699951171875,0
2001-07-10,650.6099853515625,650.6099853515625,662.780029296875,649.8900146484375,660.2999877929688,0
2001-07-11,649.3099975585938,649.3099975585938,651.739990234375,642.8800048828125,650.6099853515625,0
2001-07-12,664.9199829101562,664.9199829101562,665.8499755859375,649.3099975585938,649.3099975585938,0
2001-07-13,668.7100219726562,668.7100219726562,670.260009765625,662.47998046875,664.9199829101562,0
2001-07-16,660.9500122070312,660.9500122070312,670.8300170898438,659.8599853515625,668.6900024414062,0
2001-07-17,667.9299926757812,667.9299926757812,668.219970703125,657.5800170898438,660.9500122070312,0
2001-07-18,663.6199951171875,663.6199951171875,667.9299926757812,659.489990234375,667.9299926757812,0
2001-07-19,667.1900024414062,667.1900024414062,673.1599731445312,662.4099731445312,663.6199951171875,0
2001-07-20,665.22998046875,665.22998046875,667.77001953125,663.0999755859375,667.1900024414062,0
2001-07-23,655.0499877929688,655.0499877929688,667.9199829101562,654.760009765625,665.22998046875,0
2001-07-24,643.9299926757812,643.9299926757812,655.0499877929688,640.739990234375,655.0499877929688,0
2001-07-25,652.9400024414062,652.9400024414062,652.9600219726562,643.5,643.9299926757812,0
2001-07-26,660.8400268554688,660.8400268554688,661.3099975585938,649.3400268554688,652.9400024414062,0
2001-07-27,662.5900268554688,662.5900268554688,664.510009765625,657.489990234375,660.8400268554688,0
2001-07-30,662.030029296875,662.030029296875,664.1699829101562,659.5999755859375,662.5900268554688,0
2001-07-31,665.489990234375,665.489990234375,671.6300048828125,662.030029296875,662.030029296875,0
2001-08-01,668.760009765625,668.760009765625,672.1799926757812,665.489990234375,665.489990234375,0
2001-08-02,671.2000122070312,671.2000122070312,674.489990234375,668.1699829101562,668.760009765625,0
2001-08-03,668.0700073242188,668.0700073242188,671.2000122070312,663.1799926757812,671.2000122070312,0
2001-08-06,660.3200073242188,660.3200073242188,668.0700073242188,659.0999755859375,668.0700073242188,0
2001-08-07,662.02001953125,662.02001953125,663.6699829101562,657.469970703125,660.3200073242188,0
2001-08-08,650.5999755859375,650.5999755859375,663.25,649.3300170898438,662.02001953125,0
2001-08-09,650.3699951171875,650.3699951171875,650.8599853515625,645.4199829101562,650.5999755859375,0
2001-08-10,653.8699951171875,653.8699951171875,655.510009765625,643.1099853515625,650.3699951171875,0
2001-08-13,655.260009765625,655.260009765625,656.6099853515625,651.6300048828125,653.8699951171875,0
2001-08-14,653.2899780273438,653.2899780273438,659.1799926757812,651.989990234375,655.260009765625,0
2001-08-15,648.4500122070312,648.4500122070312,655.489990234375,648.0399780273438,653.2899780273438,0
2001-08-16,649.989990234375,649.989990234375,649.989990234375,641.3800048828125,648.4500122070312,0
2001-08-17,639.530029296875,639.530029296875,649.989990234375,636.6900024414062,649.989990234375,0
2001-08-20,644.239990234375,644.239990234375,644.239990234375,638.719970703125,639.530029296875,0
2001-08-21,636.6900024414062,636.6900024414062,648.8699951171875,636.3900146484375,644.239990234375,0
2001-08-22,641.3499755859375,641.3499755859375,642.6500244140625,634.2999877929688,636.6900024414062,0
2001-08-23,639.5399780273438,639.5399780273438,644.02001953125,639.1400146484375,641.3499755859375,0
2001-08-24,651.3200073242188,651.3200073242188,651.3499755859375,639.5399780273438,639.5399780273438,0
2001-08-27,648.5800170898438,648.5800170898438,652.6799926757812,647.9000244140625,651.3200073242188,0
2001-08-28,639.239990234375,639.239990234375,648.9000244140625,639.02001953125,648.5800170898438,0
2001-08-29,632.7899780273438,632.7899780273438,642.1300048828125,631.9400024414062,639.239990234375,0
2001-08-30,622.6699829101562,622.6699829101562,634.2100219726562,620.260009765625,632.7899780273438,0
2001-08-31,625.260009765625,625.260009765625,629.260009765625,621.2100219726562,622.6799926757812,0
2001-09-04,624.969970703125,624.969970703125,636.6900024414062,623.22998046875,625.260009765625,0
2001-09-05,623.1799926757812,623.1799926757812,626.219970703125,614.8099975585938,624.969970703125,0
2001-09-06,609.75,609.75,623.1799926757812,609.3499755859375,623.1799926757812,0
2001-09-07,598.6300048828125,598.6300048828125,609.75,596.3699951171875,609.75,0
2001-09-10,601.1799926757812,601.1799926757812,603.6799926757812,592.25,598.6300048828125,0
2001-09-17,571.27001953125,571.27001953125,601.1799926757812,570.8400268554688,601.1799926757812,0
2001-09-18,566.8200073242188,566.8200073242188,574.510009765625,565.010009765625,571.27001953125,0
2001-09-19,557.489990234375,557.489990234375,570.0499877929688,540.1900024414062,566.7999877929688,0
2001-09-20,540.0800170898438,540.0800170898438,557.489990234375,540.0399780273438,557.489990234375,0
2001-09-21,529.6599731445312,529.6599731445312,540.0800170898438,518.7100219726562,540.0800170898438,0
2001-09-24,549.8400268554688,549.8400268554688,552.1699829101562,529.6599731445312,529.6599731445312,0
2001-09-25,554.25,554.25,556.8200073242188,547.0700073242188,549.8400268554688,0
2001-09-26,550.530029296875,550.530029296875,558.0800170898438,548.4600219726562,554.25,0
2001-09-27,556.8800048828125,556.8800048828125,556.9000244140625,545.4400024414062,550.530029296875,0
2001-09-28,569.530029296875,569.530029296875,569.530029296875,556.8800048828125,556.8800048828125,0
2001-10-01,567.2899780273438,567.2899780273438,569.530029296875,561.2000122070312,569.530029296875,0
2001-10-02,573.7999877929688,573.7999877929688,573.7999877929688,565.3499755859375,567.2899780273438,0
2001-10-03,586.1699829101562,586.1699829101562,587.75,568.8300170898438,573.7999877929688,0
2001-10-04,585.4600219726562,585.4600219726562,593.0700073242188,584.4600219726562,586.1699829101562,0
2001-10-05,585.4299926757812,585.4299926757812,585.8800048828125,575.8400268554688,585.4600219726562,0
2001-10-08,580.8499755859375,580.8499755859375,585.4299926757812,578.0900268554688,585.4299926757812,0
2001-10-09,577.8300170898438,577.8300170898438,581.2899780273438,576.3699951171875,580.8499755859375,0
2001-10-10,591.4600219726562,591.4600219726562,591.530029296875,575.739990234375,577.8300170898438,0
2001-10-11,601.6599731445312,601.6599731445312,602.1799926757812,591.4600219726562,591.4600219726562,0
2001-10-12,598.1799926757812,598.1799926757812,601.6599731445312,587.7100219726562,601.6599731445312,0
2001-10-15,597.47998046875,597.47998046875,598.1799926757812,591.0499877929688,598.1799926757812,0
2001-10-16,602.1500244140625,602.1500244140625,604.1900024414062,596.5399780273438,597.47998046875,0
2001-10-17,590.1699829101562,590.1699829101562,607.2899780273438,589.9299926757812,602.1500244140625,0
2001-10-18,585.530029296875,585.530029296875,590.5,583.4299926757812,590.1699829101562,0
2001-10-19,588.6300048828125,588.6300048828125,589.7000122070312,579.9000244140625,585.530029296875,0
2001-10-22,597.469970703125,597.469970703125,597.6400146484375,587.1500244140625,588.6300048828125,0
2001-10-23,594.3900146484375,594.3900146484375,602.1300048828125,592.969970703125,597.469970703125,0
2001-10-24,594.780029296875,594.780029296875,597.27001953125,591.97998046875,594.3900146484375,0
2001-10-25,603.3900146484375,603.3900146484375,603.3900146484375,584.5,594.780029296875,0
2001-10-26,605.8699951171875,605.8699951171875,608.739990234375,600.47998046875,603.3900146484375,0
2001-10-29,591.6799926757812,591.6799926757812,605.8699951171875,591.6799926757812,605.8699951171875,0
2001-10-30,581.47998046875,581.47998046875,591.6799926757812,577.8099975585938,591.6799926757812,0
2001-10-31,582.219970703125,582.219970703125,589.739990234375,580.3900146484375,581.47998046875,0
2001-11-01,594.7100219726562,594.7100219726562,595.22998046875,578.8499755859375,582.219970703125,0
2001-11-02,595.72998046875,595.72998046875,597.1900024414062,590.1699829101562,594.7100219726562,0
2001-11-05,604.1900024414062,604.1900024414062,606.1799926757812,595.72998046875,595.72998046875,0
2001-11-06,612.9500122070312,612.9500122070312,613.219970703125,600.530029296875,604.1900024414062,0
2001-11-07,611.510009765625,611.510009765625,617.4199829101562,610.1799926757812,612.9400024414062,0
2001-11-08,612.219970703125,612.219970703125,621.8099975585938,610.7000122070312,611.510009765625,0
2001-11-09,612.6799926757812,612.6799926757812,614.2000122070312,608.1199951171875,612.219970703125,0
2001-11-12,612.2000122070312,612.2000122070312,613.7899780273438,601.1099853515625,612.6799926757812,0
2001-11-13,623.8300170898438,623.8300170898438,623.8300170898438,612.2000122070312,612.2000122070312,0
2001-11-14,625.7000122070312,625.7000122070312,628.9000244140625,620.8400268554688,623.8300170898438,0
2001-11-15,625.7999877929688,625.7999877929688,628.6599731445312,622.5,625.7000122070312,0
2001-11-16,624.22998046875,624.22998046875,626.6799926757812,619.8400268554688,625.7899780273438,0
2001-11-19,631.52001953125,631.52001953125,631.52001953125,624.22998046875,624.22998046875,0
2001-11-20,626.3599853515625,626.3599853515625,631.9400024414062,626.1300048828125,631.52001953125,0
2001-11-21,623.530029296875,623.530029296875,626.3599853515625,619.72998046875,626.3599853515625,0
2001-11-23,630.9299926757812,630.9299926757812,631.239990234375,623.0900268554688,623.530029296875,0
2001-11-26,635.4099731445312,635.4099731445312,635.5700073242188,628.97998046875,630.9299926757812,0
2001-11-27,631.72998046875,631.72998046875,638.77001953125,626.969970703125,635.4099731445312,0
2001-11-28,620.0700073242188,620.0700073242188,631.72998046875,619.989990234375,631.72998046875,0
2001-11-29,627.1300048828125,627.1300048828125,627.1400146484375,618.489990234375,620.0700073242188,0
2001-11-30,626.1500244140625,626.1500244140625,628.5,624.6699829101562,627.1199951171875,0
2001-12-03,620.75,620.75,626.1500244140625,618.6400146484375,626.1500244140625,0
2001-12-04,629.7999877929688,629.7999877929688,629.7999877929688,620.75,620.75,0
2001-12-05,643.9500122070312,643.9500122070312,645.9600219726562,629.2899780273438,629.2899780273438,0
2001-12-06,643.0399780273438,643.0399780273438,646.27001953125,641.3099975585938,643.9500122070312,0
2001-12-07,638.3699951171875,638.3699951171875,643.0399780273438,635.6400146484375,643.0399780273438,0
2001-12-10,628.6799926757812,628.6799926757812,638.5700073242188,628.5,638.3699951171875,0
2001-12-11,627.219970703125,627.219970703125,634.6400146484375,625.8800048828125,628.6799926757812,0
2001-12-12,627.219970703125,627.219970703125,629.719970703125,620.97998046875,627.219970703125,0
2001-12-13,617.6099853515625,617.6099853515625,627.219970703125,617.1400146484375,627.219970703125,0
2001-12-14,619.5,619.5,622.0399780273438,611.1699829101562,617.6099853515625,0
2001-12-17,625.8800048828125,625.8800048828125,627.2000122070312,619.1900024414062,619.5,0
2001-12-18,631.1799926757812,631.1799926757812,632.010009765625,625.8800048828125,625.8800048828125,0
2001-12-19,634.0,634.0,635.8599853515625,626.510009765625,631.1799926757812,0
2001-12-20,628.1599731445312,628.1599731445312,634.8099975585938,628.1599731445312,634.0,0
2001-12-21,631.5700073242188,631.5700073242188,632.6699829101562,628.1599731445312,628.1599731445312,0
2001-12-24,631.719970703125,631.719970703125,633.1400146484375,631.5700073242188,631.5700073242188,0
2001-12-26,634.6199951171875,634.6199951171875,639.4299926757812,631.72998046875,631.72998046875,0
2001-12-27,638.8599853515625,638.8599853515625,638.8599853515625,634.6199951171875,634.6199951171875,0
2001-12-28,641.219970703125,641.219970703125,642.9199829101562,638.8599853515625,638.8599853515625,0
2001-12-31,634.1599731445312,634.1599731445312,641.219970703125,634.1300048828125,641.219970703125,0
2002-01-02,637.27001953125,637.27001953125,637.27001953125,626.9000244140625,634.1599731445312,0
2002-01-03,643.7000122070312,643.7000122070312,643.7000122070312,636.989990234375,637.27001953125,0
2002-01-04,648.239990234375,648.239990234375,649.969970703125,642.9600219726562,643.7000122070312,0
2002-01-07,643.6699829101562,643.6699829101562,650.6199951171875,643.3699951171875,649.0800170898438,0
2002-01-08,642.0700073242188,642.0700073242188,644.8400268554688,640.0,643.6699829101562,0
2002-01-09,639.02001953125,639.02001953125,649.4500122070312,637.5599975585938,642.0700073242188,0
2002-01-10,639.5599975585938,639.5599975585938,641.1900024414062,636.6699829101562,639.02001953125,0
2002-01-11,633.9299926757812,633.9299926757812,641.0499877929688,633.8699951171875,639.5599975585938,0
2002-01-14,628.9299926757812,628.9299926757812,633.9299926757812,628.7999877929688,633.9299926757812,0
2002-01-15,633.1599731445312,633.1599731445312,634.6300048828125,628.1699829101562,628.9299926757812,0
2002-01-16,623.0900268554688,623.0900268554688,633.1599731445312,623.0,633.1599731445312,0
2002-01-17,629.5,629.5,629.52001953125,623.0900268554688,623.0900268554688,0
2002-01-18,622.9199829101562,622.9199829101562,629.5,621.5999755859375,629.5,0
2002-01-22,617.7899780273438,617.7899780273438,626.5800170898438,617.260009765625,622.9199829101562,0
2002-01-23,623.5399780273438,623.5399780273438,625.1099853515625,616.7899780273438,617.7899780273438,0
2002-01-24,625.8699951171875,625.8699951171875,629.97998046875,623.5399780273438,623.5399780273438,0
2002-01-25,626.6099853515625,626.6099853515625,629.1199951171875,623.3200073242188,625.8699951171875,0
2002-01-28,626.9500122070312,626.9500122070312,629.7000122070312,623.27001953125,626.6099853515625,0
2002-01-29,610.6400146484375,610.6400146484375,629.8400268554688,609.3800048828125,626.9500122070312,0
2002-01-30,617.3099975585938,617.3099975585938,617.3099975585938,600.6500244140625,609.0999755859375,0
2002-01-31,625.5999755859375,625.5999755859375,625.5999755859375,616.9600219726562,617.3099975585938,0
2002-02-01,621.27001953125,621.27001953125,625.5999755859375,619.3900146484375,625.5999755859375,0
2002-02-04,606.47998046875,606.47998046875,621.27001953125,605.3400268554688,621.27001953125,0
2002-02-05,604.72998046875,604.72998046875,610.3400268554688,600.6599731445312,606.47998046875,0
2002-02-06,600.030029296875,600.030029296875,606.4299926757812,597.27001953125,604.72998046875,0
2002-02-07,597.530029296875,597.530029296875,604.6400146484375,596.760009765625,600.030029296875,0
2002-02-08,606.8800048828125,606.8800048828125,606.9000244140625,597.530029296875,597.530029296875,0
2002-02-11,615.2000122070312,615.2000122070312,615.239990234375,606.1500244140625,606.8800048828125,0
2002-02-12,613.280029296875,613.280029296875,616.0800170898438,610.4600219726562,615.2000122070312,0
2002-02-13,619.27001953125,619.27001953125,620.1699829101562,613.280029296875,613.280029296875,0
2002-02-14,617.7899780273438,617.7899780273438,622.6099853515625,615.969970703125,619.27001953125,0
2002-02-15,610.989990234375,610.989990234375,618.0599975585938,610.5800170898438,617.7899780273438,0
2002-02-19,599.280029296875,599.280029296875,610.989990234375,598.7100219726562,610.989990234375,0
2002-02-20,607.4500122070312,607.4500122070312,607.5700073242188,594.489990234375,599.280029296875,0
2002-02-21,597.9299926757812,597.9299926757812,609.0800170898438,597.6699829101562,607.4500122070312,0
2002-02-22,602.8400268554688,602.8400268554688,604.9199829101562,594.4400024414062,597.9299926757812,0
2002-02-25,613.0399780273438,613.0399780273438,614.5999755859375,602.8400268554688,602.8400268554688,0
2002-02-26,613.4400024414062,613.4400024414062,616.25,609.0,613.0399780273438,0
2002-02-27,613.8200073242188,613.8200073242188,620.75,610.0700073242188,613.4400024414062,0
2002-02-28,611.8900146484375,611.8900146484375,619.6599731445312,611.8599853515625,613.8200073242188,0
2002-03-01,625.8599853515625,625.8599853515625,625.8599853515625,611.8900146484375,611.8900146484375,0
2002-03-04,638.5599975585938,638.5599975585938,638.5800170898438,625.8599853515625,625.8599853515625,0
2002-03-05,635.1199951171875,635.1199951171875,641.2100219726562,634.4299926757812,638.5599975585938,0
2002-03-06,644.1500244140625,644.1500244140625,645.1900024414062,634.4500122070312,635.1199951171875,0
2002-03-07,641.3599853515625,641.3599853515625,646.0499877929688,638.0,644.1500244140625,0
2002-03-08,645.5399780273438,645.5399780273438,649.8200073242188,641.3599853515625,641.3599853515625,0
2002-03-11,647.3300170898438,647.3300170898438,649.9400024414062,642.75,645.5399780273438,0
2002-03-12,645.739990234375,645.739990234375,647.3300170898438,639.5499877929688,647.3300170898438,0
2002-03-13,639.6799926757812,639.6799926757812,645.739990234375,638.1099853515625,645.739990234375,0
2002-03-14,639.4199829101562,639.4199829101562,641.9500122070312,638.27001953125,639.6799926757812,0
2002-03-15,646.3200073242188,646.3200073242188,646.6099853515625,639.4199829101562,639.4199829101562,0
2002-03-18,646.6500244140625,646.6500244140625,650.1599731445312,643.0900268554688,646.3200073242188,0
2002-03-19,649.0900268554688,649.0900268554688,650.9400024414062,646.6500244140625,646.6500244140625,0
2002-03-20,639.010009765625,639.010009765625,649.0900268554688,638.9099731445312,649.0900268554688,0
2002-03-21,640.9199829101562,640.9199829101562,641.489990234375,632.8300170898438,639.010009765625,0
2002-03-22,638.3200073242188,638.3200073242188,642.739990234375,636.3099975585938,640.9199829101562,0
2002-03-25,629.030029296875,629.030029296875,639.530029296875,629.02001953125,638.3200073242188,0
2002-03-26,632.9099731445312,632.9099731445312,636.9400024414062,628.8699951171875,629.030029296875,0
2002-03-27,636.469970703125,636.469970703125,637.5900268554688,631.3800048828125,632.9099731445312,0
2002-03-28,638.1500244140625,638.1500244140625,641.9099731445312,636.469970703125,636.469970703125,0
2002-04-01,637.75,637.75,638.5900268554688,630.1199951171875,638.1500244140625,0
2002-04-02,631.989990234375,631.989990234375,637.75,631.9600219726562,637.75,0
2002-04-03,625.72998046875,625.72998046875,633.1199951171875,622.8900146484375,631.989990234375,0
2002-04-04,626.3900146484375,626.3900146484375,628.3800048828125,623.010009765625,625.72998046875,0
2002-04-05,624.5999755859375,624.5999755859375,630.25,623.1400146484375,626.3900146484375,0
2002-04-08,626.5399780273438,626.5399780273438,626.5499877929688,618.530029296875,624.5999755859375,0
2002-04-09,622.5999755859375,622.5999755859375,628.3599853515625,622.1900024414062,626.5399780273438,0
2002-04-10,629.989990234375,629.989990234375,630.510009765625,622.5999755859375,622.5999755859375,0
2002-04-11,615.7899780273438,615.7899780273438,629.989990234375,615.5399780273438,629.989990234375,0
2002-04-12,620.7999877929688,620.7999877929688,621.1699829101562,615.4400024414062,615.7899780273438,0
2002-04-15,616.510009765625,616.510009765625,622.9500122070312,614.6500244140625,620.7999877929688,0
2002-04-16,630.5999755859375,630.5999755859375,630.9500122070312,616.510009765625,616.510009765625,0
2002-04-17,629.0,629.0,633.0700073242188,627.8900146484375,630.5999755859375,0
2002-04-18,628.3300170898438,628.3300170898438,631.219970703125,620.3099975585938,629.0,0
2002-04-19,628.489990234375,628.489990234375,630.739990234375,627.260009765625,628.3300170898438,0
2002-04-22,618.969970703125,618.969970703125,628.489990234375,617.8300170898438,628.489990234375,0
2002-04-23,615.5399780273438,615.5399780273438,620.7999877929688,614.5499877929688,618.969970703125,0
2002-04-24,611.530029296875,611.530029296875,619.9600219726562,611.1599731445312,615.5399780273438,0
2002-04-25,611.1099853515625,611.1099853515625,612.4199829101562,607.1900024414062,611.530029296875,0
2002-04-26,602.5900268554688,602.5900268554688,613.8400268554688,602.5900268554688,611.1099853515625,0
2002-04-29,596.989990234375,596.989990234375,604.1400146484375,595.8300170898438,602.5900268554688,0
2002-04-30,604.1300048828125,604.1300048828125,606.5999755859375,596.1699829101562,596.989990234375,0
2002-05-01,608.6199951171875,608.6199951171875,609.8300170898438,597.4299926757812,604.1300048828125,0
2002-05-02,607.510009765625,607.510009765625,611.1400146484375,604.8800048828125,608.6199951171875,0
2002-05-03,601.6199951171875,601.6199951171875,607.510009765625,599.030029296875,607.510009765625,0
2002-05-06,590.4299926757812,590.4299926757812,603.1699829101562,590.4099731445312,601.6199951171875,0
2002-05-07,588.219970703125,588.219970703125,593.5499877929688,587.9600219726562,590.4299926757812,0
2002-05-08,609.5,609.5,609.5399780273438,588.219970703125,588.219970703125,0
2002-05-09,600.6199951171875,600.6199951171875,609.5,600.2899780273438,609.5,0
2002-05-10,590.7899780273438,590.7899780273438,601.9099731445312,590.22998046875,600.6199951171875,0
2002-05-13,601.1199951171875,601.1199951171875,601.1300048828125,590.1799926757812,590.7899780273438,0
2002-05-14,614.2999877929688,614.2999877929688,614.489990234375,601.1199951171875,601.1199951171875,0
2002-05-15,611.52001953125,611.52001953125,618.2000122070312,609.72998046875,614.2899780273438,0
2002-05-16,613.6900024414062,613.6900024414062,614.27001953125,609.9500122070312,611.52001953125,0
2002-05-17,618.1699829101562,618.1699829101562,618.1699829101562,612.9600219726562,613.6900024414062,0
2002-05-20,610.1900024414062,610.1900024414062,618.1699829101562,609.5999755859375,618.1699829101562,0
2002-05-21,603.280029296875,603.280029296875,614.2100219726562,602.7899780273438,610.1900024414062,0
2002-05-22,605.8800048828125,605.8800048828125,606.0599975585938,600.3099975585938,603.280029296875,0
2002-05-23,612.4299926757812,612.4299926757812,612.4299926757812,602.9600219726562,605.8800048828125,0
2002-05-24,605.0900268554688,605.0900268554688,612.4299926757812,604.72998046875,612.4299926757812,0
2002-05-28,600.5800170898438,600.5800170898438,606.4099731445312,597.77001953125,605.0900268554688,0
2002-05-29,596.6099853515625,596.6099853515625,600.5800170898438,596.6099853515625,600.5800170898438,0
2002-05-30,595.1799926757812,595.1799926757812,597.5599975585938,589.3300170898438,596.6099853515625,0
2002-05-31,596.2899780273438,596.2899780273438,603.1099853515625,595.1799926757812,595.1799926757812,0
2002-06-03,581.8699951171875,581.8699951171875,598.1900024414062,581.489990234375,596.2899780273438,0
2002-06-04,581.4199829101562,581.4199829101562,584.1599731445312,575.6699829101562,581.8699951171875,0
2002-06-05,586.0,586.0,586.010009765625,580.1099853515625,581.4199829101562,0
2002-06-06,574.469970703125,574.469970703125,586.0,573.4099731445312,586.0,0
2002-06-07,574.7899780273438,574.7899780273438,577.3900146484375,565.5399780273438,574.469970703125,0
2002-06-10,576.02001953125,576.02001953125,580.1599731445312,573.8400268554688,574.2999877929688,0
2002-06-11,565.97998046875,565.97998046875,580.1099853515625,565.6799926757812,576.02001953125,0
2002-06-12,569.1699829101562,569.1699829101562,569.6199951171875,559.7000122070312,565.97998046875,0
2002-06-13,562.9600219726562,562.9600219726562,570.9400024414062,562.3200073242188,569.1699829101562,0
2002-06-14,562.4500122070312,562.4500122070312,563.2899780273438,547.760009765625,562.9600219726562,0
2002-06-17,578.1799926757812,578.1799926757812,578.1799926757812,562.4500122070312,562.4500122070312,0
2002-06-18,578.47998046875,578.47998046875,581.1599731445312,575.510009765625,578.1799926757812,0
2002-06-19,569.0900268554688,569.0900268554688,579.2000122070312,568.260009765625,578.47998046875,0
2002-06-20,561.1599731445312,561.1599731445312,570.7899780273438,560.3400268554688,569.0900268554688,0
2002-06-21,552.5,552.5,561.6400146484375,550.6500244140625,561.1599731445312,0
2002-06-24,553.6300048828125,553.6300048828125,558.6900024414062,541.989990234375,552.5,0
2002-06-25,544.3699951171875,544.3699951171875,560.3300170898438,543.260009765625,553.6300048828125,0
2002-06-26,542.8900146484375,542.8900146484375,544.7999877929688,531.260009765625,544.3699951171875,0
2002-06-27,552.0499877929688,552.0499877929688,552.0700073242188,537.8099975585938,542.8900146484375,0
2002-06-28,552.6500244140625,552.6500244140625,558.489990234375,550.8099975585938,552.0499877929688,0
2002-07-01,539.6099853515625,539.6099853515625,554.1900024414062,538.8800048828125,552.6500244140625,0
2002-07-02,527.469970703125,527.469970703125,539.6099853515625,526.1099853515625,539.6099853515625,0
2002-07-03,529.52001953125,529.52001953125,529.719970703125,519.2899780273438,527.469970703125,0
2002-07-05,548.5900268554688,548.5900268554688,548.6099853515625,529.52001953125,529.52001953125,0
2002-07-08,541.6500244140625,541.6500244140625,550.8400268554688,539.9299926757812,548.5900268554688,0
2002-07-09,528.3499755859375,528.3499755859375,543.02001953125,527.8599853515625,541.6500244140625,0
2002-07-10,511.989990234375,511.989990234375,530.5800170898438,511.8699951171875,528.3499755859375,0
2002-07-11,515.030029296875,515.030029296875,515.8800048828125,500.6700134277344,511.989990234375,0
2002-07-12,512.22998046875,512.22998046875,519.3800048828125,508.25,515.030029296875,0
2002-07-15,510.07000732421875,510.07000732421875,512.22998046875,488.1499938964844,512.22998046875,0
2002-07-16,502.5400085449219,502.5400085449219,511.69000244140625,500.2699890136719,510.07000732421875,0
2002-07-17,505.80999755859375,505.80999755859375,516.22998046875,499.0899963378906,502.5400085449219,0
2002-07-18,491.7200012207031,491.7200012207031,506.4800109863281,491.29998779296875,505.80999755859375,0
2002-07-19,474.5299987792969,474.5299987792969,491.7200012207031,470.9100036621094,491.7200012207031,0
2002-07-22,459.6199951171875,459.6199951171875,477.8699951171875,455.6000061035156,474.5299987792969,0
2002-07-23,446.70001220703125,446.70001220703125,463.6000061035156,445.9200134277344,459.6199951171875,0
2002-07-24,471.3299865722656,471.3299865722656,471.6700134277344,434.4700012207031,446.70001220703125,0
2002-07-25,469.1700134277344,469.1700134277344,477.6199951171875,457.2799987792969,471.3299865722656,0
2002-07-26,476.4200134277344,476.4200134277344,476.4200134277344,467.6199951171875,469.17999267578125,0
2002-07-29,502.19000244140625,502.19000244140625,502.19000244140625,476.4200134277344,476.4200134277344,0
2002-07-30,504.3399963378906,504.3399963378906,508.05999755859375,493.9200134277344,502.19000244140625,0
2002-07-31,508.1199951171875,508.1199951171875,508.1300048828125,497.2099914550781,504.3399963378906,0
2002-08-01,494.0400085449219,494.0400085449219,508.1199951171875,493.0,508.1199951171875,0
2002-08-02,482.2900085449219,482.2900085449219,494.05999755859375,477.2699890136719,494.0400085449219,0
2002-08-05,466.0899963378906,466.0899963378906,482.2900085449219,465.5199890136719,482.2900085449219,0
2002-08-06,480.260009765625,480.260009765625,487.3500061035156,466.0899963378906,466.0899963378906,0
2002-08-07,489.19000244140625,489.19000244140625,490.29998779296875,477.1600036621094,480.260009765625,0
2002-08-08,504.3299865722656,504.3299865722656,504.4599914550781,488.29998779296875,489.19000244140625,0
2002-08-09,505.760009765625,505.760009765625,508.5299987792969,496.260009765625,504.3399963378906,0
2002-08-12,503.4599914550781,503.4599914550781,505.760009765625,497.1199951171875,505.760009765625,0
2002-08-13,492.2200012207031,492.2200012207031,507.2799987792969,491.9700012207031,503.4599914550781,0
2002-08-14,510.82000732421875,510.82000732421875,510.8399963378906,487.5899963378906,492.2200012207031,0
2002-08-15,516.530029296875,516.530029296875,518.0399780273438,510.260009765625,510.82000732421875,0
2002-08-16,516.739990234375,516.739990234375,520.0599975585938,509.3599853515625,516.530029296875,0
2002-08-19,528.1400146484375,528.1400146484375,528.4400024414062,516.1300048828125,516.739990234375,0
2002-08-20,521.1900024414062,521.1900024414062,528.1400146484375,518.510009765625,528.1400146484375,0
2002-08-21,528.280029296875,528.280029296875,529.1400146484375,518.4199829101562,521.1900024414062,0
2002-08-22,535.2000122070312,535.2000122070312,536.5,526.780029296875,528.280029296875,0
2002-08-23,523.0,523.0,535.2000122070312,521.5599975585938,535.2000122070312,0
2002-08-26,527.5,527.5,528.6300048828125,517.489990234375,523.0,0
2002-08-27,519.4600219726562,519.4600219726562,531.5,517.4299926757812,527.5,0
2002-08-28,510.1000061035156,510.1000061035156,519.4600219726562,507.79998779296875,519.4600219726562,0
2002-08-29,510.989990234375,510.989990234375,514.4500122070312,502.5400085449219,510.1000061035156,0
2002-08-30,509.6499938964844,509.6499938964844,516.0800170898438,507.04998779296875,510.989990234375,0
2002-09-03,489.2699890136719,489.2699890136719,509.6499938964844,489.010009765625,509.6499938964844,0
2002-09-04,498.17999267578125,498.17999267578125,499.3299865722656,488.2200012207031,489.2699890136719,0
2002-09-05,490.0899963378906,490.0899963378906,498.17999267578125,486.0899963378906,498.17999267578125,0
2002-09-06,498.82000732421875,498.82000732421875,501.3500061035156,490.0899963378906,490.0899963378906,0
2002-09-09,503.3699951171875,503.3699951171875,505.6099853515625,492.67999267578125,498.82000732421875,0
2002-09-10,506.5799865722656,506.5799865722656,506.8900146484375,501.6700134277344,503.3699951171875,0
2002-09-11,506.42999267578125,506.42999267578125,514.0800170898438,506.05999755859375,507.20001220703125,0
2002-09-12,494.0799865722656,494.0799865722656,506.42999267578125,493.0799865722656,506.42999267578125,0
2002-09-13,495.8800048828125,495.8800048828125,496.989990234375,488.8399963378906,494.0799865722656,0
2002-09-16,496.0400085449219,496.0400085449219,496.5400085449219,489.9100036621094,495.8800048828125,0
2002-09-17,486.30999755859375,486.30999755859375,502.1000061035156,485.92999267578125,496.0400085449219,0
2002-09-18,484.04998779296875,484.04998779296875,488.69000244140625,477.54998779296875,486.30999755859375,0
2002-09-19,469.55999755859375,469.55999755859375,484.04998779296875,469.510009765625,484.04998779296875,0
2002-09-20,470.5299987792969,470.5299987792969,473.05999755859375,467.4599914550781,469.55999755859375,0
2002-09-23,464.010009765625,464.010009765625,470.5299987792969,460.3399963378906,470.5299987792969,0
2002-09-24,456.44000244140625,456.44000244140625,464.010009765625,455.44000244140625,464.010009765625,0
2002-09-25,467.6700134277344,467.6700134277344,469.7799987792969,456.1300048828125,456.42999267578125,0
2002-09-26,475.8699951171875,475.8699951171875,476.5,467.6700134277344,467.6700134277344,0
2002-09-27,461.2099914550781,461.2099914550781,475.8699951171875,460.94000244140625,475.8699951171875,0
2002-09-30,455.4100036621094,455.4100036621094,461.2099914550781,446.95001220703125,461.2099914550781,0
2002-10-01,472.010009765625,472.010009765625,472.0199890136719,453.5,455.4100036621094,0
2002-10-02,460.80999755859375,460.80999755859375,473.94000244140625,460.29998779296875,469.80999755859375,0
2002-10-03,455.5400085449219,455.5400085449219,466.95001220703125,454.8800048828125,460.80999755859375,0
2002-10-04,444.92999267578125,444.92999267578125,458.9700012207031,441.6199951171875,455.5400085449219,0
2002-10-07,436.0299987792969,436.0299987792969,448.1199951171875,434.7900085449219,444.92999267578125,0
2002-10-08,442.55999755859375,442.55999755859375,447.69000244140625,432.3999938964844,436.0299987792969,0
2002-10-09,430.1600036621094,430.1600036621094,442.55999755859375,429.92999267578125,442.55999755859375,0
2002-10-10,445.239990234375,445.239990234375,446.3699951171875,426.0799865722656,430.1600036621094,0
2002-10-11,462.0,462.0,466.510009765625,445.239990234375,445.239990234375,0
2002-10-14,465.5199890136719,465.5199890136719,466.82000732421875,458.2799987792969,462.0,0
2002-10-15,487.0799865722656,487.0799865722656,487.0799865722656,465.5199890136719,465.5199890136719,0
2002-10-16,475.0400085449219,475.0400085449219,487.0799865722656,473.1099853515625,487.0799865722656,0
2002-10-17,486.69000244140625,486.69000244140625,489.17999267578125,475.0400085449219,475.0400085449219,0
2002-10-18,489.0400085449219,489.0400085449219,490.3599853515625,479.7699890136719,486.69000244140625,0
2002-10-21,497.3500061035156,497.3500061035156,497.7799987792969,483.0199890136719,489.0400085449219,0
2002-10-22,491.6700134277344,491.6700134277344,497.3500061035156,487.9700012207031,497.3500061035156,0
2002-10-23,495.2300109863281,495.2300109863281,495.239990234375,483.1499938964844,491.6700134277344,0
2002-10-24,487.95001220703125,487.95001220703125,498.57000732421875,486.30999755859375,495.2300109863281,0
2002-10-25,496.4800109863281,496.4800109863281,496.4800109863281,485.1499938964844,487.95001220703125,0
2002-10-28,492.5,492.5,501.6700134277344,490.510009765625,496.4800109863281,0
2002-10-29,487.9700012207031,487.9700012207031,492.54998779296875,480.55999755859375,492.489990234375,0
2002-10-30,493.17999267578125,493.17999267578125,495.2900085449219,486.82000732421875,487.9700012207031,0
2002-10-31,490.95001220703125,490.95001220703125,497.6000061035156,487.8699951171875,493.17999267578125,0
2002-11-01,499.70001220703125,499.70001220703125,500.69000244140625,486.760009765625,490.95001220703125,0
2002-11-04,503.6700134277344,503.6700134277344,512.3699951171875,499.70001220703125,499.70001220703125,0
2002-11-05,506.989990234375,506.989990234375,507.1300048828125,501.75,503.6700134277344,0
2002-11-06,511.9599914550781,511.9599914550781,512.8499755859375,502.2699890136719,506.989990234375,0
2002-11-07,500.2200012207031,500.2200012207031,511.9599914550781,498.32000732421875,511.9599914550781,0
2002-11-08,495.4599914550781,495.4599914550781,503.8500061035156,493.79998779296875,500.2200012207031,0
2002-11-11,485.05999755859375,485.05999755859375,495.4599914550781,484.32000732421875,495.4599914550781,0
2002-11-12,489.1400146484375,489.1400146484375,495.1300048828125,485.05999755859375,485.05999755859375,0
2002-11-13,488.7699890136719,488.7699890136719,494.1099853515625,483.1499938964844,489.1400146484375,0
2002-11-14,500.7900085449219,500.7900085449219,500.7900085449219,488.7699890136719,488.7699890136719,0
2002-11-15,503.8399963378906,503.8399963378906,504.07000732421875,496.3299865722656,500.7900085449219,0
2002-11-18,498.8599853515625,498.8599853515625,507.20001220703125,498.4599914550781,503.8399963378906,0
2002-11-19,496.5299987792969,496.5299987792969,501.1300048828125,494.739990234375,498.8599853515625,0
2002-11-20,506.19000244140625,506.19000244140625,506.3399963378906,495.6499938964844,496.5299987792969,0
2002-11-21,517.3400268554688,517.3400268554688,518.0499877929688,506.19000244140625,506.19000244140625,0
2002-11-22,516.1099853515625,516.1099853515625,519.6099853515625,514.5900268554688,517.3499755859375,0
2002-11-25,518.0399780273438,518.0399780273438,520.030029296875,512.6300048828125,516.1099853515625,0
2002-11-26,507.32000732421875,507.32000732421875,518.0399780273438,506.6000061035156,518.0399780273438,0
2002-11-27,521.4000244140625,521.4000244140625,521.8699951171875,507.32000732421875,507.32000732421875,0
2002-11-29,519.7100219726562,519.7100219726562,522.8599853515625,519.3400268554688,521.4000244140625,0
2002-12-02,519.0499877929688,519.0499877929688,529.3800048828125,515.4099731445312,519.719970703125,0
2002-12-03,511.1199951171875,511.1199951171875,519.0499877929688,510.3399963378906,519.0499877929688,0
2002-12-04,509.1000061035156,509.1000061035156,513.1500244140625,504.69000244140625,511.1199951171875,0
2002-12-05,503.5400085449219,503.5400085449219,511.32000732421875,503.05999755859375,509.1000061035156,0
2002-12-06,506.6300048828125,506.6300048828125,508.19000244140625,497.9200134277344,503.5400085449219,0
2002-12-09,495.3900146484375,495.3900146484375,506.6300048828125,495.32000732421875,506.6300048828125,0
2002-12-10,502.3500061035156,502.3500061035156,502.6199951171875,495.3900146484375,495.3900146484375,0
2002-12-11,502.75,502.75,505.2099914550781,498.19000244140625,502.3500061035156,0
2002-12-12,501.2799987792969,501.2799987792969,504.7300109863281,499.1300048828125,502.75,0
2002-12-13,494.55999755859375,494.55999755859375,501.2799987792969,494.1000061035156,501.2799987792969,0
2002-12-16,505.70001220703125,505.70001220703125,505.7099914550781,494.55999755859375,494.55999755859375,0
2002-12-17,501.6499938964844,501.6499938964844,506.07000732421875,501.0199890136719,505.70001220703125,0
2002-12-18,494.9200134277344,494.9200134277344,501.6499938964844,493.45001220703125,501.6499938964844,0
2002-12-19,491.3999938964844,491.3999938964844,499.30999755859375,489.1600036621094,494.239990234375,0
2002-12-20,497.70001220703125,497.70001220703125,498.4200134277344,491.3900146484375,491.3900146484375,0
2002-12-23,498.92999267578125,498.92999267578125,501.2200012207031,495.8599853515625,497.69000244140625,0
2002-12-24,496.2699890136719,496.2699890136719,498.92999267578125,496.17999267578125,498.92999267578125,0
2002-12-26,495.1199951171875,495.1199951171875,502.30999755859375,493.94000244140625,496.2699890136719,0
2002-12-27,487.3500061035156,487.3500061035156,495.3500061035156,486.5899963378906,495.1199951171875,0
2002-12-30,489.010009765625,489.010009765625,490.3800048828125,484.20001220703125,487.3500061035156,0
2002-12-31,489.489990234375,489.489990234375,491.05999755859375,483.8800048828125,489.010009765625,0
2003-01-02,505.17999267578125,505.17999267578125,505.17999267578125,489.489990234375,489.489990234375,0
2003-01-03,504.7699890136719,504.7699890136719,506.2300109863281,502.1000061035156,505.17999267578125,0
2003-01-06,516.0399780273438,516.0399780273438,517.530029296875,504.7699890136719,504.7699890136719,0
2003-01-07,512.4500122070312,512.4500122070312,516.6500244140625,510.7699890136719,516.0399780273438,0
2003-01-08,505.30999755859375,505.30999755859375,512.4500122070312,504.5299987792969,512.4500122070312,0
2003-01-09,514.739990234375,514.739990234375,515.0399780273438,505.30999755859375,505.30999755859375,0
2003-01-10,514.8699951171875,514.8699951171875,517.6900024414062,509.4700012207031,514.739990234375,0
2003-01-13,514.2000122070312,514.2000122070312,519.0700073242188,511.92999267578125,514.8699951171875,0
2003-01-14,517.1300048828125,517.1300048828125,517.1300048828125,511.8500061035156,514.2000122070312,0
2003-01-15,510.1199951171875,510.1199951171875,517.6599731445312,509.05999755859375,517.1300048828125,0
2003-01-16,508.20001220703125,508.20001220703125,514.4099731445312,506.82000732421875,510.1199951171875,0
2003-01-17,501.1099853515625,501.1099853515625,508.20001220703125,499.7300109863281,508.20001220703125,0
2003-01-21,493.5199890136719,493.5199890136719,503.239990234375,493.5199890136719,501.1099853515625,0
2003-01-22,488.760009765625,488.760009765625,494.510009765625,488.3800048828125,493.5199890136719,0
2003-01-23,493.6499938964844,493.6499938964844,495.010009765625,488.0,488.760009765625,0
2003-01-24,479.760009765625,479.760009765625,493.5400085449219,478.9800109863281,493.5400085449219,0
2003-01-27,471.8800048828125,471.8800048828125,480.7300109863281,470.510009765625,479.760009765625,0
2003-01-28,477.94000244140625,477.94000244140625,479.0,471.8800048828125,471.8800048828125,0
2003-01-29,481.04998779296875,481.04998779296875,483.260009765625,471.1600036621094,477.94000244140625,0
2003-01-30,470.57000732421875,470.57000732421875,481.7099914550781,470.1499938964844,481.04998779296875,0
2003-01-31,476.9100036621094,476.9100036621094,478.0,468.3599853515625,470.57000732421875,0
2003-02-03,478.7799987792969,478.7799987792969,481.3399963378906,476.9100036621094,476.9100036621094,0
2003-02-04,472.55999755859375,472.55999755859375,478.7799987792969,468.25,478.7799987792969,0
2003-02-05,470.07000732421875,470.07000732421875,479.6499938964844,469.3299865722656,472.55999755859375,0
2003-02-06,467.04998779296875,467.04998779296875,470.5,464.6099853515625,470.07000732421875,0
2003-02-07,462.1600036621094,462.1600036621094,471.010009765625,460.8699951171875,467.04998779296875,0
2003-02-10,465.6099853515625,465.6099853515625,465.8999938964844,458.8900146484375,462.1600036621094,0
2003-02-11,462.010009765625,462.010009765625,469.2799987792969,459.7699890136719,465.6099853515625,0
2003-02-12,455.92999267578125,455.92999267578125,463.3900146484375,455.8399963378906,462.010009765625,0
2003-02-13,454.9599914550781,454.9599914550781,456.80999755859375,449.1000061035156,455.92999267578125,0
2003-02-14,463.7200012207031,463.7200012207031,463.7200012207031,453.739990234375,454.9599914550781,0
2003-02-18,472.8800048828125,472.8800048828125,473.3800048828125,463.7200012207031,463.7200012207031,0
2003-02-19,469.4800109863281,469.4800109863281,472.8800048828125,466.2099914550781,472.8800048828125,0
2003-02-20,465.5400085449219,465.5400085449219,471.6700134277344,465.30999755859375,469.4800109863281,0
2003-02-21,471.7099914550781,471.7099914550781,473.67999267578125,462.6199951171875,465.5400085449219,0
2003-02-24,463.2900085449219,463.2900085449219,471.7099914550781,463.1499938964844,471.7099914550781,0
2003-02-25,466.6700134277344,466.6700134277344,467.1099853515625,455.8299865722656,463.2900085449219,0
2003-02-26,460.7799987792969,460.7799987792969,467.2900085449219,460.2699890136719,466.6700134277344,0
2003-02-27,466.1400146484375,466.1400146484375,468.5899963378906,460.7799987792969,460.7799987792969,0
2003-02-28,468.1499938964844,468.1499938964844,471.19000244140625,466.1400146484375,466.1400146484375,0
2003-03-03,464.9200134277344,464.9200134277344,474.25,463.79998779296875,468.1499938964844,0
2003-03-04,458.1600036621094,458.1600036621094,465.239990234375,458.1099853515625,464.9200134277344,0
2003-03-05,461.9800109863281,461.9800109863281,461.989990234375,456.510009765625,458.1600036621094,0
2003-03-06,457.9100036621094,457.9100036621094,461.9800109863281,456.75,461.9800109863281,0
2003-03-07,461.30999755859375,461.30999755859375,461.69000244140625,452.2300109863281,457.9100036621094,0
2003-03-10,449.9700012207031,449.9700012207031,461.30999755859375,449.5400085449219,461.30999755859375,0
2003-03-11,446.3599853515625,446.3599853515625,453.5,446.05999755859375,449.9700012207031,0
2003-03-12,447.6199951171875,447.6199951171875,447.6199951171875,439.8599853515625,446.3599853515625,0
2003-03-13,462.6700134277344,462.6700134277344,462.7300109863281,447.6199951171875,447.6199951171875,0
2003-03-14,463.239990234375,463.239990234375,467.5199890136719,460.8599853515625,462.6700134277344,0
2003-03-17,479.1000061035156,479.1000061035156,479.1000061035156,459.95001220703125,463.239990234375,0
2003-03-18,481.29998779296875,481.29998779296875,481.4200134277344,476.260009765625,479.1000061035156,0
2003-03-19,484.8500061035156,484.8500061035156,485.32000732421875,478.2799987792969,481.29998779296875,0
2003-03-20,486.2300109863281,486.2300109863281,488.010009765625,476.70001220703125,484.8500061035156,0
2003-03-21,497.1300048828125,497.1300048828125,497.1300048828125,486.2300109863281,486.2300109863281,0
2003-03-24,480.29998779296875,480.29998779296875,497.1600036621094,479.05999755859375,497.1600036621094,0
2003-03-25,486.19000244140625,486.19000244140625,488.6600036621094,479.5299987792969,480.29998779296875,0
2003-03-26,483.3999938964844,483.3999938964844,486.5199890136719,481.6300048828125,486.1000061035156,0
2003-03-27,482.7900085449219,482.7900085449219,485.6300048828125,477.010009765625,483.3999938964844,0
2003-03-28,480.3999938964844,480.3999938964844,483.67999267578125,479.04998779296875,482.7900085449219,0
2003-03-31,472.3900146484375,472.3900146484375,480.3999938964844,469.6099853515625,480.3999938964844,0
2003-04-01,477.9200134277344,477.9200134277344,479.2099914550781,472.1199951171875,472.3900146484375,0
2003-04-02,489.94000244140625,489.94000244140625,491.82000732421875,477.9200134277344,477.9200134277344,0
2003-04-03,487.3999938964844,487.3999938964844,492.3599853515625,487.25,489.94000244140625,0
2003-04-04,488.2300109863281,488.2300109863281,490.6700134277344,486.1000061035156,487.3999938964844,0
2003-04-07,489.0899963378906,489.0899963378906,502.3399963378906,488.2300109863281,488.2300109863281,0
2003-04-08,487.739990234375,487.739990234375,490.3299865722656,485.92999267578125,489.0899963378906,0
2003-04-09,481.42999267578125,481.42999267578125,492.6600036621094,481.1600036621094,487.739990234375,0
2003-04-10,483.989990234375,483.989990234375,484.1099853515625,479.4700012207031,481.42999267578125,0
2003-04-11,482.45001220703125,482.45001220703125,490.32000732421875,481.260009765625,483.989990234375,0
2003-04-14,491.6499938964844,491.6499938964844,491.6600036621094,482.45001220703125,482.45001220703125,0
2003-04-15,494.69000244140625,494.69000244140625,494.79998779296875,489.80999755859375,491.6499938964844,0
2003-04-16,489.1300048828125,489.1300048828125,497.9599914550781,488.07000732421875,494.69000244140625,0
2003-04-17,496.5199890136719,496.5199890136719,496.5899963378906,488.8399963378906,489.1300048828125,0
2003-04-21,496.0199890136719,496.0199890136719,498.9200134277344,493.79998779296875,496.5199890136719,0
2003-04-22,506.29998779296875,506.29998779296875,506.55999755859375,493.1199951171875,496.0199890136719,0
2003-04-23,510.7099914550781,510.7099914550781,511.1000061035156,505.739990234375,506.29998779296875,0
2003-04-24,506.5899963378906,506.5899963378906,510.7099914550781,504.2699890136719,510.7099914550781,0
2003-04-25,499.82000732421875,499.82000732421875,506.5899963378906,499.2099914550781,506.5899963378906,0
2003-04-28,508.55999755859375,508.55999755859375,510.1600036621094,499.82000732421875,499.82000732421875,0
2003-04-29,510.239990234375,510.239990234375,513.72998046875,506.8999938964844,508.55999755859375,0
2003-04-30,510.3299865722656,510.3299865722656,512.9000244140625,507.04998779296875,510.239990234375,0
2003-05-01,510.07000732421875,510.07000732421875,511.8800048828125,502.75,510.3299865722656,0
2003-05-02,518.1099853515625,518.1099853515625,518.260009765625,508.2699890136719,510.07000732421875,0
2003-05-05,516.9400024414062,516.9400024414062,520.489990234375,515.6599731445312,518.1099853515625,0
2003-05-06,521.0700073242188,521.0700073242188,523.6900024414062,516.8499755859375,516.9400024414062,0
2003-05-07,518.5499877929688,518.5499877929688,522.4400024414062,516.7000122070312,521.0700073242188,0
2003-05-08,513.5499877929688,513.5499877929688,518.5499877929688,513.27001953125,518.5499877929688,0
2003-05-09,520.6900024414062,520.6900024414062,520.7000122070312,513.5499877929688,513.5499877929688,0
2003-05-12,527.1699829101562,527.1699829101562,528.010009765625,518.5800170898438,520.6900024414062,0
2003-05-13,525.8900146484375,525.8900146484375,528.6400146484375,524.0900268554688,527.1699829101562,0
2003-05-14,524.5599975585938,524.5599975585938,528.530029296875,522.5,525.8900146484375,0
2003-05-15,528.4400024414062,528.4400024414062,529.2000122070312,524.1799926757812,524.5599975585938,0
2003-05-16,526.8599853515625,526.8599853515625,529.219970703125,524.02001953125,528.4400024414062,0
2003-05-19,514.2999877929688,514.2999877929688,526.8599853515625,514.0599975585938,526.8599853515625,0
2003-05-20,513.760009765625,513.760009765625,516.9400024414062,509.6300048828125,514.2999877929688,0
2003-05-21,516.030029296875,516.030029296875,516.0700073242188,511.20001220703125,513.760009765625,0
2003-05-22,520.9099731445312,520.9099731445312,522.6799926757812,515.5800170898438,516.030029296875,0
2003-05-23,522.3499755859375,522.3499755859375,523.239990234375,518.7000122070312,520.9099731445312,0
2003-05-27,532.510009765625,532.510009765625,533.0499877929688,519.3099975585938,522.3499755859375,0
2003-05-28,533.47998046875,533.47998046875,536.6799926757812,531.8699951171875,532.510009765625,0
2003-05-29,531.9000244140625,531.9000244140625,538.4099731445312,529.97998046875,533.47998046875,0
2003-05-30,540.219970703125,540.219970703125,540.6400146484375,531.9000244140625,531.9000244140625,0
2003-06-02,542.2899780273438,542.2899780273438,548.8699951171875,540.219970703125,540.219970703125,0
2003-06-03,544.5399780273438,544.5399780273438,545.1699829101562,540.6699829101562,542.2899780273438,0
2003-06-04,552.8499755859375,552.8499755859375,553.6900024414062,544.1900024414062,544.5399780273438,0
2003-06-05,555.6599731445312,555.6599731445312,555.6599731445312,548.3099975585938,552.8499755859375,0
2003-06-06,554.260009765625,554.260009765625,565.719970703125,553.469970703125,555.6599731445312,0
2003-06-09,546.8099975585938,546.8099975585938,554.260009765625,545.1799926757812,554.260009765625,0
2003-06-10,552.010009765625,552.010009765625,552.010009765625,546.8099975585938,546.8099975585938,0
2003-06-11,558.9099731445312,558.9099731445312,558.9099731445312,549.8699951171875,552.010009765625,0
2003-06-12,559.6300048828125,559.6300048828125,561.780029296875,555.780029296875,558.9099731445312,0
2003-06-13,553.780029296875,553.780029296875,560.7999877929688,551.6099853515625,559.6300048828125,0
2003-06-16,565.7899780273438,565.7899780273438,565.8400268554688,553.780029296875,553.780029296875,0
2003-06-17,566.3599853515625,566.3599853515625,568.22998046875,563.6500244140625,565.7899780273438,0
2003-06-18,565.3499755859375,565.3499755859375,567.989990234375,562.3400268554688,566.3599853515625,0
2003-06-19,556.8599853515625,556.8599853515625,566.0900268554688,556.010009765625,565.3499755859375,0
2003-06-20,557.219970703125,557.219970703125,560.3200073242188,556.0399780273438,556.8599853515625,0
2003-06-23,548.7999877929688,548.7999877929688,557.2100219726562,546.6699829101562,557.2100219726562,0
2003-06-24,549.719970703125,549.719970703125,552.030029296875,547.1099853515625,548.7999877929688,0
2003-06-25,546.3699951171875,546.3699951171875,554.510009765625,546.0700073242188,549.719970703125,0
2003-06-26,552.4000244140625,552.4000244140625,552.7100219726562,545.6699829101562,546.3699951171875,0
2003-06-27,547.75,547.75,554.5399780273438,546.739990234375,552.4000244140625,0
2003-06-30,546.739990234375,546.739990234375,551.8200073242188,546.22998046875,547.75,0
2003-07-01,550.739990234375,550.739990234375,551.1300048828125,539.8300170898438,546.739990234375,0
2003-07-02,557.72998046875,557.72998046875,557.72998046875,550.739990234375,550.739990234375,0
2003-07-03,553.5999755859375,553.5999755859375,558.2999877929688,552.4199829101562,557.72998046875,0
2003-07-07,564.1500244140625,564.1500244140625,564.47998046875,553.5999755859375,553.5999755859375,0
2003-07-08,566.780029296875,566.780029296875,567.4400024414062,561.22998046875,564.1500244140625,0
2003-07-09,564.5800170898438,564.5800170898438,568.1900024414062,562.030029296875,566.780029296875,0
2003-07-10,556.780029296875,556.780029296875,564.5800170898438,554.25,564.5800170898438,0
2003-07-11,562.0,562.0,563.219970703125,556.780029296875,556.780029296875,0
2003-07-14,565.8599853515625,565.8599853515625,571.6300048828125,562.0,562.0,0
2003-07-15,563.6799926757812,563.6799926757812,568.9299926757812,561.5499877929688,565.8599853515625,0
2003-07-16,560.030029296875,560.030029296875,565.3400268554688,557.5,563.6799926757812,0
2003-07-17,552.0800170898438,552.0800170898438,560.030029296875,550.5,560.030029296875,0
2003-07-18,558.280029296875,558.280029296875,558.780029296875,552.0800170898438,552.0800170898438,0
2003-07-21,550.2899780273438,550.2899780273438,558.280029296875,548.8200073242188,558.280029296875,0
2003-07-22,555.6400146484375,555.6400146484375,556.4099731445312,548.8800048828125,550.2899780273438,0
2003-07-23,556.3400268554688,556.3400268554688,556.9400024414062,551.3499755859375,555.6400146484375,0
2003-07-24,552.7899780273438,552.7899780273438,562.0499877929688,552.510009765625,556.3400268554688,0
2003-07-25,561.3599853515625,561.3599853515625,561.4199829101562,550.2999877929688,552.7899780273438,0
2003-07-28,561.0599975585938,561.0599975585938,562.9600219726562,559.0700073242188,561.3599853515625,0
2003-07-29,557.75,557.75,562.3300170898438,554.6400146484375,561.0599975585938,0
2003-07-30,556.8599853515625,556.8599853515625,559.4299926757812,555.77001953125,557.75,0
2003-07-31,558.52001953125,558.52001953125,565.6400146484375,556.8599853515625,556.8599853515625,0
2003-08-01,552.47998046875,552.47998046875,558.52001953125,551.9000244140625,558.52001953125,0
2003-08-04,553.280029296875,553.280029296875,554.9099731445312,544.97998046875,552.47998046875,0
2003-08-05,543.7000122070312,543.7000122070312,553.280029296875,543.469970703125,553.280029296875,0
2003-08-06,543.8499755859375,543.8499755859375,548.530029296875,540.8499755859375,543.7000122070312,0
2003-08-07,547.1300048828125,547.1300048828125,547.3699951171875,542.0,543.8499755859375,0
2003-08-08,548.8599853515625,548.8599853515625,550.1400146484375,546.9299926757812,550.1300048828125,0
2003-08-11,550.9400024414062,550.9400024414062,553.260009765625,547.4600219726562,548.8599853515625,0
2003-08-12,556.6699829101562,556.6699829101562,556.6900024414062,550.9000244140625,550.9400024414062,0
2003-08-13,553.6099853515625,553.6099853515625,557.7999877929688,552.030029296875,556.6699829101562,0
2003-08-14,557.1799926757812,557.1799926757812,557.72998046875,551.72998046875,553.6099853515625,0
2003-08-15,557.5700073242188,557.5700073242188,558.4500122070312,555.239990234375,557.1799926757812,0
2003-08-18,563.1500244140625,563.1500244140625,563.3200073242188,557.5700073242188,557.5700073242188,0
2003-08-19,565.2999877929688,565.2999877929688,565.4400024414062,561.4500122070312,563.1500244140625,0
2003-08-20,564.47998046875,564.47998046875,566.02001953125,562.1400146484375,565.2999877929688,0
2003-08-21,566.9000244140625,566.9000244140625,569.6400146484375,564.47998046875,564.47998046875,0
2003-08-22,560.7899780273438,560.7899780273438,571.0599975585938,560.5999755859375,566.9000244140625,0
2003-08-25,560.6099853515625,560.6099853515625,560.8400268554688,557.5599975585938,560.7899780273438,0
2003-08-26,562.3400268554688,562.3400268554688,562.780029296875,554.8400268554688,560.6099853515625,0
2003-08-27,563.1799926757812,563.1799926757812,563.6400146484375,560.6699829101562,562.3400268554688,0
2003-08-28,567.0499877929688,567.0499877929688,567.6199951171875,560.3099975585938,563.1799926757812,0
2003-08-29,570.02001953125,570.02001953125,570.5999755859375,565.3699951171875,567.0499877929688,0
2003-09-02,578.0900268554688,578.0900268554688,578.27001953125,568.7899780273438,570.02001953125,0
2003-09-03,580.5399780273438,580.5399780273438,582.239990234375,578.0900268554688,578.0900268554688,0
2003-09-04,581.739990234375,581.739990234375,582.3200073242188,578.469970703125,580.5399780273438,0
2003-09-05,578.1500244140625,578.1500244140625,582.489990234375,576.4500122070312,581.739990234375,0
2003-09-08,584.3699951171875,584.3699951171875,584.5900268554688,578.1500244140625,578.1500244140625,0
2003-09-09,579.8499755859375,579.8499755859375,584.3699951171875,578.72998046875,584.3699951171875,0
2003-09-10,571.7999877929688,571.7999877929688,579.8499755859375,571.2999877929688,579.8499755859375,0
2003-09-11,575.1900024414062,575.1900024414062,577.3599853515625,571.7999877929688,571.7999877929688,0
2003-09-12,576.5800170898438,576.5800170898438,577.1400146484375,570.2899780273438,575.1900024414062,0
2003-09-15,574.469970703125,574.469970703125,577.3400268554688,574.0399780273438,576.5800170898438,0
2003-09-16,582.510009765625,582.510009765625,582.6099853515625,574.469970703125,574.469970703125,0
2003-09-17,580.9500122070312,580.9500122070312,583.6599731445312,580.0599975585938,582.510009765625,0
2003-09-18,588.22998046875,588.22998046875,588.4600219726562,580.6500244140625,580.9500122070312,0
2003-09-19,586.6500244140625,586.6500244140625,588.5399780273438,584.3200073242188,588.22998046875,0
2003-09-22,579.1300048828125,579.1300048828125,586.6500244140625,576.8900146484375,586.6500244140625,0
2003-09-23,582.9000244140625,582.9000244140625,583.3499755859375,578.7899780273438,579.1300048828125,0
2003-09-24,571.8900146484375,571.8900146484375,583.3800048828125,571.72998046875,582.9000244140625,0
2003-09-25,567.22998046875,567.22998046875,574.4600219726562,567.219970703125,571.8900146484375,0
2003-09-26,562.8200073242188,562.8200073242188,567.239990234375,562.7100219726562,567.22998046875,0
2003-09-29,568.5599975585938,568.5599975585938,568.5900268554688,561.7999877929688,562.8200073242188,0
2003-09-30,563.0599975585938,563.0599975585938,568.5599975585938,559.75,568.5599975585938,0
2003-10-01,575.469970703125,575.469970703125,575.469970703125,563.0599975585938,563.0599975585938,0
2003-10-02,577.0499877929688,577.0499877929688,577.8900146484375,573.1099853515625,575.469970703125,0
2003-10-03,582.9199829101562,582.9199829101562,587.7100219726562,577.0499877929688,577.0499877929688,0
2003-10-06,585.7100219726562,585.7100219726562,586.5499877929688,582.6199951171875,582.9199829101562,0
2003-10-07,588.7000122070312,588.7000122070312,588.7000122070312,581.3900146484375,585.7100219726562,0
2003-10-08,585.52001953125,585.52001953125,589.1599731445312,584.0800170898438,588.7000122070312,0
2003-10-09,588.6400146484375,588.6400146484375,594.030029296875,585.52001953125,585.52001953125,0
2003-10-10,588.1699829101562,588.1699829101562,589.760009765625,586.7899780273438,588.6400146484375,0
2003-10-13,592.9099731445312,592.9099731445312,594.7000122070312,588.1699829101562,588.1699829101562,0
2003-10-14,595.3800048828125,595.3800048828125,595.3800048828125,590.4000244140625,592.9099731445312,0
2003-10-15,593.219970703125,593.219970703125,597.8300170898438,591.510009765625,595.3800048828125,0
2003-10-16,595.2000122070312,595.2000122070312,596.6900024414062,591.77001953125,593.219970703125,0
2003-10-17,588.7100219726562,588.7100219726562,595.9600219726562,587.3800048828125,595.2000122070312,0
2003-10-20,591.3900146484375,591.3900146484375,591.3900146484375,587.0599975585938,588.7100219726562,0
2003-10-21,592.6599731445312,592.6599731445312,593.9000244140625,590.4600219726562,591.3900146484375,0
2003-10-22,583.469970703125,583.469970703125,592.6599731445312,582.6199951171875,592.6599731445312,0
2003-10-23,584.9000244140625,584.9000244140625,586.030029296875,580.47998046875,583.469970703125,0
2003-10-24,582.4000244140625,582.4000244140625,584.9000244140625,576.8599853515625,584.9000244140625,0
2003-10-27,584.739990234375,584.739990234375,587.97998046875,582.4000244140625,582.4000244140625,0
2003-10-28,593.7899780273438,593.7899780273438,593.7999877929688,584.739990234375,584.739990234375,0
2003-10-29,595.239990234375,595.239990234375,595.9000244140625,592.0800170898438,593.7899780273438,0
2003-10-30,594.5,594.5,598.2000122070312,593.0599975585938,595.239990234375,0
2003-10-31,596.280029296875,596.280029296875,597.739990234375,594.5,594.5,0
2003-11-03,601.7100219726562,601.7100219726562,602.780029296875,596.280029296875,596.280029296875,0
2003-11-04,598.8400268554688,598.8400268554688,601.7100219726562,598.0900268554688,601.7100219726562,0
2003-11-05,598.4199829101562,598.4199829101562,599.5599975585938,594.02001953125,598.8400268554688,0
2003-11-06,602.0399780273438,602.0399780273438,602.4099731445312,595.8499755859375,598.4199829101562,0
2003-11-07,599.780029296875,599.780029296875,604.5700073242188,599.239990234375,602.0399780273438,0
2003-11-10,595.47998046875,595.47998046875,600.0499877929688,594.7899780273438,599.780029296875,0
2003-11-11,594.4600219726562,594.4600219726562,595.8599853515625,592.77001953125,595.47998046875,0
2003-11-12,602.219970703125,602.219970703125,602.219970703125,594.4600219726562,594.4600219726562,0
2003-11-13,602.6099853515625,602.6099853515625,603.3200073242188,599.6799926757812,602.219970703125,0
2003-11-14,597.6400146484375,597.6400146484375,605.6300048828125,596.6699829101562,602.6099853515625,0
2003-11-17,593.5,593.5,597.6400146484375,588.7899780273438,597.6400146484375,0
2003-11-18,588.1599731445312,588.1599731445312,596.739990234375,588.0900268554688,593.5,0
2003-11-19,592.5999755859375,592.5999755859375,593.4500122070312,587.969970703125,588.1599731445312,0
2003-11-20,587.9000244140625,587.9000244140625,594.9400024414062,587.7100219726562,592.5999755859375,0
2003-11-21,589.1500244140625,589.1500244140625,590.1900024414062,586.8200073242188,587.9000244140625,0
2003-11-24,599.2100219726562,599.2100219726562,599.2100219726562,589.1500244140625,589.1500244140625,0
2003-11-25,600.7100219726562,600.7100219726562,602.8599853515625,597.8499755859375,599.2100219726562,0
2003-11-26,603.239990234375,603.239990234375,603.239990234375,597.6199951171875,600.7100219726562,0
2003-11-28,603.5399780273438,603.5399780273438,604.72998046875,602.5399780273438,603.239990234375,0
2003-12-01,610.6799926757812,610.6799926757812,610.739990234375,603.5399780273438,603.5399780273438,0
2003-12-02,608.989990234375,608.989990234375,611.6799926757812,608.4099731445312,610.6799926757812,0
2003-12-03,606.77001953125,606.77001953125,612.8300170898438,606.6900024414062,608.989990234375,0
2003-12-04,608.6300048828125,608.6300048828125,609.0,604.6199951171875,606.77001953125,0
2003-12-05,603.7100219726562,603.7100219726562,608.6300048828125,602.8800048828125,608.6300048828125,0
2003-12-08,608.0900268554688,608.0900268554688,608.0999755859375,603.3900146484375,603.7100219726562,0
2003-12-09,602.1699829101562,602.1699829101562,609.52001953125,601.6900024414062,608.0900268554688,0
2003-12-10,600.5800170898438,600.5800170898438,603.3599853515625,597.510009765625,602.1699829101562,0
2003-12-11,608.47998046875,608.47998046875,609.6199951171875,600.5800170898438,600.5800170898438,0
2003-12-12,610.3300170898438,610.3300170898438,610.3900146484375,606.3900146484375,608.47998046875,0
2003-12-15,605.8900146484375,605.8900146484375,615.3300170898438,605.8699951171875,610.3300170898438,0
2003-12-16,609.3400268554688,609.3400268554688,609.739990234375,604.969970703125,605.8900146484375,0
2003-12-17,610.1900024414062,610.1900024414062,610.239990234375,606.8200073242188,609.3400268554688,0
2003-12-18,617.5599975585938,617.5599975585938,617.760009765625,610.1799926757812,610.1799926757812,0
2003-12-19,617.27001953125,617.27001953125,618.3599853515625,614.530029296875,617.5599975585938,0
2003-12-22,619.5499877929688,619.5499877929688,619.5499877929688,615.77001953125,617.27001953125,0
2003-12-23,621.77001953125,621.77001953125,621.8699951171875,618.8400268554688,619.5499877929688,0
2003-12-24,620.6300048828125,620.6300048828125,621.8400268554688,619.8699951171875,621.77001953125,0
2003-12-26,621.7899780273438,621.7899780273438,623.2100219726562,620.6300048828125,620.6300048828125,0
2003-12-29,629.6300048828125,629.6300048828125,629.6400146484375,621.7899780273438,621.7899780273438,0
2003-12-30,629.9600219726562,629.9600219726562,629.9600219726562,627.9099731445312,629.6300048828125,0
2003-12-31,630.1300048828125,630.1300048828125,631.6599731445312,627.6799926757812,629.9600219726562,0
2004-01-02,628.8800048828125,628.8800048828125,634.1699829101562,627.0399780273438,630.1300048828125,0
2004-01-05,636.4199829101562,636.4199829101562,636.4299926757812,628.8800048828125,628.8800048828125,0
2004-01-06,637.3200073242188,637.3200073242188,638.010009765625,634.530029296875,636.4199829101562,0
2004-01-07,639.219970703125,639.219970703125,639.219970703125,633.5999755859375,637.3200073242188,0
2004-01-08,642.47998046875,642.47998046875,642.47998046875,638.4400024414062,639.219970703125,0
2004-01-09,637.4099731445312,637.4099731445312,642.8200073242188,636.9099731445312,642.47998046875,0
2004-01-12,640.9400024414062,640.9400024414062,641.1599731445312,636.969970703125,637.4099731445312,0
2004-01-13,637.5599975585938,637.5599975585938,641.8099975585938,634.0700073242188,640.9400024414062,0
2004-01-14,642.6500244140625,642.6500244140625,642.6500244140625,637.5599975585938,637.5599975585938,0
2004-01-15,643.510009765625,643.510009765625,646.1199951171875,638.97998046875,642.6500244140625,0
2004-01-16,648.0800170898438,648.0800170898438,648.2000122070312,643.510009765625,643.510009765625,0
2004-01-20,648.5599975585938,648.5599975585938,650.0900268554688,645.9400024414062,648.0800170898438,0
2004-01-21,652.9500122070312,652.9500122070312,653.6699829101562,645.8300170898438,648.5599975585938,0
2004-01-22,650.7000122070312,650.7000122070312,654.739990234375,650.4400024414062,652.9500122070312,0
2004-01-23,649.719970703125,649.719970703125,654.260009765625,646.8599853515625,650.7000122070312,0
2004-01-26,657.239990234375,657.239990234375,657.239990234375,649.0800170898438,649.719970703125,0
2004-01-27,650.989990234375,650.989990234375,657.239990234375,650.989990234375,657.239990234375,0
2004-01-28,641.77001953125,641.77001953125,653.5,640.7999877929688,650.989990234375,0
2004-01-29,643.7000122070312,643.7000122070312,644.260009765625,637.0999755859375,641.77001953125,0
2004-01-30,642.6099853515625,642.6099853515625,643.7000122070312,640.489990234375,643.7000122070312,0
2004-02-02,644.5499877929688,644.5499877929688,648.6699829101562,640.3599853515625,642.6099853515625,0
2004-02-03,644.5499877929688,644.5499877929688,645.5499877929688,642.239990234375,644.5499877929688,0
2004-02-04,638.1300048828125,638.1300048828125,644.5499877929688,637.489990234375,644.5499877929688,0
2004-02-05,639.489990234375,639.489990234375,640.9600219726562,637.1599731445312,638.1300048828125,0
2004-02-06,648.4600219726562,648.4600219726562,648.469970703125,639.489990234375,639.489990234375,0
2004-02-09,647.3800048828125,647.3800048828125,650.02001953125,647.1199951171875,648.4600219726562,0
2004-02-10,651.02001953125,651.02001953125,651.2999877929688,646.8200073242188,647.3800048828125,0
2004-02-11,657.6900024414062,657.6900024414062,657.97998046875,649.3599853515625,651.02001953125,0
2004-02-12,654.4000244140625,654.4000244140625,657.6900024414062,654.1199951171875,657.6900024414062,0
2004-02-13,650.5700073242188,650.5700073242188,657.0700073242188,649.3800048828125,654.4000244140625,0
2004-02-17,656.9199829101562,656.9199829101562,657.8300170898438,650.5700073242188,650.5700073242188,0
2004-02-18,654.1500244140625,654.1500244140625,657.239990234375,652.9199829101562,656.9199829101562,0
2004-02-19,650.6400146484375,650.6400146484375,658.02001953125,650.510009765625,654.1500244140625,0
2004-02-20,648.6500244140625,648.6500244140625,652.02001953125,645.5800170898438,650.6400146484375,0
2004-02-23,645.77001953125,645.77001953125,650.1400146484375,644.030029296875,648.6500244140625,0
2004-02-24,644.8900146484375,644.8900146484375,648.010009765625,642.47998046875,645.77001953125,0
2004-02-25,648.27001953125,648.27001953125,648.8200073242188,644.8900146484375,644.8900146484375,0
2004-02-26,649.8099975585938,649.8099975585938,650.7899780273438,645.5900268554688,648.27001953125,0
2004-02-27,650.239990234375,650.239990234375,653.47998046875,648.2100219726562,650.3200073242188,0
2004-03-01,657.010009765625,657.010009765625,657.5599975585938,650.22998046875,650.239990234375,0
2004-03-02,653.239990234375,653.239990234375,657.510009765625,652.4400024414062,657.010009765625,0
2004-03-03,654.0700073242188,654.0700073242188,654.9199829101562,649.72998046875,653.239990234375,0
2004-03-04,656.8099975585938,656.8099975585938,656.8200073242188,653.2999877929688,654.0700073242188,0
2004-03-05,658.3800048828125,658.3800048828125,661.719970703125,653.3300170898438,656.8099975585938,0
2004-03-08,652.760009765625,652.760009765625,660.3699951171875,652.6799926757812,658.3800048828125,0
2004-03-09,648.5,648.5,652.760009765625,646.510009765625,652.760009765625,0
2004-03-10,638.8800048828125,638.8800048828125,649.2999877929688,638.22998046875,648.5,0
2004-03-11,629.6199951171875,629.6199951171875,640.4600219726562,629.219970703125,638.8800048828125,0
2004-03-12,638.1500244140625,638.1500244140625,638.1500244140625,629.6199951171875,629.6199951171875,0
2004-03-15,628.280029296875,628.280029296875,638.1500244140625,627.9600219726562,638.1500244140625,0
2004-03-16,631.2899780273438,631.2899780273438,633.7999877929688,626.9099731445312,628.280029296875,0
2004-03-17,639.0599975585938,639.0599975585938,639.9600219726562,631.2899780273438,631.2899780273438,0
2004-03-18,637.77001953125,637.77001953125,639.5800170898438,632.75,639.0599975585938,0
2004-03-19,631.1199951171875,631.1199951171875,638.0800170898438,631.0399780273438,637.77001953125,0
2004-03-22,622.4199829101562,622.4199829101562,631.1199951171875,619.6099853515625,631.1199951171875,0
2004-03-23,621.9500122070312,621.9500122070312,626.219970703125,620.510009765625,622.4199829101562,0
2004-03-24,620.1500244140625,620.1500244140625,624.1300048828125,618.0900268554688,621.9500122070312,0
2004-03-25,630.75,630.75,631.22998046875,620.1500244140625,620.1500244140625,0
2004-03-26,630.3599853515625,630.3599853515625,634.25,629.1699829101562,630.75,0
2004-03-29,638.739990234375,638.739990234375,639.47998046875,630.3599853515625,630.3599853515625,0
2004-03-30,641.7100219726562,641.7100219726562,641.8800048828125,637.1699829101562,638.739990234375,0
2004-03-31,641.6799926757812,641.6799926757812,643.8900146484375,638.530029296875,641.7100219726562,0
2004-04-01,645.7100219726562,645.7100219726562,647.2899780273438,641.6799926757812,641.6799926757812,0
2004-04-02,651.0800170898438,651.0800170898438,652.8400268554688,645.7100219726562,645.7100219726562,0
2004-04-05,655.6599731445312,655.6599731445312,655.6599731445312,650.4000244140625,651.0499877929688,0
2004-04-06,653.3800048828125,653.3800048828125,655.6599731445312,650.989990234375,655.6599731445312,0
2004-04-07,650.0499877929688,650.0499877929688,653.3800048828125,648.280029296875,653.3800048828125,0
2004-04-08,648.8800048828125,648.8800048828125,654.7000122070312,646.5999755859375,650.0499877929688,0
2004-04-12,651.5900268554688,651.5900268554688,652.9299926757812,648.8800048828125,648.8800048828125,0
2004-04-13,642.0399780273438,642.0399780273438,653.0499877929688,641.0800170898438,651.5900268554688,0
2004-04-14,640.7000122070312,640.7000122070312,643.6300048828125,637.3800048828125,642.0399780273438,0
2004-04-15,640.8900146484375,640.8900146484375,644.1599731445312,636.3699951171875,640.7000122070312,0
2004-04-16,643.969970703125,643.969970703125,645.3300170898438,639.4600219726562,640.8900146484375,0
2004-04-19,645.280029296875,645.280029296875,645.4099731445312,641.22998046875,643.969970703125,0
2004-04-20,635.1400146484375,635.1400146484375,647.4500122070312,635.1400146484375,645.280029296875,0
2004-04-21,639.010009765625,639.010009765625,639.5999755859375,633.9600219726562,635.1400146484375,0
2004-04-22,648.1699829101562,648.1699829101562,649.530029296875,637.9000244140625,639.010009765625,0
2004-04-23,647.97998046875,647.97998046875,649.1300048828125,644.52001953125,648.1699829101562,0
2004-04-26,645.6599731445312,645.6599731445312,651.030029296875,644.3499755859375,647.97998046875,0
2004-04-27,646.8599853515625,646.8599853515625,651.7999877929688,645.6599731445312,645.6599731445312,0
2004-04-28,637.4500122070312,637.4500122070312,646.8599853515625,636.8400268554688,646.8599853515625,0
2004-04-29,631.7999877929688,631.7999877929688,640.8300170898438,628.5399780273438,637.4500122070312,0
2004-04-30,627.7100219726562,627.7100219726562,634.7899780273438,627.5800170898438,631.7999877929688,0
2004-05-03,633.5900268554688,633.5900268554688,634.27001953125,627.7100219726562,627.7100219726562,0
2004-05-04,635.0399780273438,635.0399780273438,639.72998046875,631.3800048828125,633.5900268554688,0
2004-05-05,636.469970703125,636.469970703125,638.47998046875,634.260009765625,635.0399780273438,0
2004-05-06,631.72998046875,631.72998046875,636.469970703125,627.219970703125,636.469970703125,0
2004-05-07,622.2000122070312,622.2000122070312,633.6400146484375,622.1799926757812,631.72998046875,0
2004-05-10,614.5800170898438,614.5800170898438,622.2000122070312,610.4000244140625,622.2000122070312,0
2004-05-11,620.25,620.25,620.3800048828125,614.5800170898438,614.5800170898438,0
2004-05-12,620.9099731445312,620.9099731445312,621.0700073242188,608.97998046875,620.25,0
2004-05-13,620.4600219726562,620.4600219726562,624.2000122070312,617.969970703125,620.9099731445312,0
2004-05-14,619.5499877929688,619.5499877929688,623.6099853515625,615.7100219726562,621.4299926757812,0
2004-05-17,612.719970703125,612.719970703125,619.5499877929688,609.780029296875,619.5499877929688,0
2004-05-18,617.3699951171875,617.3699951171875,618.47998046875,612.719970703125,612.719970703125,0
2004-05-19,615.739990234375,615.739990234375,625.780029296875,615.5999755859375,617.3699951171875,0
2004-05-20,616.0399780273438,616.0399780273438,618.0599975585938,614.0,615.739990234375,0
2004-05-21,618.760009765625,618.760009765625,621.8800048828125,616.0399780273438,616.0399780273438,0
2004-05-24,620.489990234375,620.489990234375,623.4600219726562,618.3400268554688,623.3800048828125,0
2004-05-25,631.0399780273438,631.0399780273438,631.3599853515625,618.1099853515625,620.489990234375,0
2004-05-26,632.6199951171875,632.6199951171875,633.3599853515625,629.4199829101562,631.0399780273438,0
2004-05-27,635.8099975585938,635.8099975585938,637.530029296875,632.0800170898438,632.6199951171875,0
2004-05-28,635.8400268554688,635.8400268554688,636.8400268554688,634.1599731445312,635.8099975585938,0
2004-06-01,636.5499877929688,636.5499877929688,637.1900024414062,632.0900268554688,635.8400268554688,0
2004-06-02,638.530029296875,638.530029296875,640.1900024414062,635.0700073242188,636.5499877929688,0
2004-06-03,632.8499755859375,632.8499755859375,638.530029296875,632.8300170898438,638.530029296875,0
2004-06-04,636.4299926757812,636.4299926757812,640.0599975585938,632.8499755859375,632.8499755859375,0
2004-06-07,646.6300048828125,646.6300048828125,646.6300048828125,636.4299926757812,636.4299926757812,0
2004-06-08,647.1799926757812,647.1799926757812,647.280029296875,643.72998046875,646.6300048828125,0
2004-06-09,640.5599975585938,640.5599975585938,647.1799926757812,640.469970703125,647.1799926757812,0
2004-06-10,642.989990234375,642.989990234375,643.1300048828125,640.5599975585938,640.5599975585938,0
2004-06-14,635.9600219726562,635.9600219726562,642.989990234375,634.5800170898438,642.989990234375,0
2004-06-15,640.5,640.5,643.3599853515625,635.9600219726562,635.9600219726562,0
2004-06-16,641.6300048828125,641.6300048828125,642.4400024414062,639.6500244140625,640.5,0
2004-06-17,640.77001953125,640.77001953125,641.7000122070312,637.7000122070312,641.6300048828125,0
2004-06-18,642.27001953125,642.27001953125,644.489990234375,639.4400024414062,640.77001953125,0
2004-06-21,639.75,639.75,643.8200073242188,639.3699951171875,642.27001953125,0
2004-06-22,642.22998046875,642.22998046875,642.4400024414062,636.3900146484375,639.75,0
2004-06-23,648.030029296875,648.030029296875,648.5800170898438,640.8599853515625,642.22998046875,0
2004-06-24,646.22998046875,646.22998046875,649.5,645.9099731445312,648.030029296875,0
2004-06-25,643.8300170898438,643.8300170898438,649.3200073242188,643.77001953125,646.22998046875,0
2004-06-28,642.7899780273438,642.7899780273438,647.75,641.77001953125,643.8300170898438,0
2004-06-29,644.5499877929688,644.5499877929688,645.469970703125,642.1900024414062,642.7899780273438,0
2004-06-30,647.5399780273438,647.5399780273438,647.9000244140625,643.3699951171875,644.5499877929688,0
2004-07-01,640.5,640.5,647.5399780273438,637.6900024414062,647.5399780273438,0
2004-07-02,638.8300170898438,638.8300170898438,640.5,637.3499755859375,640.5,0
2004-07-06,632.8099975585938,632.8099975585938,638.8300170898438,631.2999877929688,638.8300170898438,0
2004-07-07,634.0,634.0,635.8499755859375,632.3200073242188,632.8099975585938,0
2004-07-08,627.9099731445312,627.9099731445312,634.0900268554688,627.7100219726562,634.0,0
2004-07-09,630.0399780273438,630.0399780273438,631.5700073242188,627.9099731445312,627.9099731445312,0
2004-07-12,630.4199829101562,630.4199829101562,631.4400024414062,626.25,630.0399780273438,0
2004-07-13,630.77001953125,630.77001953125,631.6500244140625,629.7899780273438,630.4199829101562,0
2004-07-14,628.72998046875,628.72998046875,633.3900146484375,626.8900146484375,630.77001953125,0
2004-07-15,626.8800048828125,626.8800048828125,630.97998046875,626.77001953125,628.72998046875,0
2004-07-16,623.47998046875,623.47998046875,629.719970703125,623.2999877929688,626.8800048828125,0
2004-07-19,623.0700073242188,623.0700073242188,625.4400024414062,620.3699951171875,623.47998046875,0
2004-07-20,628.27001953125,628.27001953125,628.27001953125,622.3200073242188,623.0700073242188,0
2004-07-21,618.6400146484375,618.6400146484375,631.5900268554688,618.6400146484375,628.27001953125,0
2004-07-22,619.760009765625,619.760009765625,621.4099731445312,612.5800170898438,618.6400146484375,0
2004-07-23,613.469970703125,613.469970703125,619.760009765625,612.25,619.760009765625,0
2004-07-26,611.1900024414062,611.1900024414062,615.5599975585938,608.3699951171875,613.469970703125,0
2004-07-27,617.7899780273438,617.7899780273438,618.5900268554688,611.1799926757812,611.1900024414062,0
2004-07-28,617.4299926757812,617.4299926757812,619.5,610.1500244140625,617.7899780273438,0
2004-07-29,621.3099975585938,621.3099975585938,622.8200073242188,617.4299926757812,617.4299926757812,0
2004-07-30,622.3300170898438,622.3300170898438,623.3200073242188,619.8599853515625,621.3099975585938,0
2004-08-02,624.8699951171875,624.8699951171875,625.6900024414062,619.4400024414062,622.3300170898438,0
2004-08-03,620.4000244140625,620.4000244140625,624.8699951171875,620.1699829101562,624.8699951171875,0
2004-08-04,619.4099731445312,619.4099731445312,621.6699829101562,615.6400146484375,620.4000244140625,0
2004-08-05,609.1799926757812,609.1799926757812,619.5900268554688,608.8800048828125,619.4099731445312,0
2004-08-06,599.4500122070312,599.4500122070312,609.1799926757812,598.52001953125,609.1799926757812,0
2004-08-09,599.8900146484375,599.8900146484375,602.0399780273438,599.4500122070312,599.4500122070312,0
2004-08-10,608.1500244140625,608.1500244140625,608.1500244140625,599.8900146484375,599.8900146484375,0
2004-08-11,606.2100219726562,606.2100219726562,608.1500244140625,600.0800170898438,608.1500244140625,0
2004-08-12,598.7999877929688,598.7999877929688,606.2100219726562,598.72998046875,606.2100219726562,0
2004-08-13,599.4099731445312,599.4099731445312,601.4099731445312,597.25,598.7999877929688,0
2004-08-16,607.989990234375,607.989990234375,608.5700073242188,599.4099731445312,599.4099731445312,0
2004-08-17,609.72998046875,609.72998046875,612.3599853515625,607.989990234375,607.989990234375,0
2004-08-18,617.9600219726562,617.9600219726562,617.9600219726562,608.0499877929688,609.72998046875,0
2004-08-19,615.3699951171875,615.3699951171875,617.9600219726562,612.8599853515625,617.9600219726562,0
2004-08-20,620.530029296875,620.530029296875,621.4000244140625,614.6300048828125,615.3699951171875,0
2004-08-23,618.6699829101562,618.6699829101562,621.9099731445312,618.3300170898438,620.530029296875,0
2004-08-24,619.1099853515625,619.1099853515625,621.780029296875,617.0999755859375,618.6699829101562,0
2004-08-25,624.0499877929688,624.0499877929688,624.6300048828125,617.3099975585938,619.1099853515625,0
2004-08-26,623.8900146484375,623.8900146484375,624.8300170898438,622.6199951171875,624.0499877929688,0
2004-08-27,625.9299926757812,625.9299926757812,626.8800048828125,623.7899780273438,623.8900146484375,0
2004-08-30,620.7100219726562,620.7100219726562,625.9299926757812,620.7100219726562,625.9299926757812,0
2004-08-31,623.8599853515625,623.8599853515625,623.8699951171875,618.469970703125,620.7100219726562,0
2004-09-01,625.510009765625,625.510009765625,627.2899780273438,621.8800048828125,623.8599853515625,0
2004-09-02,632.3499755859375,632.3499755859375,632.7999877929688,625.3499755859375,625.510009765625,0
2004-09-03,629.5599975585938,629.5599975585938,633.719970703125,629.4099731445312,632.3499755859375,0
2004-09-07,634.22998046875,634.22998046875,635.6699829101562,629.5599975585938,629.5599975585938,0
2004-09-08,631.1099853515625,631.1099853515625,635.3099975585938,631.0900268554688,634.22998046875,0
2004-09-09,633.1500244140625,633.1500244140625,634.780029296875,630.0499877929688,631.1099853515625,0
2004-09-10,636.3699951171875,636.3699951171875,637.0399780273438,630.7100219726562,633.1500244140625,0
2004-09-13,637.9199829101562,637.9199829101562,640.0399780273438,636.3699951171875,636.3699951171875,0
2004-09-14,638.8800048828125,638.8800048828125,639.510009765625,636.72998046875,637.9199829101562,0
2004-09-15,634.6199951171875,634.6199951171875,638.8800048828125,634.0900268554688,638.8800048828125,0
2004-09-16,637.1300048828125,637.1300048828125,638.3900146484375,634.6199951171875,634.6199951171875,0
2004-09-17,639.3800048828125,639.3800048828125,640.3599853515625,636.8699951171875,637.1300048828125,0
2004-09-20,635.9299926757812,635.9299926757812,639.3800048828125,634.9600219726562,639.3800048828125,0
2004-09-21,640.3200073242188,640.3200073242188,641.3900146484375,635.9299926757812,635.9299926757812,0
2004-09-22,631.3099975585938,631.3099975585938,640.3200073242188,630.969970703125,640.3200073242188,0
2004-09-23,628.5800170898438,628.5800170898438,631.3599853515625,628.4199829101562,631.3099975585938,0
2004-09-24,629.5399780273438,629.5399780273438,631.6099853515625,628.5800170898438,628.5800170898438,0
2004-09-27,625.25,625.25,629.5399780273438,625.1799926757812,629.5399780273438,0
2004-09-28,629.1900024414062,629.1900024414062,630.02001953125,624.1099853515625,625.25,0
2004-09-29,632.1699829101562,632.1699829101562,632.1799926757812,628.1099853515625,629.1900024414062,0
2004-09-30,632.530029296875,632.530029296875,633.5700073242188,629.6300048828125,632.1699829101562,0
2004-10-01,642.27001953125,642.27001953125,642.2899780273438,632.530029296875,632.530029296875,0
2004-10-04,644.6599731445312,644.6599731445312,647.4400024414062,642.27001953125,642.27001953125,0
2004-10-05,644.0700073242188,644.0700073242188,645.9600219726562,642.8200073242188,644.6599731445312,0
2004-10-06,648.4199829101562,648.4199829101562,648.4199829101562,643.22998046875,644.0700073242188,0
2004-10-07,641.4500122070312,641.4500122070312,648.4199829101562,641.3800048828125,648.4199829101562,0
2004-10-08,636.469970703125,636.469970703125,642.7100219726562,635.5800170898438,641.4500122070312,0
2004-10-11,637.8800048828125,637.8800048828125,638.6900024414062,636.469970703125,636.469970703125,0
2004-10-12,636.5999755859375,636.5999755859375,637.9099731445312,632.6799926757812,637.8800048828125,0
2004-10-13,631.719970703125,631.719970703125,639.7000122070312,629.7100219726562,636.5999755859375,0
2004-10-14,626.1500244140625,626.1500244140625,632.3300170898438,625.5599975585938,631.719970703125,0
2004-10-15,629.010009765625,629.010009765625,631.8099975585938,625.4000244140625,626.1500244140625,0
2004-10-18,632.3499755859375,632.3499755859375,632.5800170898438,626.280029296875,629.010009765625,0
2004-10-19,626.510009765625,626.510009765625,635.0499877929688,626.4500122070312,632.3499755859375,0
2004-10-20,627.030029296875,627.030029296875,627.3499755859375,621.5399780273438,626.510009765625,0
2004-10-21,629.52001953125,629.52001953125,630.6699829101562,624.969970703125,627.030029296875,0
2004-10-22,623.27001953125,623.27001953125,630.4600219726562,623.1900024414062,629.52001953125,0
2004-10-25,623.0900268554688,623.0900268554688,624.3099975585938,620.1099853515625,623.27001953125,0
2004-10-26,631.6900024414062,631.6900024414062,631.7100219726562,622.7999877929688,623.0900268554688,0
2004-10-27,640.239990234375,640.239990234375,640.3900146484375,630.0800170898438,631.6900024414062,0
2004-10-28,640.9199829101562,640.9199829101562,642.5900268554688,637.0,640.2100219726562,0
2004-10-29,642.1500244140625,642.1500244140625,642.969970703125,639.1099853515625,640.9199829101562,0
2004-11-01,642.6199951171875,642.6199951171875,643.9299926757812,640.72998046875,642.1500244140625,0
2004-11-02,642.3400268554688,642.3400268554688,648.02001953125,640.97998046875,642.6199951171875,0
2004-11-03,650.030029296875,650.030029296875,652.3900146484375,642.3400268554688,642.3400268554688,0
2004-11-04,659.9500122070312,659.9500122070312,659.9500122070312,649.1799926757812,650.030029296875,0
2004-11-05,662.3800048828125,662.3800048828125,665.02001953125,659.3699951171875,659.9500122070312,0
2004-11-08,661.4600219726562,661.4600219726562,662.7899780273438,660.0499877929688,662.3800048828125,0
2004-11-09,661.489990234375,661.489990234375,663.75,660.2999877929688,661.4600219726562,0
2004-11-10,661.3699951171875,661.3699951171875,664.7000122070312,660.6199951171875,661.489990234375,0
2004-11-11,667.469970703125,667.469970703125,667.8400268554688,661.3699951171875,661.3699951171875,0
2004-11-12,673.8200073242188,673.8200073242188,673.8200073242188,666.0800170898438,667.469970703125,0
2004-11-15,674.02001953125,674.02001953125,674.1599731445312,671.4500122070312,673.8200073242188,0
2004-11-16,669.3400268554688,669.3400268554688,674.02001953125,669.239990234375,674.02001953125,0
2004-11-17,673.1699829101562,673.1699829101562,676.9600219726562,669.3400268554688,669.3400268554688,0
2004-11-18,673.77001953125,673.77001953125,674.3900146484375,671.6300048828125,673.1699829101562,0
2004-11-19,666.030029296875,666.030029296875,673.8499755859375,665.469970703125,673.77001953125,0
2004-11-22,670.4000244140625,670.4000244140625,670.719970703125,664.8300170898438,666.030029296875,0
2004-11-23,670.8900146484375,670.8900146484375,671.8599853515625,667.1500244140625,670.4000244140625,0
2004-11-24,674.0599975585938,674.0599975585938,674.469970703125,670.8900146484375,670.8900146484375,0
2004-11-26,674.760009765625,674.760009765625,676.8900146484375,673.7899780273438,674.0599975585938,0
2004-11-29,673.22998046875,673.22998046875,677.5599975585938,669.2100219726562,674.760009765625,0
2004-11-30,670.8400268554688,670.8400268554688,673.2899780273438,670.5900268554688,673.22998046875,0
2004-12-01,680.9299926757812,680.9299926757812,680.9299926757812,670.8200073242188,670.8200073242188,0
2004-12-02,680.1799926757812,680.1799926757812,682.77001953125,678.4199829101562,680.9299926757812,0
2004-12-03,680.77001953125,680.77001953125,683.9099731445312,679.219970703125,680.1799926757812,0
2004-12-06,680.0499877929688,680.0499877929688,681.260009765625,677.1300048828125,680.77001953125,0
2004-12-07,671.9000244140625,671.9000244140625,681.1799926757812,671.9000244140625,680.0499877929688,0
2004-12-08,675.2000122070312,675.2000122070312,675.97998046875,671.6500244140625,671.9000244140625,0
2004-12-09,678.3599853515625,678.3599853515625,678.97998046875,669.75,675.2000122070312,0
2004-12-10,678.3200073242188,678.3200073242188,680.0399780273438,676.2899780273438,678.3599853515625,0
2004-12-13,684.1199951171875,684.1199951171875,684.1500244140625,678.3200073242188,678.3200073242188,0
2004-12-14,687.1500244140625,687.1500244140625,688.030029296875,683.7100219726562,684.1199951171875,0
2004-12-15,689.2999877929688,689.2999877929688,689.489990234375,685.4299926757812,687.1500244140625,0
2004-12-16,687.1900024414062,687.1900024414062,690.1699829101562,684.8300170898438,689.2999877929688,0
2004-12-17,683.0900268554688,683.0900268554688,687.1900024414062,682.0,687.1900024414062,0
2004-12-20,682.510009765625,682.510009765625,687.8099975585938,681.7000122070312,683.0800170898438,0
2004-12-21,688.9099731445312,688.9099731445312,689.010009765625,682.510009765625,682.510009765625,0
2004-12-22,691.3499755859375,691.3499755859375,692.3499755859375,688.1199951171875,688.9099731445312,0
2004-12-23,691.75,691.75,693.47998046875,690.9299926757812,691.3499755859375,0
2004-12-27,688.6199951171875,688.6199951171875,694.0,688.6199951171875,691.75,0
2004-12-28,694.3099975585938,694.3099975585938,694.3099975585938,688.6199951171875,688.6199951171875,0
2004-12-29,694.22998046875,694.22998046875,694.469970703125,692.7899780273438,694.3099975585938,0
2004-12-30,694.510009765625,694.510009765625,695.9000244140625,694.22998046875,694.22998046875,0
2004-12-31,693.6300048828125,693.6300048828125,696.8800048828125,693.5399780273438,694.510009765625,0
2005-01-03,686.8900146484375,686.8900146484375,696.6599731445312,685.9600219726562,693.6300048828125,0
2005-01-04,677.97998046875,677.97998046875,688.780029296875,676.8699951171875,686.8900146484375,0
2005-01-05,674.1599731445312,674.1599731445312,680.0700073242188,674.1500244140625,677.97998046875,0
2005-01-06,676.510009765625,676.510009765625,678.9099731445312,674.0800170898438,674.1599731445312,0
2005-01-07,675.0900268554688,675.0900268554688,678.6500244140625,672.9099731445312,676.510009765625,0
2005-01-10,677.9500122070312,677.9500122070312,680.8599853515625,674.5599975585938,675.0900268554688,0
2005-01-11,673.469970703125,673.469970703125,677.9500122070312,672.1199951171875,677.9500122070312,0
2005-01-12,675.969970703125,675.969970703125,676.1400146484375,669.0399780273438,673.469970703125,0
2005-01-13,670.9000244140625,670.9000244140625,676.4000244140625,669.969970703125,675.969970703125,0
2005-01-14,675.4299926757812,675.4299926757812,675.6699829101562,670.9000244140625,670.9000244140625,0
2005-01-18,682.02001953125,682.02001953125,682.02001953125,673.0900268554688,675.4299926757812,0
2005-01-19,675.4400024414062,675.4400024414062,682.02001953125,675.2899780273438,682.02001953125,0
2005-01-20,670.3699951171875,670.3699951171875,675.4400024414062,669.4000244140625,675.4400024414062,0
2005-01-21,666.4500122070312,666.4500122070312,672.739990234375,666.4299926757812,670.3699951171875,0
2005-01-24,663.3400268554688,663.3400268554688,669.030029296875,663.3400268554688,666.4500122070312,0
2005-01-25,665.6300048828125,665.6300048828125,669.47998046875,663.3400268554688,663.3400268554688,0
2005-01-26,669.75,669.75,670.6699829101562,665.6300048828125,665.6300048828125,0
2005-01-27,670.0900268554688,670.0900268554688,672.0700073242188,667.6799926757812,669.75,0
2005-01-28,668.1500244140625,668.1500244140625,670.6699829101562,665.4299926757812,670.0900268554688,3474600
2005-01-31,674.5399780273438,674.5399780273438,674.6599731445312,668.1500244140625,668.1500244140625,3228800
2005-02-01,679.3800048828125,679.3800048828125,679.8699951171875,674.5,674.5399780273438,3368500
2005-02-02,681.780029296875,681.780029296875,682.77001953125,679.1199951171875,679.3800048828125,3272600
2005-02-03,679.8400268554688,679.8400268554688,681.780029296875,677.3300170898438,681.780029296875,3254600
2005-02-04,687.7100219726562,687.7100219726562,687.780029296875,679.6900024414062,679.8400268554688,3296900
2005-02-07,686.9199829101562,686.9199829101562,688.5599975585938,685.4099731445312,687.7100219726562,174700
2005-02-08,687.5,687.5,688.9000244140625,686.1400146484375,686.9199829101562,175800
2005-02-09,680.7899780273438,680.7899780273438,688.3499755859375,680.5499877929688,687.5,171400
2005-02-10,683.3499755859375,683.3499755859375,684.260009765625,680.0399780273438,680.7899780273438,177400
2005-02-11,688.510009765625,688.510009765625,689.9299926757812,680.7999877929688,683.3499755859375,0
2005-02-14,689.1799926757812,689.1799926757812,689.5,687.5900268554688,688.510009765625,174300
2005-02-15,691.1400146484375,691.1400146484375,692.760009765625,688.9500122070312,689.1799926757812,173300
2005-02-16,691.739990234375,691.739990234375,692.8800048828125,688.25,691.1400146484375,169800
2005-02-17,686.2100219726562,686.2100219726562,692.5499877929688,686.2000122070312,691.739990234375,170200
2005-02-18,686.4099731445312,686.4099731445312,687.239990234375,684.3200073242188,686.2100219726562,171500
2005-02-22,676.0999755859375,676.0999755859375,686.9000244140625,676.0999755859375,686.4099731445312,169500
2005-02-23,679.719970703125,679.719970703125,681.27001953125,676.0999755859375,676.0999755859375,167400
2005-02-24,685.4600219726562,685.4600219726562,685.4600219726562,677.780029296875,679.719970703125,167500
2005-02-25,692.4199829101562,692.4199829101562,692.5,685.1699829101562,685.4600219726562,171800
2005-02-28,688.0499877929688,688.0499877929688,692.4199829101562,684.7000122070312,692.4199829101562,167600
2005-03-01,692.1900024414062,692.1900024414062,693.0999755859375,688.0499877929688,688.0499877929688,167600
2005-03-02,691.8900146484375,691.8900146484375,695.3400268554688,688.6599731445312,692.1900024414062,174800
2005-03-03,691.8800048828125,691.8800048828125,694.969970703125,688.4199829101562,691.8900146484375,175800
2005-03-04,698.5499877929688,698.5499877929688,699.9000244140625,691.8800048828125,691.8800048828125,177700
2005-03-07,700.469970703125,700.469970703125,702.5900268554688,698.5499877929688,698.5499877929688,171000
2005-03-08,696.75,696.75,700.760009765625,696.25,700.469970703125,0
2005-03-09,689.5499877929688,689.5499877929688,696.75,689.4000244140625,696.75,171700
2005-03-10,690.1900024414062,690.1900024414062,691.5999755859375,685.8099975585938,689.5499877929688,177200
2005-03-11,685.8900146484375,685.8900146484375,692.77001953125,684.6400146484375,690.1900024414062,177200
2005-03-14,690.260009765625,690.260009765625,690.260009765625,685.8900146484375,685.8900146484375,177800
2005-03-15,685.469970703125,685.469970703125,692.780029296875,685.469970703125,690.260009765625,170800
2005-03-16,679.75,679.75,685.469970703125,678.489990234375,685.469970703125,171300
2005-03-17,681.0700073242188,681.0700073242188,682.5700073242188,678.7000122070312,679.75,177900
2005-03-18,680.4400024414062,680.4400024414062,681.9500122070312,676.5900268554688,681.0700073242188,173800
2005-03-21,677.6400146484375,677.6400146484375,680.4400024414062,674.6699829101562,680.4400024414062,174400
2005-03-22,671.239990234375,671.239990234375,681.3099975585938,671.0999755859375,677.6400146484375,176900
2005-03-23,670.8099975585938,670.8099975585938,673.1199951171875,668.9099731445312,671.239990234375,170100
2005-03-24,670.77001953125,670.77001953125,675.510009765625,670.77001953125,670.8099975585938,169700
2005-03-28,671.9099731445312,671.9099731445312,674.9199829101562,670.77001953125,670.77001953125,172300
2005-03-29,666.219970703125,666.219970703125,674.9400024414062,665.2899780273438,671.9099731445312,171900
2005-03-30,675.489990234375,675.489990234375,675.5499877929688,666.219970703125,666.219970703125,172700
2005-03-31,675.4500122070312,675.4500122070312,677.2999877929688,674.5499877929688,675.489990234375,177300
2005-04-01,671.3900146484375,671.3900146484375,680.9099731445312,669.6400146484375,675.4500122070312,175600
2005-04-04,673.0900268554688,673.0900268554688,674.4000244140625,668.1199951171875,671.3300170898438,177900
2005-04-05,675.8200073242188,675.8200073242188,677.1400146484375,673.0900268554688,673.0900268554688,166400
2005-04-06,677.280029296875,677.280029296875,680.3800048828125,675.8300170898438,675.8300170898438,177800
2005-04-07,681.3900146484375,681.3900146484375,681.72998046875,676.9199829101562,677.239990234375,169100
2005-04-08,675.4099731445312,675.4099731445312,681.52001953125,675.3599853515625,681.3900146484375,172300
2005-04-11,674.969970703125,674.969970703125,676.9400024414062,673.6500244140625,675.4099731445312,165900
2005-04-12,678.9099731445312,678.9099731445312,680.1400146484375,669.02001953125,674.969970703125,169200
2005-04-13,670.719970703125,670.719970703125,678.9099731445312,669.489990234375,678.9099731445312,174400
2005-04-14,663.530029296875,663.530029296875,671.1799926757812,663.3499755859375,670.719970703125,167500
2005-04-15,652.72998046875,652.72998046875,663.530029296875,652.22998046875,663.530029296875,173000
2005-04-18,654.8900146484375,654.8900146484375,656.3900146484375,650.8400268554688,652.72998046875,174300
2005-04-19,659.8499755859375,659.8499755859375,660.5499877929688,654.8900146484375,654.8900146484375,170200
2005-04-20,650.8599853515625,650.8599853515625,661.2000122070312,650.22998046875,659.8499755859375,169700
2005-04-21,663.4299926757812,663.4299926757812,663.4299926757812,650.8599853515625,650.8599853515625,167000
2005-04-22,658.489990234375,658.489990234375,663.4299926757812,653.3900146484375,663.4299926757812,168000
2005-04-25,664.6500244140625,664.6500244140625,665.2100219726562,658.489990234375,658.489990234375,175500
2005-04-26,658.6699829101562,658.6699829101562,666.5,658.6699829101562,664.6500244140625,165800
2005-04-27,660.9000244140625,660.9000244140625,663.0,654.1099853515625,658.6699829101562,167200
2005-04-28,652.8099975585938,652.8099975585938,660.9000244140625,652.8099975585938,660.9000244140625,166800
2005-04-29,660.02001953125,660.02001953125,660.030029296875,650.02001953125,652.8099975585938,175100
2005-05-02,663.4099731445312,663.4099731445312,663.6500244140625,658.7899780273438,660.02001953125,166900
2005-05-03,662.97998046875,662.97998046875,666.4500122070312,660.6199951171875,663.4099731445312,171000
2005-05-04,671.4600219726562,671.4600219726562,671.6699829101562,662.97998046875,662.97998046875,168300
2005-05-05,670.2899780273438,670.2899780273438,673.4099731445312,666.8499755859375,671.4600219726562,171100
2005-05-06,669.8699951171875,669.8699951171875,673.030029296875,669.3599853515625,670.2899780273438,169300
2005-05-09,674.3699951171875,674.3699951171875,674.3699951171875,668.5900268554688,669.8699951171875,177800
2005-05-10,667.489990234375,667.489990234375,674.3699951171875,665.760009765625,674.3699951171875,170000
2005-05-11,670.0900268554688,670.0900268554688,670.4099731445312,662.530029296875,667.489990234375,171500
2005-05-12,663.1799926757812,663.1799926757812,671.3900146484375,662.219970703125,670.0900268554688,177700
2005-05-13,659.780029296875,659.780029296875,665.3499755859375,655.2999877929688,663.1799926757812,167000
2005-05-16,666.9199829101562,666.9199829101562,666.9299926757812,659.6699829101562,659.780029296875,175400
2005-05-17,671.5499877929688,671.5499877929688,671.8200073242188,663.6400146484375,666.9199829101562,173700
2005-05-18,679.2000122070312,679.2000122070312,680.27001953125,671.5499877929688,671.5499877929688,176800
2005-05-19,682.3800048828125,682.3800048828125,682.3800048828125,678.7100219726562,679.2000122070312,170900
2005-05-20,681.5800170898438,681.5800170898438,682.4000244140625,678.9299926757812,682.3800048828125,169300
2005-05-23,684.3200073242188,684.3200073242188,686.3200073242188,681.3499755859375,681.5800170898438,170800
2005-05-24,684.3300170898438,684.3300170898438,684.989990234375,682.0,684.3200073242188,168200
2005-05-25,681.219970703125,681.219970703125,684.3300170898438,679.1900024414062,684.3300170898438,170200
2005-05-26,686.1900024414062,686.1900024414062,686.7999877929688,681.219970703125,681.219970703125,176500
2005-05-27,687.2100219726562,687.2100219726562,687.5900268554688,684.8099975585938,686.1900024414062,171200
2005-05-31,683.8699951171875,683.8699951171875,687.2100219726562,683.8499755859375,687.2100219726562,176900
2005-06-01,690.0900268554688,690.0900268554688,691.969970703125,683.6699829101562,683.8699951171875,177700
2005-06-02,691.5999755859375,691.5999755859375,691.760009765625,688.0599975585938,690.1199951171875,167200
2005-06-03,687.010009765625,687.010009765625,692.22998046875,686.219970703125,691.5999755859375,166800
2005-06-06,688.0900268554688,688.0900268554688,688.6799926757812,685.1300048828125,687.010009765625,169300
2005-06-07,688.0,688.0,694.6300048828125,688.0,688.0900268554688,174500
2005-06-08,686.280029296875,686.280029296875,690.5900268554688,685.52001953125,688.0,171600
2005-06-09,690.1599731445312,690.1599731445312,690.4000244140625,684.0999755859375,686.280029296875,177700
2005-06-10,688.7000122070312,688.7000122070312,691.219970703125,685.8499755859375,690.1599731445312,174200
2005-06-13,690.4299926757812,690.4299926757812,693.1099853515625,686.6599731445312,688.7000122070312,172900
2005-06-14,692.5499877929688,692.5499877929688,694.1900024414062,690.0399780273438,690.4299926757812,169900
2005-06-15,694.1900024414062,694.1900024414062,694.8900146484375,689.5,692.5499877929688,177800
2005-06-16,697.3599853515625,697.3599853515625,697.7000122070312,693.6400146484375,694.1900024414062,173300
2005-06-17,700.3099975585938,700.3099975585938,702.1099853515625,697.3599853515625,697.3599853515625,169100
2005-06-20,699.75,699.75,701.3699951171875,696.8599853515625,700.3099975585938,170200
2005-06-21,698.3499755859375,698.3499755859375,700.489990234375,697.3499755859375,699.75,168500
2005-06-22,698.72998046875,698.72998046875,701.8800048828125,697.2899780273438,698.3499755859375,176900
2005-06-23,691.22998046875,691.22998046875,700.219970703125,691.219970703125,698.72998046875,169600
2005-06-24,685.8699951171875,685.8699951171875,691.260009765625,685.6099853515625,691.22998046875,169000
2005-06-27,685.3800048828125,685.3800048828125,687.0800170898438,683.6900024414062,685.8699951171875,0
2005-06-28,692.469970703125,692.469970703125,692.780029296875,685.3800048828125,685.3800048828125,174500
2005-06-29,691.9000244140625,691.9000244140625,693.780029296875,691.0800170898438,692.469970703125,173000
2005-06-30,687.6099853515625,687.6099853515625,693.97998046875,687.22998046875,691.9000244140625,177800
2005-07-01,689.8599853515625,689.8599853515625,691.0700073242188,687.6099853515625,687.6099853515625,171300
2005-07-05,696.22998046875,696.22998046875,696.6799926757812,688.719970703125,689.8599853515625,177800
2005-07-06,690.7999877929688,690.7999877929688,697.0,690.739990234375,696.22998046875,168100
2005-07-07,692.6500244140625,692.6500244140625,692.9000244140625,684.489990234375,690.7999877929688,170000
2005-07-08,701.25,701.25,701.6699829101562,692.4500122070312,692.6500244140625,171000
2005-07-11,706.2100219726562,706.2100219726562,706.5599975585938,701.25,701.25,176700
2005-07-12,707.6300048828125,707.6300048828125,709.6099853515625,704.2999877929688,706.2100219726562,171700
2005-07-13,707.6599731445312,707.6599731445312,708.52001953125,705.7999877929688,707.6300048828125,174600
2005-07-14,708.5,708.5,713.239990234375,707.3800048828125,707.6599731445312,177800
2005-07-15,709.5,709.5,710.3400268554688,706.6799926757812,708.5,173100
2005-07-18,705.6699829101562,705.6699829101562,709.5,705.6699829101562,709.5,172300
2005-07-19,711.02001953125,711.02001953125,711.4400024414062,705.6699829101562,705.6699829101562,177800
2005-07-20,714.9400024414062,714.9400024414062,715.5499877929688,707.6099853515625,711.02001953125,173100
2005-07-21,709.4299926757812,709.4299926757812,715.1400146484375,708.25,714.9400024414062,166200
2005-07-22,713.75,713.75,713.75,708.989990234375,709.4299926757812,168300
2005-07-25,710.5,710.5,716.1099853515625,709.989990234375,713.75,173100
2005-07-26,712.1300048828125,712.1300048828125,713.7999877929688,710.5,710.5,0
2005-07-27,715.0700073242188,715.0700073242188,715.3200073242188,710.97998046875,712.1300048828125,0
2005-07-28,719.8599853515625,719.8599853515625,720.3800048828125,714.6900024414062,715.0700073242188,0
2005-07-29,715.02001953125,715.02001953125,720.719970703125,714.9600219726562,719.8599853515625,0
2005-08-01,716.0,716.0,718.030029296875,714.9299926757812,715.02001953125,0
2005-08-02,721.22998046875,721.22998046875,721.3599853515625,716.0,716.0,0
2005-08-03,721.1400146484375,721.1400146484375,721.8099975585938,718.9400024414062,721.22998046875,0
2005-08-04,715.010009765625,715.010009765625,721.1400146484375,714.780029296875,721.1400146484375,0
2005-08-05,708.77001953125,708.77001953125,715.010009765625,708.1199951171875,715.010009765625,0
2005-08-08,706.1300048828125,706.1300048828125,711.969970703125,706.010009765625,708.77001953125,0
2005-08-09,710.3699951171875,710.3699951171875,712.0,706.1300048828125,706.1300048828125,0
2005-08-10,709.3300170898438,709.3300170898438,716.8200073242188,707.6799926757812,710.3699951171875,0
2005-08-11,714.5,714.5,714.5,709.2000122070312,709.3300170898438,0
2005-08-12,710.4299926757812,710.4299926757812,714.5,707.3900146484375,714.5,0
2005-08-15,712.739990234375,712.739990234375,714.219970703125,707.9500122070312,710.4299926757812,0
2005-08-16,704.3599853515625,704.3599853515625,712.739990234375,704.1900024414062,712.739990234375,0
2005-08-17,704.6900024414062,704.6900024414062,707.7000122070312,703.510009765625,704.3599853515625,0
2005-08-18,703.5399780273438,703.5399780273438,705.6199951171875,701.5800170898438,704.6900024414062,0
2005-08-19,704.02001953125,704.02001953125,706.77001953125,703.5399780273438,703.5399780273438,0
2005-08-22,705.5700073242188,705.5700073242188,709.0800170898438,702.3900146484375,704.02001953125,0
2005-08-23,703.4299926757812,703.4299926757812,706.4299926757812,701.510009765625,705.5700073242188,0
2005-08-24,699.5900268554688,699.5900268554688,707.5999755859375,699.3699951171875,703.4299926757812,0
2005-08-25,701.3300170898438,701.3300170898438,701.97998046875,699.5800170898438,699.5900268554688,0
2005-08-26,696.530029296875,696.530029296875,701.3300170898438,696.0700073242188,701.3300170898438,0
2005-08-29,700.989990234375,700.989990234375,701.719970703125,694.2000122070312,696.530029296875,0
2005-08-30,698.969970703125,698.969970703125,700.989990234375,694.9000244140625,700.989990234375,0
2005-08-31,706.8400268554688,706.8400268554688,706.8400268554688,697.1699829101562,698.969970703125,0
2005-09-01,707.8800048828125,707.8800048828125,710.9500122070312,704.7899780273438,706.8400268554688,0
2005-09-02,705.4400024414062,705.4400024414062,709.280029296875,705.22998046875,707.8800048828125,0
2005-09-06,714.3900146484375,714.3900146484375,714.47998046875,705.4400024414062,705.4400024414062,0
2005-09-07,716.3800048828125,716.3800048828125,716.6599731445312,712.9299926757812,714.3900146484375,0
2005-09-08,713.5599975585938,713.5599975585938,716.3800048828125,712.25,716.3800048828125,0
2005-09-09,719.030029296875,719.030029296875,719.6699829101562,713.5599975585938,713.5599975585938,0
2005-09-12,719.010009765625,719.010009765625,719.969970703125,718.0700073242188,719.030029296875,0
2005-09-13,713.4500122070312,713.4500122070312,719.010009765625,713.4400024414062,719.010009765625,0
2005-09-14,710.5700073242188,710.5700073242188,714.969970703125,710.0700073242188,713.4500122070312,0
2005-09-15,710.75,710.75,713.0700073242188,709.1699829101562,710.5700073242188,0
2005-09-16,716.3200073242188,716.3200073242188,716.3800048828125,710.75,710.75,0
2005-09-19,712.260009765625,712.260009765625,716.3200073242188,710.5499877929688,716.3200073242188,0
2005-09-20,706.6599731445312,706.6599731445312,715.510009765625,705.8699951171875,712.260009765625,0
2005-09-21,699.5599975585938,699.5599975585938,706.6599731445312,699.4500122070312,706.6599731445312,0
2005-09-22,701.8099975585938,701.8099975585938,702.9500122070312,696.4199829101562,699.5599975585938,0
2005-09-23,702.760009765625,702.760009765625,704.5599975585938,698.9400024414062,701.8099975585938,0
2005-09-26,703.760009765625,703.760009765625,707.260009765625,701.469970703125,702.760009765625,0
2005-09-27,703.6900024414062,703.6900024414062,706.25,701.010009765625,703.760009765625,0
2005-09-28,703.9099731445312,703.9099731445312,706.4099731445312,701.4299926757812,703.6900024414062,0
2005-09-29,710.6699829101562,710.6699829101562,710.8499755859375,701.1699829101562,703.9099731445312,0
2005-09-30,712.2100219726562,712.2100219726562,712.5700073242188,709.5399780273438,710.6699829101562,0
2005-10-03,712.1400146484375,712.1400146484375,715.2999877929688,710.97998046875,712.2100219726562,0
2005-10-04,704.9500122070312,704.9500122070312,713.7999877929688,704.760009765625,712.1400146484375,0
2005-10-05,693.1900024414062,693.1900024414062,704.9500122070312,693.1199951171875,704.9500122070312,0
2005-10-06,689.52001953125,689.52001953125,695.9500122070312,683.97998046875,693.1900024414062,0
2005-10-07,692.3400268554688,692.3400268554688,694.4500122070312,689.52001953125,689.52001953125,0
2005-10-10,687.1799926757812,687.1799926757812,692.8200073242188,686.6099853515625,692.3400268554688,0
2005-10-11,684.8800048828125,684.8800048828125,690.6699829101562,684.1400146484375,687.1799926757812,0
2005-10-12,679.5700073242188,679.5700073242188,687.25,677.0999755859375,684.8800048828125,0
2005-10-13,679.0499877929688,679.0499877929688,680.3099975585938,673.6500244140625,679.5700073242188,0
2005-10-14,685.489990234375,685.489990234375,685.7000122070312,678.1900024414062,679.0499877929688,0
2005-10-17,687.5800170898438,687.5800170898438,688.3200073242188,683.8200073242188,685.489990234375,0
2005-10-18,680.4299926757812,680.4299926757812,687.5800170898438,680.4299926757812,687.5800170898438,0
2005-10-19,690.6400146484375,690.6400146484375,690.6400146484375,675.8099975585938,680.4299926757812,0
2005-10-20,680.3400268554688,680.3400268554688,691.6400146484375,677.5900268554688,690.6400146484375,0
2005-10-21,682.6199951171875,682.6199951171875,686.2899780273438,679.8300170898438,680.3400268554688,0
2005-10-24,694.3499755859375,694.3499755859375,694.3599853515625,682.6199951171875,682.6199951171875,0
2005-10-25,692.3699951171875,692.3699951171875,695.260009765625,688.030029296875,694.3499755859375,0
2005-10-26,689.0800170898438,689.0800170898438,696.4600219726562,689.030029296875,692.3699951171875,0
2005-10-27,680.5800170898438,680.5800170898438,689.3300170898438,680.5800170898438,689.0800170898438,0
2005-10-28,691.739990234375,691.739990234375,691.739990234375,680.5800170898438,680.5800170898438,0
2005-10-31,698.1400146484375,698.1400146484375,700.4199829101562,691.739990234375,691.739990234375,0
2005-11-01,695.739990234375,695.739990234375,698.4199829101562,694.6199951171875,698.1400146484375,0
2005-11-02,703.5900268554688,703.5900268554688,703.5900268554688,694.9400024414062,695.739990234375,0
2005-11-03,706.4500122070312,706.4500122070312,709.4099731445312,703.5900268554688,703.5900268554688,0
2005-11-04,706.4400024414062,706.4400024414062,707.9600219726562,703.0800170898438,706.4500122070312,0
2005-11-07,708.1799926757812,708.1799926757812,709.0399780273438,704.8400268554688,706.4400024414062,0
2005-11-08,705.2899780273438,705.2899780273438,708.1799926757812,703.77001953125,708.1799926757812,0
2005-11-09,706.6799926757812,706.6799926757812,709.97998046875,703.97998046875,705.2899780273438,0
2005-11-10,712.5,712.5,713.1699829101562,702.6699829101562,706.6799926757812,0
2005-11-11,714.6500244140625,714.6500244140625,715.239990234375,712.3300170898438,712.5,0
2005-11-14,713.8400268554688,713.8400268554688,715.7000122070312,712.6799926757812,714.6500244140625,0
2005-11-15,710.5999755859375,710.5999755859375,716.0499877929688,709.1799926757812,713.8400268554688,0
2005-11-16,711.4099731445312,711.4099731445312,712.3599853515625,708.719970703125,710.5999755859375,0
2005-11-17,719.010009765625,719.010009765625,719.010009765625,711.4099731445312,711.4099731445312,0
2005-11-18,722.2000122070312,722.2000122070312,722.9600219726562,717.969970703125,719.010009765625,0
2005-11-21,726.6099853515625,726.6099853515625,727.0900268554688,721.010009765625,722.2000122070312,0
2005-11-22,730.3200073242188,730.3200073242188,730.739990234375,724.6400146484375,726.6099853515625,0
2005-11-23,732.7000122070312,732.7000122070312,735.5399780273438,729.3900146484375,730.3200073242188,0
2005-11-25,734.260009765625,734.260009765625,734.510009765625,732.510009765625,732.7000122070312,0
2005-11-28,726.9600219726562,726.9600219726562,734.3300170898438,726.9400024414062,734.260009765625,0
2005-11-29,727.219970703125,727.219970703125,732.1300048828125,726.9600219726562,726.9600219726562,0
2005-11-30,723.6199951171875,723.6199951171875,729.280029296875,723.4500122070312,727.219970703125,0
2005-12-01,732.9400024414062,732.9400024414062,733.6199951171875,723.6199951171875,723.6199951171875,0
2005-12-02,733.27001953125,733.27001953125,734.0700073242188,730.719970703125,732.9400024414062,0
2005-12-05,731.2899780273438,731.2899780273438,733.27001953125,728.760009765625,733.27001953125,0
2005-12-06,732.2000122070312,732.2000122070312,737.25,731.2899780273438,731.2899780273438,0
2005-12-07,728.4099731445312,728.4099731445312,732.7999877929688,726.0700073242188,732.2000122070312,0
2005-12-08,728.1900024414062,728.1900024414062,732.3499755859375,725.0599975585938,728.4099731445312,0
2005-12-09,730.3400268554688,730.3400268554688,732.280029296875,726.9099731445312,728.1900024414062,0
2005-12-12,730.97998046875,730.97998046875,733.0499877929688,728.1199951171875,730.3400268554688,0
2005-12-13,734.4600219726562,734.4600219726562,737.0800170898438,729.8900146484375,730.969970703125,0
2005-12-14,737.239990234375,737.239990234375,739.0999755859375,734.280029296875,734.4600219726562,0
2005-12-15,735.6699829101562,735.6699829101562,738.4099731445312,733.5800170898438,737.239990234375,0
2005-12-16,733.6300048828125,733.6300048828125,737.9400024414062,733.530029296875,735.6699829101562,0
2005-12-19,728.4099731445312,728.4099731445312,734.8699951171875,728.0800170898438,733.6300048828125,0
2005-12-20,728.4099731445312,728.4099731445312,730.9299926757812,726.52001953125,728.4099731445312,0
2005-12-21,730.9299926757812,730.9299926757812,734.3400268554688,728.4099731445312,728.4099731445312,0
2005-12-22,734.22998046875,734.22998046875,734.27001953125,730.8400268554688,730.9299926757812,0
2005-12-23,734.8699951171875,734.8699951171875,735.5399780273438,733.3699951171875,734.22998046875,0
2005-12-27,727.6300048828125,727.6300048828125,736.6799926757812,727.6300048828125,734.8699951171875,0
2005-12-28,728.969970703125,728.969970703125,730.3800048828125,727.5399780273438,727.6300048828125,0
2005-12-29,726.9199829101562,726.9199829101562,730.3099975585938,726.780029296875,728.969970703125,0
2005-12-30,723.3099975585938,723.3099975585938,726.9199829101562,722.239990234375,726.9199829101562,0
2006-01-03,734.719970703125,734.719970703125,735.5900268554688,720.8499755859375,723.3099975585938,0
2006-01-04,737.9099731445312,737.9099731445312,738.75,734.3200073242188,734.719970703125,0
2006-01-05,738.3699951171875,738.3699951171875,739.8699951171875,736.2000122070312,737.9099731445312,0
2006-01-06,745.4000244140625,745.4000244140625,745.8200073242188,738.3699951171875,738.3699951171875,0
2006-01-09,748.75,748.75,749.3300170898438,745.260009765625,745.4000244140625,0
2006-01-10,749.260009765625,749.260009765625,749.260009765625,745.0599975585938,748.75,0
2006-01-11,751.4199829101562,751.4199829101562,751.719970703125,748.0800170898438,749.260009765625,0
2006-01-12,746.6900024414062,746.6900024414062,751.4199829101562,746.1199951171875,751.4199829101562,0
2006-01-13,747.75,747.75,748.4199829101562,745.1500244140625,746.6900024414062,0
2006-01-17,744.9199829101562,744.9199829101562,747.75,742.2100219726562,747.75,0
2006-01-18,742.25,742.25,744.9199829101562,738.760009765625,744.9199829101562,0
2006-01-19,747.1099853515625,747.1099853515625,748.5700073242188,742.25,742.25,0
2006-01-20,733.3400268554688,733.3400268554688,747.1099853515625,733.0499877929688,747.1099853515625,0
2006-01-23,734.8599853515625,734.8599853515625,737.3200073242188,733.3400268554688,733.3400268554688,0
2006-01-24,738.0900268554688,738.0900268554688,740.27001953125,734.8599853515625,734.8599853515625,0
2006-01-25,736.5399780273438,736.5399780273438,740.8400268554688,733.5900268554688,738.0900268554688,0
2006-01-26,742.4400024414062,742.4400024414062,743.3900146484375,736.5399780273438,736.5399780273438,0
2006-01-27,747.6799926757812,747.6799926757812,749.4199829101562,742.4400024414062,742.4400024414062,0
2006-01-30,748.3300170898438,748.3300170898438,750.030029296875,747.6799926757812,747.6799926757812,0
2006-01-31,746.77001953125,746.77001953125,749.280029296875,744.4000244140625,748.3300170898438,0
2006-02-01,748.0399780273438,748.0399780273438,748.530029296875,744.8200073242188,746.77001953125,0
2006-02-02,741.22998046875,741.22998046875,748.0399780273438,739.27001953125,748.0399780273438,0
2006-02-03,737.3900146484375,737.3900146484375,741.3900146484375,735.47998046875,741.22998046875,0
2006-02-06,738.3400268554688,738.3400268554688,739.0399780273438,735.9299926757812,737.4000244140625,0
2006-02-07,731.8300170898438,731.8300170898438,738.9400024414062,731.27001953125,738.3400268554688,0
2006-02-08,737.4099731445312,737.4099731445312,737.9299926757812,731.3300170898438,731.8300170898438,0
2006-02-09,736.1599731445312,736.1599731445312,742.77001953125,735.6199951171875,737.4099731445312,0
2006-02-10,737.469970703125,737.469970703125,739.0,730.530029296875,736.1599731445312,0
2006-02-13,734.22998046875,734.22998046875,737.469970703125,731.8599853515625,737.469970703125,0
2006-02-14,741.739990234375,741.739990234375,743.2100219726562,732.8499755859375,734.22998046875,0
2006-02-15,744.8200073242188,744.8200073242188,745.1799926757812,739.719970703125,741.739990234375,0
2006-02-16,750.5999755859375,750.5999755859375,750.5999755859375,744.8200073242188,744.8200073242188,0
2006-02-17,749.5800170898438,749.5800170898438,750.9000244140625,747.6500244140625,750.5999755859375,0
2006-02-21,746.9199829101562,746.9199829101562,752.1699829101562,745.739990234375,749.5800170898438,0
2006-02-22,752.719970703125,752.719970703125,753.47998046875,746.9199829101562,746.9199829101562,0
2006-02-23,750.3099975585938,750.3099975585938,753.780029296875,748.4500122070312,752.719970703125,0
2006-02-24,751.7000122070312,751.7000122070312,752.9600219726562,748.8800048828125,750.3099975585938,0
2006-02-27,754.7000122070312,754.7000122070312,756.52001953125,751.7000122070312,751.7000122070312,0
2006-02-28,746.5700073242188,746.5700073242188,754.7000122070312,745.3099975585938,754.7000122070312,0
2006-03-01,753.3699951171875,753.3699951171875,753.6500244140625,746.5700073242188,746.5700073242188,0
2006-03-02,752.0700073242188,752.0700073242188,753.3699951171875,748.6500244140625,753.3699951171875,0
2006-03-03,750.7899780273438,750.7899780273438,756.5700073242188,749.3300170898438,752.0700073242188,0
2006-03-06,745.489990234375,745.489990234375,751.239990234375,743.8800048828125,750.7899780273438,0
2006-03-07,742.6500244140625,742.6500244140625,745.489990234375,739.9299926757812,745.489990234375,0
2006-03-08,743.7999877929688,743.7999877929688,744.9199829101562,737.6900024414062,742.6500244140625,0
2006-03-09,740.22998046875,740.22998046875,746.510009765625,740.22998046875,743.7999877929688,0
2006-03-10,745.6500244140625,745.6500244140625,746.9400024414062,739.0499877929688,740.22998046875,0
2006-03-13,747.1599731445312,747.1599731445312,749.6400146484375,745.6500244140625,745.6500244140625,0
2006-03-14,754.8900146484375,754.8900146484375,755.1900024414062,746.280029296875,747.1599731445312,0
2006-03-15,758.719970703125,758.719970703125,759.4000244140625,753.719970703125,754.8900146484375,0
2006-03-16,759.7899780273438,759.7899780273438,763.0,758.719970703125,758.719970703125,0
2006-03-17,761.3099975585938,761.3099975585938,762.4400024414062,759.7000122070312,759.7899780273438,0
2006-03-20,760.3300170898438,760.3300170898438,762.9299926757812,758.989990234375,761.3099975585938,0
2006-03-21,755.0999755859375,755.0999755859375,763.7000122070312,754.2899780273438,760.3300170898438,0
2006-03-22,760.010009765625,760.010009765625,760.5900268554688,754.1900024414062,755.0999755859375,0
2006-03-23,758.75,758.75,760.1099853515625,756.27001953125,760.010009765625,0
2006-03-24,760.3400268554688,760.3400268554688,761.9500122070312,757.6099853515625,758.75,0
2006-03-27,759.6599731445312,759.6599731445312,760.6900024414062,758.1400146484375,760.3400268554688,0
2006-03-28,755.219970703125,755.219970703125,762.4400024414062,754.3599853515625,759.6599731445312,0
2006-03-29,761.9099731445312,761.9099731445312,763.1500244140625,755.219970703125,755.219970703125,0
2006-03-30,760.4299926757812,760.4299926757812,765.9099731445312,758.27001953125,761.9099731445312,0
2006-03-31,758.4500122070312,758.4500122070312,762.0,757.4500122070312,760.4299926757812,0
2006-04-03,759.0999755859375,759.0999755859375,765.6300048828125,758.4000244140625,762.3099975585938,0
2006-04-04,763.260009765625,763.260009765625,764.1599731445312,757.1500244140625,759.0999755859375,0
2006-04-05,766.6599731445312,766.6599731445312,767.3400268554688,762.2999877929688,763.260009765625,0
2006-04-06,765.3499755859375,765.3499755859375,766.8900146484375,761.4099731445312,766.6599731445312,0
2006-04-07,757.510009765625,757.510009765625,768.5800170898438,756.7899780273438,765.3499755859375,0
2006-04-10,757.510009765625,757.510009765625,760.4500122070312,755.6300048828125,757.510009765625,0
2006-04-11,751.3599853515625,751.3599853515625,759.9000244140625,749.3900146484375,757.510009765625,0
2006-04-12,752.72998046875,752.72998046875,753.989990234375,751.3599853515625,751.3599853515625,0
2006-04-13,753.5999755859375,753.5999755859375,755.1500244140625,749.8499755859375,752.72998046875,0
2006-04-17,751.469970703125,751.469970703125,755.6400146484375,748.6099853515625,753.5999755859375,0
2006-04-18,765.1199951171875,765.1199951171875,765.8800048828125,751.469970703125,751.469970703125,0
2006-04-19,767.5,767.5,767.5399780273438,762.5999755859375,765.1199951171875,0
2006-04-20,767.8499755859375,767.8499755859375,771.5900268554688,764.5800170898438,767.5,0
2006-04-21,767.239990234375,767.239990234375,771.1699829101562,764.3599853515625,767.8499755859375,0
2006-04-24,764.9600219726562,764.9600219726562,767.239990234375,762.3300170898438,767.239990234375,0
2006-04-25,761.5399780273438,761.5399780273438,766.2000122070312,759.8599853515625,764.9600219726562,0
2006-04-26,763.010009765625,763.010009765625,766.7000122070312,761.5399780273438,761.5399780273438,0
2006-04-27,765.0700073242188,765.0700073242188,768.530029296875,757.0700073242188,763.010009765625,0
2006-04-28,765.8099975585938,765.8099975585938,768.8499755859375,762.969970703125,765.0700073242188,0
2006-05-01,762.5399780273438,762.5399780273438,769.8499755859375,761.6900024414062,765.8099975585938,0
2006-05-02,766.760009765625,766.760009765625,766.8599853515625,762.530029296875,762.530029296875,0
2006-05-03,764.2100219726562,764.2100219726562,766.8800048828125,761.6500244140625,766.760009765625,0
2006-05-04,767.3400268554688,767.3400268554688,768.280029296875,764.2100219726562,764.2100219726562,0
2006-05-05,775.4000244140625,775.4000244140625,775.9400024414062,767.3400268554688,767.3400268554688,0
2006-05-08,775.0599975585938,775.0599975585938,776.1300048828125,773.7999877929688,775.4000244140625,0
2006-05-09,775.0,775.0,775.9400024414062,773.75,775.0599975585938,0
2006-05-10,773.2899780273438,773.2899780273438,774.8200073242188,770.280029296875,774.7100219726562,0
2006-05-11,762.7999877929688,762.7999877929688,773.1799926757812,761.6900024414062,773.1799926757812,0
2006-05-12,753.4500122070312,753.4500122070312,762.760009765625,753.0399780273438,762.760009765625,0
2006-05-15,754.2999877929688,754.2999877929688,754.7000122070312,748.489990234375,753.4199829101562,0
2006-05-16,753.2899780273438,753.2899780273438,756.6400146484375,751.0800170898438,754.2999877929688,0
2006-05-17,740.5800170898438,740.5800170898438,753.1099853515625,739.02001953125,753.1099853515625,0
2006-05-18,735.4099731445312,735.4099731445312,743.6599731445312,735.3699951171875,740.5399780273438,0
2006-05-19,738.3300170898438,738.3300170898438,741.260009765625,731.72998046875,735.4099731445312,0
2006-05-22,734.6500244140625,734.6500244140625,738.4500122070312,728.7999877929688,738.3300170898438,0
2006-05-23,731.3200073242188,731.3200073242188,742.0499877929688,731.0800170898438,734.6400146484375,0
2006-05-24,731.9600219726562,731.9600219726562,735.8699951171875,723.3300170898438,731.3099975585938,0
2006-05-25,740.9000244140625,740.9000244140625,741.0900268554688,731.8800048828125,731.8800048828125,0
2006-05-26,745.3699951171875,745.3699951171875,745.6300048828125,740.8200073242188,740.8200073242188,0
2006-05-30,733.1300048828125,733.1300048828125,745.2999877929688,733.1300048828125,745.2999877929688,0
2006-05-31,739.780029296875,739.780029296875,739.780029296875,732.9000244140625,732.9000244140625,0
2006-06-01,749.75,749.75,749.75,739.4099731445312,739.760009765625,0
2006-06-02,751.1599731445312,751.1599731445312,753.0399780273438,746.6199951171875,749.739990234375,0
2006-06-05,736.97998046875,736.97998046875,751.280029296875,736.7899780273438,751.280029296875,0
2006-06-06,735.25,735.25,739.3699951171875,729.6500244140625,736.9400024414062,0
2006-06-07,731.1400146484375,731.1400146484375,740.989990234375,730.969970703125,735.1199951171875,0
2006-06-08,731.6199951171875,731.6199951171875,732.6599731445312,717.6400146484375,731.0999755859375,0
2006-06-09,728.5900268554688,728.5900268554688,735.2999877929688,727.2000122070312,731.6199951171875,0
2006-06-12,718.0900268554688,718.0900268554688,729.8099975585938,718.0,728.5800170898438,0
2006-06-13,710.02001953125,710.02001953125,722.2100219726562,709.1699829101562,717.9099731445312,0
2006-06-14,713.4500122070312,713.4500122070312,714.5700073242188,707.219970703125,709.989990234375,0
2006-06-15,729.8900146484375,729.8900146484375,731.3599853515625,713.4299926757812,713.4299926757812,0
2006-06-16,726.8499755859375,726.8499755859375,729.9099731445312,723.9400024414062,729.8900146484375,0
2006-06-19,719.4400024414062,719.4400024414062,729.25,717.7000122070312,726.8499755859375,0
2006-06-20,719.0,719.0,724.4299926757812,718.3200073242188,719.4299926757812,0
2006-06-21,727.0499877929688,727.0499877929688,730.25,718.97998046875,718.97998046875,0
2006-06-22,723.2000122070312,723.2000122070312,726.9099731445312,720.6400146484375,726.9099731445312,0
2006-06-23,723.3400268554688,723.3400268554688,728.0399780273438,720.530029296875,723.2000122070312,0
2006-06-26,727.25,727.25,727.4400024414062,723.3300170898438,723.3300170898438,0
2006-06-27,720.25,720.25,729.0900268554688,719.9400024414062,727.25,0
2006-06-28,723.6400146484375,723.6400146484375,724.3300170898438,718.3900146484375,720.0900268554688,0
2006-06-29,740.3800048828125,740.3800048828125,740.3800048828125,723.6099853515625,723.6099853515625,0
2006-06-30,740.1400146484375,740.1400146484375,742.7899780273438,738.9600219726562,740.3699951171875,0
2006-07-03,745.8499755859375,745.8499755859375,745.9199829101562,740.0700073242188,740.0700073242188,0
2006-07-05,739.5599975585938,739.5599975585938,745.77001953125,736.2999877929688,745.77001953125,0
2006-07-06,741.3900146484375,741.3900146484375,744.030029296875,739.3900146484375,739.3900146484375,0
2006-07-07,735.719970703125,735.719970703125,742.0,734.510009765625,741.3900146484375,0
2006-07-10,736.2999877929688,736.2999877929688,740.72998046875,734.5900268554688,735.7100219726562,0
2006-07-11,739.1599731445312,739.1599731445312,739.7000122070312,731.239990234375,736.260009765625,0
2006-07-12,730.5599975585938,730.5599975585938,739.4500122070312,729.9500122070312,739.0800170898438,0
2006-07-13,720.3599853515625,720.3599853515625,730.5399780273438,719.989990234375,730.5399780273438,0
2006-07-14,716.1900024414062,716.1900024414062,720.489990234375,711.5499877929688,720.3499755859375,0
2006-07-17,714.8400268554688,714.8400268554688,718.72998046875,712.8900146484375,716.1900024414062,0
2006-07-18,716.47998046875,716.47998046875,718.6199951171875,708.8800048828125,714.8300170898438,0
2006-07-19,730.7899780273438,730.7899780273438,731.9600219726562,715.989990234375,716.4199829101562,0
2006-07-20,722.8099975585938,722.8099975585938,732.4400024414062,722.7899780273438,730.7899780273438,0
2006-07-21,716.4000244140625,716.4000244140625,723.25,715.25,722.7999877929688,0
2006-07-24,729.2000122070312,729.2000122070312,729.9099731445312,716.3800048828125,716.3800048828125,0
2006-07-25,734.4099731445312,734.4099731445312,736.4299926757812,727.75,729.2000122070312,0
2006-07-26,733.72998046875,733.72998046875,737.0800170898438,729.4400024414062,734.4000244140625,0
2006-07-27,729.6300048828125,729.6300048828125,738.280029296875,728.8099975585938,733.6199951171875,0
2006-07-28,739.4099731445312,739.4099731445312,740.3499755859375,729.5999755859375,729.5999755859375,0
2006-07-31,738.6900024414062,738.6900024414062,739.760009765625,736.6900024414062,739.4000244140625,0
2006-08-01,734.4500122070312,734.4500122070312,738.6900024414062,731.3699951171875,738.6900024414062,0
2006-08-02,739.1400146484375,739.1400146484375,742.0499877929688,734.3499755859375,734.3499755859375,0
2006-08-03,741.260009765625,741.260009765625,743.280029296875,734.5700073242188,738.969970703125,0
2006-08-04,740.6099853515625,740.6099853515625,749.3900146484375,736.9299926757812,741.260009765625,0
2006-08-07,737.9500122070312,737.9500122070312,740.5800170898438,736.0700073242188,740.5800170898438,0
2006-08-08,734.6599731445312,734.6599731445312,741.9199829101562,732.9600219726562,737.9000244140625,0
2006-08-09,730.8800048828125,730.8800048828125,741.6599731445312,730.2000122070312,734.489990234375,0
2006-08-10,734.3800048828125,734.3800048828125,734.9199829101562,727.6300048828125,730.760009765625,0
2006-08-11,730.7899780273438,730.7899780273438,734.2999877929688,728.1099853515625,734.2999877929688,0
2006-08-14,731.9000244140625,731.9000244140625,738.4600219726562,730.739990234375,730.739990234375,0
2006-08-15,742.8400268554688,742.8400268554688,743.0800170898438,731.8900146484375,731.8900146484375,0
2006-08-16,749.3200073242188,749.3200073242188,749.760009765625,742.6900024414062,742.6900024414062,0
2006-08-17,750.6400146484375,750.6400146484375,752.7999877929688,747.7899780273438,749.2999877929688,0
2006-08-18,753.02001953125,753.02001953125,753.0399780273438,747.75,750.6400146484375,0
2006-08-21,749.5700073242188,749.5700073242188,753.02001953125,748.239990234375,753.02001953125,0
2006-08-22,750.5599975585938,750.5599975585938,752.5900268554688,747.9000244140625,749.5599975585938,0
2006-08-23,746.3800048828125,746.3800048828125,752.3099975585938,744.489990234375,750.510009765625,0
2006-08-24,747.8300170898438,747.8300170898438,748.7100219726562,744.72998046875,746.3599853515625,0
2006-08-25,747.3099975585938,747.3099975585938,749.8200073242188,745.6199951171875,747.760009765625,0
2006-08-28,751.9000244140625,751.9000244140625,753.5399780273438,746.7899780273438,747.3099975585938,0
2006-08-29,754.1599731445312,754.1599731445312,754.489990234375,748.1699829101562,751.7999877929688,0
2006-08-30,755.5499877929688,755.5499877929688,756.0700073242188,753.2100219726562,753.8599853515625,0
2006-08-31,755.0900268554688,755.0900268554688,756.5399780273438,754.1900024414062,754.989990234375,0
2006-09-01,758.7899780273438,758.7899780273438,759.72998046875,755.0900268554688,755.0900268554688,0
2006-09-05,760.6300048828125,760.6300048828125,761.3400268554688,757.530029296875,758.760009765625,0
2006-09-06,752.0999755859375,752.0999755859375,760.52001953125,751.7000122070312,760.52001953125,0
2006-09-07,748.25,748.25,752.8200073242188,746.969970703125,752.0700073242188,0
2006-09-08,750.9299926757812,750.9299926757812,751.72998046875,748.25,748.25,0
2006-09-11,751.0800170898438,751.0800170898438,752.9299926757812,745.5900268554688,750.9000244140625,0
2006-09-12,760.2000122070312,760.2000122070312,760.8900146484375,751.0700073242188,751.0700073242188,0
2006-09-13,763.5399780273438,763.5399780273438,764.5399780273438,759.0999755859375,760.0,0
2006-09-14,762.219970703125,762.219970703125,763.5,760.27001953125,763.5,0
2006-09-15,764.02001953125,764.02001953125,766.97998046875,762.2100219726562,762.2100219726562,0
2006-09-18,764.4400024414062,764.4400024414062,766.9500122070312,762.780029296875,764.0700073242188,0
2006-09-19,762.2000122070312,762.2000122070312,764.8699951171875,758.1599731445312,764.4299926757812,0
2006-09-20,767.0999755859375,767.0999755859375,769.1400146484375,762.5499877929688,762.5499877929688,0
2006-09-21,762.4199829101562,762.4199829101562,768.8300170898438,760.8800048828125,766.9600219726562,0
2006-09-22,759.77001953125,759.77001953125,762.4199829101562,757.3400268554688,762.4199829101562,0
2006-09-25,766.4600219726562,766.4600219726562,768.0900268554688,757.3599853515625,759.77001953125,0
2006-09-26,771.9000244140625,771.9000244140625,772.0900268554688,765.719970703125,766.4500122070312,0
2006-09-27,772.3900146484375,772.3900146484375,774.3599853515625,770.510009765625,771.75,0
2006-09-28,773.5900268554688,773.5900268554688,774.530029296875,770.2100219726562,772.3699951171875,0
2006-09-29,771.0700073242188,771.0700073242188,774.1900024414062,770.9500122070312,773.5900268554688,0
2006-10-02,768.010009765625,768.010009765625,772.6599731445312,767.2000122070312,771.0499877929688,0
2006-10-03,769.219970703125,769.219970703125,771.8400268554688,765.0599975585938,768.0,0
2006-10-04,779.280029296875,779.280029296875,779.280029296875,767.7999877929688,769.0800170898438,0
2006-10-05,782.489990234375,782.489990234375,782.6400146484375,778.4299926757812,779.0900268554688,0
2006-10-06,780.1500244140625,780.1500244140625,782.489990234375,776.9500122070312,782.489990234375,0
2006-10-09,781.72998046875,781.72998046875,782.9199829101562,778.260009765625,780.1400146484375,0
2006-10-10,783.3499755859375,783.3499755859375,784.0399780273438,780.3800048828125,781.7100219726562,0
2006-10-11,781.1300048828125,781.1300048828125,783.8200073242188,777.219970703125,783.280029296875,0
2006-10-12,789.5900268554688,789.5900268554688,789.7999877929688,781.1099853515625,781.1099853515625,0
2006-10-13,791.6599731445312,791.6599731445312,792.1699829101562,788.4500122070312,789.5800170898438,0
2006-10-16,794.3400268554688,794.3400268554688,794.8499755859375,791.280029296875,791.6599731445312,0
2006-10-17,790.9400024414062,790.9400024414062,794.3400268554688,786.75,794.3400268554688,0
2006-10-18,791.5800170898438,791.5800170898438,796.1400146484375,788.9400024414062,790.8800048828125,0
2006-10-19,792.469970703125,792.469970703125,793.3599853515625,789.3200073242188,791.6799926757812,0
2006-10-20,792.4500122070312,792.4500122070312,793.1900024414062,789.1099853515625,792.4600219726562,0
2006-10-23,796.9600219726562,796.9600219726562,797.4500122070312,789.47998046875,792.4400024414062,0
2006-10-24,797.010009765625,797.010009765625,797.27001953125,794.0399780273438,796.9600219726562,0
2006-10-25,799.8900146484375,799.8900146484375,800.5900268554688,795.9199829101562,797.0,0
2006-10-26,804.75,804.75,804.8400268554688,798.2100219726562,799.8800048828125,0
2006-10-27,797.72998046875,797.72998046875,804.6500244140625,797.010009765625,804.6500244140625,0
2006-10-30,798.5,798.5,800.3599853515625,795.030029296875,797.7000122070312,0
2006-10-31,798.0499877929688,798.0499877929688,800.4000244140625,794.72998046875,798.5,0
2006-11-01,791.1400146484375,791.1400146484375,800.52001953125,790.4600219726562,797.9500122070312,0
2006-11-02,790.6799926757812,790.6799926757812,791.52001953125,787.3599853515625,790.969970703125,0
2006-11-03,789.510009765625,789.510009765625,793.4500122070312,786.97998046875,790.6699829101562,0
2006-11-06,798.7000122070312,798.7000122070312,799.760009765625,789.489990234375,789.489990234375,0
2006-11-07,800.4199829101562,800.4199829101562,803.8599853515625,798.2100219726562,798.6799926757812,0
2006-11-08,802.6300048828125,802.6300048828125,804.27001953125,798.1799926757812,800.25,0
2006-11-09,798.1300048828125,798.1300048828125,804.3900146484375,797.2000122070312,802.489990234375,0
2006-11-10,800.4500122070312,800.4500122070312,800.4500122070312,797.0599975585938,798.1199951171875,0
2006-11-13,802.6099853515625,802.6099853515625,804.3300170898438,799.22998046875,800.280029296875,0
2006-11-14,808.5399780273438,808.5399780273438,808.8300170898438,799.47998046875,802.5800170898438,0
2006-11-15,811.2100219726562,811.2100219726562,813.8499755859375,807.989990234375,808.3800048828125,0
2006-11-16,812.739990234375,812.739990234375,814.8400268554688,811.1799926757812,811.1799926757812,0
2006-11-17,813.1300048828125,813.1300048828125,813.1300048828125,809.5499877929688,812.739990234375,0
2006-11-20,813.1900024414062,813.1900024414062,815.3599853515625,811.52001953125,813.1099853515625,0
2006-11-21,814.8099975585938,814.8099975585938,815.0399780273438,812.7100219726562,813.1500244140625,0
2006-11-22,817.0,817.0,817.9099731445312,814.5700073242188,814.75,0
2006-11-24,814.52001953125,814.52001953125,816.9199829101562,812.9600219726562,816.9199829101562,0
2006-11-27,802.1099853515625,802.1099853515625,814.52001953125,801.8900146484375,814.52001953125,0
2006-11-28,804.739990234375,804.739990234375,805.2999877929688,799.47998046875,801.9400024414062,0
2006-11-29,812.489990234375,812.489990234375,813.2999877929688,804.4299926757812,804.4299926757812,0
2006-11-30,813.5700073242188,813.5700073242188,816.6300048828125,809.3200073242188,812.47998046875,0
2006-12-01,811.3499755859375,811.3499755859375,814.77001953125,804.7999877929688,813.5599975585938,0
2006-12-04,819.4400024414062,819.4400024414062,820.5599975585938,811.3300170898438,811.3300170898438,0
2006-12-05,822.6099853515625,822.6099853515625,823.1599731445312,819.1400146484375,819.4299926757812,0
2006-12-06,821.5499877929688,821.5499877929688,823.3499755859375,820.1300048828125,822.4299926757812,0
2006-12-07,818.260009765625,818.260009765625,824.5999755859375,818.030029296875,821.530029296875,0
2006-12-08,819.530029296875,819.530029296875,822.1400146484375,815.760009765625,818.25,0
2006-12-11,821.2100219726562,821.2100219726562,822.75,818.5800170898438,819.52001953125,0
2006-12-12,819.6300048828125,819.6300048828125,821.239990234375,815.780029296875,821.1900024414062,0
2006-12-13,820.2999877929688,820.2999877929688,822.6799926757812,819.0,819.469970703125,0
2006-12-14,827.010009765625,827.010009765625,828.0900268554688,820.27001953125,820.27001953125,0
2006-12-15,827.469970703125,827.469970703125,830.4199829101562,826.7899780273438,827.0,0
2006-12-18,823.8499755859375,823.8499755859375,830.3499755859375,822.72998046875,827.469970703125,0
2006-12-19,825.3300170898438,825.3300170898438,826.9099731445312,819.0999755859375,823.8200073242188,0
2006-12-20,824.72998046875,824.72998046875,827.969970703125,824.6300048828125,825.2999877929688,0
2006-12-21,821.5599975585938,821.5599975585938,826.6699829101562,820.1699829101562,824.5700073242188,0
2006-12-22,817.5,817.5,821.8699951171875,817.1199951171875,821.4600219726562,0
2006-12-26,821.4400024414062,821.4400024414062,821.9400024414062,817.2100219726562,817.489990234375,0
2006-12-27,827.5,827.5,827.9099731445312,821.2100219726562,821.2100219726562,0
2006-12-28,826.1300048828125,826.1300048828125,827.77001953125,824.760009765625,827.469970703125,0
2006-12-29,822.1300048828125,822.1300048828125,827.510009765625,821.3400268554688,826.1199951171875,0
2007-01-03,821.6400146484375,821.6400146484375,829.010009765625,816.0700073242188,822.0,0
2007-01-04,823.1199951171875,823.1199951171875,825.0399780273438,816.6400146484375,821.6099853515625,0
2007-01-05,817.2000122070312,817.2000122070312,823.1199951171875,814.97998046875,823.1199951171875,0
2007-01-08,819.02001953125,819.02001953125,820.3599853515625,813.5700073242188,816.989990234375,0
2007-01-09,819.1500244140625,819.1500244140625,820.6199951171875,814.5900268554688,819.02001953125,0
2007-01-10,821.2000122070312,821.2000122070312,821.8900146484375,815.219970703125,817.1099853515625,0
2007-01-11,827.2999877929688,827.2999877929688,829.0499877929688,821.1799926757812,821.1799926757812,0
2007-01-12,831.6400146484375,831.6400146484375,831.760009765625,826.6799926757812,827.2899780273438,0
2007-01-16,832.010009765625,832.010009765625,833.9500122070312,830.3599853515625,831.6400146484375,0
2007-01-17,831.0499877929688,831.0499877929688,833.969970703125,830.0499877929688,831.9400024414062,0
2007-01-18,827.4299926757812,827.4299926757812,832.1099853515625,826.1300048828125,831.030029296875,0
2007-01-19,830.4099731445312,830.4099731445312,830.510009765625,826.6799926757812,827.4199829101562,0
2007-01-22,825.7899780273438,825.7899780273438,830.8800048828125,824.2999877929688,830.4000244140625,0
2007-01-23,829.1699829101562,829.1699829101562,831.3699951171875,824.989990234375,825.7899780273438,0
2007-01-24,836.5800170898438,836.5800170898438,836.5800170898438,829.1500244140625,829.1500244140625,0
2007-01-25,827.25,827.25,836.6900024414062,826.1699829101562,836.5800170898438,0
2007-01-26,826.9500122070312,826.9500122070312,829.0599975585938,823.4299926757812,827.25,0
2007-01-29,826.9500122070312,826.9500122070312,830.4199829101562,825.3699951171875,826.8599853515625,0
2007-01-30,831.5599975585938,831.5599975585938,831.5599975585938,826.9299926757812,826.9299926757812,0
2007-01-31,836.9600219726562,836.9600219726562,838.969970703125,829.030029296875,831.47998046875,0
2007-02-01,841.8800048828125,841.8800048828125,842.219970703125,836.780029296875,836.780029296875,0
2007-02-02,843.4099731445312,843.4099731445312,843.9600219726562,841.0599975585938,841.8699951171875,0
2007-02-05,842.5700073242188,842.5700073242188,843.9600219726562,840.6900024414062,843.3800048828125,0
2007-02-06,843.780029296875,843.780029296875,844.510009765625,840.52001953125,842.5599975585938,0
2007-02-07,845.780029296875,845.780029296875,847.1799926757812,843.4500122070312,843.47998046875,0
2007-02-08,844.9099731445312,844.9099731445312,846.0499877929688,841.780029296875,845.760009765625,0
2007-02-09,838.4299926757812,838.4299926757812,847.0800170898438,835.4299926757812,844.8900146484375,0
2007-02-12,835.4400024414062,835.4400024414062,838.9299926757812,834.0900268554688,838.3800048828125,0
2007-02-13,841.969970703125,841.969970703125,841.969970703125,835.3499755859375,835.3499755859375,0
2007-02-14,847.989990234375,847.989990234375,849.3800048828125,841.7999877929688,841.7999877929688,0
2007-02-15,849.1599731445312,849.1599731445312,849.8499755859375,846.9000244140625,847.9199829101562,0
2007-02-16,848.97998046875,848.97998046875,849.1500244140625,845.969970703125,849.1500244140625,0
2007-02-20,852.4199829101562,852.4199829101562,852.8900146484375,845.2999877929688,848.97998046875,0
2007-02-21,851.6199951171875,851.6199951171875,852.3699951171875,848.010009765625,852.3699951171875,0
2007-02-22,850.969970703125,850.969970703125,853.97998046875,847.3300170898438,851.4500122070312,0
2007-02-23,848.1500244140625,848.1500244140625,850.8900146484375,846.1500244140625,850.8900146484375,0
2007-02-26,846.5999755859375,846.5999755859375,851.5,843.97998046875,848.0700073242188,0
2007-02-27,817.4199829101562,817.4199829101562,846.52001953125,812.6900024414062,846.52001953125,0
2007-02-28,821.510009765625,821.510009765625,826.3699951171875,815.219970703125,817.22998046875,0
2007-03-01,819.3400268554688,819.3400268554688,823.1599731445312,805.6799926757812,821.5,0
2007-03-02,809.0800170898438,809.0800170898438,819.3400268554688,808.8699951171875,819.3400268554688,0
2007-03-05,799.9199829101562,799.9199829101562,810.6199951171875,799.8599853515625,809.0599975585938,0
2007-03-06,813.0399780273438,813.0399780273438,814.7100219726562,799.8800048828125,799.8800048828125,0
2007-03-07,810.989990234375,810.989990234375,816.260009765625,810.1400146484375,812.8400268554688,0
2007-03-08,816.77001953125,816.77001953125,820.5399780273438,810.9400024414062,810.9400024414062,0
2007-03-09,817.8400268554688,817.8400268554688,821.6900024414062,814.52001953125,816.77001953125,0
2007-03-12,820.3099975585938,820.3099975585938,821.77001953125,815.4600219726562,817.8099975585938,0
2007-03-13,803.3800048828125,803.3800048828125,820.1199951171875,803.1900024414062,820.1199951171875,0
2007-03-14,808.4500122070312,808.4500122070312,809.1400146484375,794.8800048828125,803.3200073242188,0
2007-03-15,812.2899780273438,812.2899780273438,813.77001953125,807.9000244140625,808.4199829101562,0
2007-03-16,808.8800048828125,808.8800048828125,814.8699951171875,807.1300048828125,812.280029296875,0
2007-03-19,817.6699829101562,817.6699829101562,818.4500122070312,808.8800048828125,808.8800048828125,0
2007-03-20,823.1699829101562,823.1699829101562,823.25,816.8300170898438,817.6599731445312,0
2007-03-21,836.969970703125,836.969970703125,838.2999877929688,822.4099731445312,823.1500244140625,0
2007-03-22,836.8400268554688,836.8400268554688,838.2999877929688,834.0399780273438,836.969970703125,0
2007-03-23,837.7999877929688,837.7999877929688,839.27001953125,836.280029296875,836.8400268554688,0
2007-03-26,838.25,838.25,838.25,830.2999877929688,837.7899780273438,0
2007-03-27,833.030029296875,833.030029296875,838.239990234375,831.3099975585938,838.239990234375,0
2007-03-28,826.8200073242188,826.8200073242188,832.8599853515625,824.5900268554688,832.8599853515625,0
2007-03-29,829.4600219726562,829.4600219726562,832.030029296875,823.8400268554688,826.7999877929688,0
2007-03-30,829.0499877929688,829.0499877929688,833.6400146484375,822.3900146484375,829.4500122070312,0
2007-04-02,831.280029296875,831.280029296875,831.5999755859375,826.739990234375,829.0399780273438,0
2007-04-03,839.0800170898438,839.0800170898438,840.6799926757812,831.1400146484375,831.1400146484375,0
2007-04-04,839.9099731445312,839.9099731445312,840.25,837.3800048828125,839.0599975585938,0
2007-04-05,842.530029296875,842.530029296875,843.1199951171875,838.5700073242188,839.7000122070312,0
2007-04-09,843.010009765625,843.010009765625,844.9400024414062,841.9199829101562,842.530029296875,0
2007-04-10,845.1199951171875,845.1199951171875,845.6500244140625,842.6699829101562,843.0,0
2007-04-11,839.5399780273438,839.5399780273438,845.1400146484375,837.7100219726562,845.030029296875,0
2007-04-12,844.6699829101562,844.6699829101562,844.75,836.260009765625,839.52001953125,0
2007-04-13,847.780029296875,847.780029296875,847.780029296875,842.47998046875,844.6599731445312,0
2007-04-16,856.8499755859375,856.8499755859375,856.9099731445312,847.780029296875,847.780029296875,0
2007-04-17,858.280029296875,858.280029296875,859.8900146484375,855.9400024414062,856.9299926757812,0
2007-04-18,858.4400024414062,858.4400024414062,860.77001953125,854.9199829101562,858.27001953125,0
2007-04-19,856.72998046875,856.72998046875,859.0900268554688,853.22998046875,858.4199829101562,0
2007-04-20,864.5499877929688,864.5499877929688,864.6500244140625,856.7000122070312,856.7000122070312,0
2007-04-23,862.9199829101562,862.9199829101562,866.3400268554688,862.0999755859375,864.5399780273438,0
2007-04-24,862.3499755859375,862.3499755859375,864.2000122070312,858.4000244140625,862.9199829101562,0
2007-04-25,870.3699951171875,870.3699951171875,871.1599731445312,862.280029296875,862.280029296875,0
2007-04-26,870.1599731445312,870.1599731445312,872.0599975585938,867.77001953125,870.2899780273438,0
2007-04-27,869.3300170898438,869.3300170898438,871.2100219726562,866.3900146484375,870.1300048828125,0
2007-04-30,861.3800048828125,861.3800048828125,870.77001953125,861.3300170898438,869.3300170898438,0
2007-05-01,863.5700073242188,863.5700073242188,864.1199951171875,857.469970703125,861.3800048828125,0
2007-05-02,870.2899780273438,870.2899780273438,872.0599975585938,863.469970703125,863.469970703125,0
2007-05-03,873.5999755859375,873.5999755859375,874.2899780273438,870.0999755859375,870.0999755859375,0
2007-05-04,875.77001953125,875.77001953125,877.9099731445312,873.1900024414062,873.5700073242188,0
2007-05-07,877.510009765625,877.510009765625,878.719970703125,875.75,875.75,0
2007-05-08,876.6199951171875,876.6199951171875,877.4500122070312,871.760009765625,877.4500122070312,0
2007-05-09,879.8499755859375,879.8499755859375,880.5599975585938,874.3200073242188,876.4199829101562,0
2007-05-10,867.1900024414062,867.1900024414062,879.719970703125,867.0999755859375,879.719970703125,0
2007-05-11,875.6900024414062,875.6900024414062,875.8599853515625,867.1900024414062,867.1900024414062,0
2007-05-14,873.3800048828125,873.3800048828125,878.3900146484375,870.75,875.6400146484375,0
2007-05-15,871.0499877929688,871.0499877929688,879.4199829101562,870.6099853515625,873.3599853515625,0
2007-05-16,878.1799926757812,878.1799926757812,878.1799926757812,870.780029296875,870.8499755859375,0
2007-05-17,877.0599975585938,877.0599975585938,879.719970703125,875.0700073242188,878.1199951171875,0
2007-05-18,882.9099731445312,882.9099731445312,883.1799926757812,877.0599975585938,877.0599975585938,0
2007-05-21,885.7100219726562,885.7100219726562,888.3599853515625,882.9099731445312,882.9099731445312,0
2007-05-22,886.3200073242188,886.3200073242188,889.0,884.4299926757812,885.7100219726562,0
2007-05-23,884.760009765625,884.760009765625,891.2100219726562,884.5399780273438,886.2999877929688,0
2007-05-24,875.260009765625,875.260009765625,888.739990234375,873.77001953125,884.6699829101562,0
2007-05-25,880.1900024414062,880.1900024414062,881.2899780273438,875.25,875.25,0
2007-05-29,882.7999877929688,882.7999877929688,884.7100219726562,879.2100219726562,880.0999755859375,0
2007-05-30,889.969970703125,889.969970703125,889.969970703125,877.9500122070312,882.530029296875,0
2007-05-31,890.9500122070312,890.9500122070312,893.6099853515625,889.1900024414062,889.9500122070312,0
2007-06-01,894.7000122070312,894.7000122070312,897.0,890.9500122070312,890.9500122070312,0
2007-06-04,896.4099731445312,896.4099731445312,896.969970703125,892.5399780273438,894.6799926757812,0
2007-06-05,891.3400268554688,891.3400268554688,896.3800048828125,888.239990234375,896.3800048828125,0
2007-06-06,883.010009765625,883.010009765625,891.1500244140625,880.9400024414062,891.1500244140625,0
2007-06-07,867.1199951171875,867.1199951171875,882.989990234375,866.989990234375,882.989990234375,0
2007-06-08,876.9199829101562,876.9199829101562,876.9600219726562,865.02001953125,867.1199951171875,0
2007-06-11,877.3699951171875,877.3699951171875,881.02001953125,874.02001953125,876.9000244140625,0
2007-06-12,867.9299926757812,867.9299926757812,878.3200073242188,867.8900146484375,877.3699951171875,0
2007-06-13,880.27001953125,880.27001953125,880.280029296875,867.72998046875,867.72998046875,0
2007-06-14,884.6400146484375,884.6400146484375,886.8900146484375,880.2100219726562,880.2100219726562,0
2007-06-15,890.9299926757812,890.9299926757812,894.25,884.6400146484375,884.6400146484375,0
2007-06-18,889.5499877929688,889.5499877929688,892.3900146484375,888.3699951171875,890.9199829101562,0
2007-06-19,891.0700073242188,891.0700073242188,892.0,886.0900268554688,889.5399780273438,0
2007-06-20,879.1900024414062,879.1900024414062,893.219970703125,878.97998046875,891.0499877929688,0
2007-06-21,884.2999877929688,884.2999877929688,884.719970703125,874.0599975585938,879.02001953125,0
2007-06-22,873.1199951171875,873.1199951171875,884.2999877929688,872.1500244140625,884.2999877929688,0
2007-06-25,869.3699951171875,869.3699951171875,878.989990234375,866.5,873.1199951171875,0
2007-06-26,866.3599853515625,866.3599853515625,873.6799926757812,864.9500122070312,869.3300170898438,0
2007-06-27,874.7899780273438,874.7899780273438,875.0399780273438,861.219970703125,866.1900024414062,0
2007-06-28,874.739990234375,874.739990234375,880.030029296875,873.489990234375,874.77001953125,0
2007-06-29,873.1900024414062,873.1900024414062,881.510009765625,868.1099853515625,874.72998046875,0
2007-07-02,882.989990234375,882.989990234375,882.989990234375,873.1799926757812,873.1799926757812,0
2007-07-03,886.1400146484375,886.1400146484375,886.7000122070312,882.8400268554688,882.8400268554688,0
2007-07-05,886.97998046875,886.97998046875,887.5399780273438,882.280029296875,886.1300048828125,0
2007-07-06,890.2899780273438,890.2899780273438,891.3099975585938,884.1599731445312,886.760009765625,0
2007-07-09,891.1500244140625,891.1500244140625,892.4199829101562,888.280029296875,890.2899780273438,0
2007-07-10,878.2999877929688,878.2999877929688,891.1400146484375,878.2000122070312,891.1400146484375,0
2007-07-11,883.0399780273438,883.0399780273438,883.27001953125,875.9000244140625,878.2000122070312,0
2007-07-12,899.1699829101562,899.1699829101562,899.2000122070312,883.030029296875,883.030029296875,0
2007-07-13,901.97998046875,901.97998046875,903.2000122070312,897.510009765625,899.1599731445312,0
2007-07-16,899.4299926757812,899.4299926757812,903.6699829101562,897.9600219726562,901.97998046875,0
2007-07-17,899.4199829101562,899.4199829101562,903.030029296875,898.6400146484375,899.4299926757812,0
2007-07-18,897.4000244140625,897.4000244140625,899.3400268554688,889.969970703125,899.3400268554688,0
2007-07-19,901.7100219726562,901.7100219726562,902.9500122070312,897.3800048828125,897.3800048828125,0
2007-07-20,890.52001953125,890.52001953125,901.7100219726562,887.5800170898438,901.7100219726562,0
2007-07-23,893.8099975585938,893.8099975585938,897.4500122070312,890.510009765625,890.510009765625,0
2007-07-24,875.2999877929688,875.2999877929688,893.8099975585938,873.7000122070312,893.8099975585938,0
2007-07-25,878.3099975585938,878.3099975585938,883.1500244140625,870.5800170898438,875.2899780273438,0
2007-07-26,857.6900024414062,857.6900024414062,878.2999877929688,847.4000244140625,878.2999877929688,0
2007-07-27,844.3099975585938,844.3099975585938,861.1500244140625,844.3099975585938,857.5700073242188,0
2007-07-30,852.8200073242188,852.8200073242188,855.2899780273438,841.27001953125,844.2899780273438,0
2007-07-31,843.8900146484375,843.8900146484375,861.7999877929688,843.8900146484375,852.8099975585938,0
2007-08-01,847.4500122070312,847.4500122070312,848.72998046875,832.7899780273438,842.530029296875,0
2007-08-02,851.8699951171875,851.8699951171875,854.0,844.9600219726562,847.280029296875,0
2007-08-03,828.6900024414062,828.6900024414062,852.5,828.5499877929688,851.8599853515625,0
2007-08-06,846.2999877929688,846.2999877929688,846.2999877929688,823.530029296875,828.6699829101562,0
2007-08-07,851.97998046875,851.97998046875,855.2000122070312,839.469970703125,846.27001953125,0
2007-08-08,864.7999877929688,864.7999877929688,869.239990234375,851.7899780273438,851.7899780273438,0
2007-08-09,840.9600219726562,840.9600219726562,864.6699829101562,840.9600219726562,864.6699829101562,0
2007-08-10,841.3699951171875,841.3699951171875,846.719970703125,826.47998046875,840.9500122070312,0
2007-08-13,840.6500244140625,840.6500244140625,849.030029296875,840.2000122070312,841.260009765625,0
2007-08-14,825.0399780273438,825.0399780273438,842.8599853515625,824.9400024414062,840.6300048828125,0
2007-08-15,812.6199951171875,812.6199951171875,833.280029296875,811.6300048828125,824.8400268554688,0
2007-08-16,815.4299926757812,815.4299926757812,817.8499755859375,790.97998046875,812.5900268554688,0
2007-08-17,835.1799926757812,835.1799926757812,838.9299926757812,815.4299926757812,815.4299926757812,0
2007-08-20,835.75,835.75,839.0800170898438,827.1199951171875,835.1799926757812,0
2007-08-21,837.1599731445312,837.1599731445312,841.3800048828125,832.3800048828125,835.75,0
2007-08-22,847.510009765625,847.510009765625,848.1199951171875,837.1199951171875,837.1199951171875,0
2007-08-23,845.6900024414062,845.6900024414062,852.1500244140625,841.0900268554688,847.5,0
2007-08-24,855.72998046875,855.72998046875,855.72998046875,844.5,845.6199951171875,0
2007-08-27,848.2100219726562,848.2100219726562,855.719970703125,847.7100219726562,855.719970703125,0
2007-08-28,828.0999755859375,828.0999755859375,848.1799926757812,827.9199829101562,848.1799926757812,0
2007-08-29,846.3200073242188,846.3200073242188,846.3200073242188,827.8300170898438,827.8300170898438,0
2007-08-30,843.02001953125,843.02001953125,849.3599853515625,839.280029296875,846.280029296875,0
2007-08-31,852.97998046875,852.97998046875,857.010009765625,843.0,843.0,0
2007-09-04,862.1900024414062,862.1900024414062,866.3300170898438,852.0999755859375,852.9600219726562,0
2007-09-05,852.5900268554688,852.5900268554688,861.8800048828125,849.2100219726562,861.8800048828125,0
2007-09-06,856.02001953125,856.02001953125,857.8099975585938,849.469970703125,852.469970703125,0
2007-09-07,841.4199829101562,841.4199829101562,856.02001953125,838.780029296875,856.02001953125,0
2007-09-10,839.3400268554688,839.3400268554688,846.3699951171875,831.75,841.3900146484375,0
2007-09-11,850.8200073242188,850.8200073242188,851.3499755859375,839.3300170898438,839.3300170898438,0
2007-09-12,850.47998046875,850.47998046875,855.1900024414062,847.6699829101562,850.6099853515625,0
2007-09-13,856.8499755859375,856.8499755859375,860.5399780273438,850.4299926757812,850.4299926757812,0
2007-09-14,857.7000122070312,857.7000122070312,858.4199829101562,850.3900146484375,856.8499755859375,0
2007-09-17,852.72998046875,852.72998046875,857.6900024414062,850.2999877929688,857.6900024414062,0
2007-09-18,878.0999755859375,878.0999755859375,878.1099853515625,852.719970703125,852.719970703125,0
2007-09-19,883.8599853515625,883.8599853515625,889.7000122070312,878.0800170898438,878.0800170898438,0
2007-09-20,877.9500122070312,877.9500122070312,883.969970703125,876.25,883.7000122070312,0
2007-09-21,881.8699951171875,881.8699951171875,884.969970703125,877.9500122070312,877.9500122070312,0
2007-09-24,877.0999755859375,877.0999755859375,884.3599853515625,875.969970703125,881.8699951171875,0
2007-09-25,876.6199951171875,876.6199951171875,877.1400146484375,870.719970703125,877.0900268554688,0
2007-09-26,881.6900024414062,881.6900024414062,883.72998046875,876.4500122070312,876.4500122070312,0
2007-09-27,885.8400268554688,885.8400268554688,886.3800048828125,881.6400146484375,881.6400146484375,0
2007-09-28,882.7899780273438,882.7899780273438,887.3900146484375,880.1500244140625,885.8300170898438,0
2007-10-01,895.219970703125,895.219970703125,896.22998046875,882.780029296875,882.780029296875,0
2007-10-02,896.030029296875,896.030029296875,896.2100219726562,892.1300048828125,895.2100219726562,0
2007-10-03,891.8099975585938,891.8099975585938,895.8800048828125,889.9099731445312,895.8800048828125,0
2007-10-04,893.7000122070312,893.7000122070312,894.4000244140625,890.4000244140625,891.7999877929688,0
2007-10-05,903.3599853515625,903.3599853515625,905.5800170898438,893.489990234375,893.489990234375,0
2007-10-08,900.3200073242188,900.3200073242188,903.3599853515625,898.1900024414062,903.3599853515625,0
2007-10-09,907.5800170898438,907.5800170898438,907.5900268554688,899.8200073242188,900.3099975585938,0
2007-10-10,906.47998046875,906.47998046875,908.010009765625,902.0700073242188,907.5,0
2007-10-11,901.0599975585938,901.0599975585938,914.2999877929688,896.5700073242188,906.4199829101562,0
2007-10-12,905.6699829101562,905.6699829101562,906.5,901.0599975585938,901.0599975585938,0
2007-10-15,897.7100219726562,897.7100219726562,907.260009765625,893.1099853515625,905.6599731445312,0
2007-10-16,891.5999755859375,891.5999755859375,897.7100219726562,890.3900146484375,897.7100219726562,0
2007-10-17,893.1599731445312,893.1599731445312,898.8200073242188,884.25,891.52001953125,0
2007-10-18,892.72998046875,892.72998046875,894.4400024414062,887.3900146484375,893.1400146484375,0
2007-10-19,869.6900024414062,869.6900024414062,892.72998046875,869.5,892.72998046875,0
2007-10-22,873.8800048828125,873.8800048828125,874.780029296875,863.25,869.6799926757812,0
2007-10-23,881.7100219726562,881.7100219726562,881.8900146484375,872.1400146484375,873.8800048828125,0
2007-10-24,879.0900268554688,879.0900268554688,881.7000122070312,864.0,881.7000122070312,0
2007-10-25,877.52001953125,877.52001953125,883.3599853515625,869.6599731445312,879.0800170898438,0
2007-10-26,889.6099853515625,889.6099853515625,889.739990234375,877.52001953125,877.52001953125,0
2007-10-29,892.9299926757812,892.9299926757812,895.25,889.489990234375,889.489990234375,0
2007-10-30,887.0999755859375,887.0999755859375,892.9099731445312,886.219970703125,892.9099731445312,0
2007-10-31,898.0700073242188,898.0700073242188,899.8599853515625,886.239990234375,887.0499877929688,0
2007-11-01,874.0700073242188,874.0700073242188,897.9000244140625,873.1400146484375,897.9000244140625,0
2007-11-02,874.739990234375,874.739990234375,876.9500122070312,865.4500122070312,874.0499877929688,0
2007-11-05,869.489990234375,869.489990234375,874.7100219726562,862.6699829101562,874.7100219726562,0
2007-11-06,880.0900268554688,880.0900268554688,880.2999877929688,867.3099975585938,869.47998046875,0
2007-11-07,854.8099975585938,854.8099975585938,879.719970703125,854.5499877929688,879.719970703125,0
2007-11-08,855.0599975585938,855.0599975585938,859.280029296875,840.239990234375,854.780029296875,0
2007-11-09,842.989990234375,842.989990234375,855.030029296875,839.6400146484375,855.030029296875,0
2007-11-12,833.7000122070312,833.7000122070312,848.8400268554688,833.1599731445312,842.989990234375,0
2007-11-13,857.3099975585938,857.3099975585938,857.4000244140625,833.5,833.5,0
2007-11-14,851.4099731445312,851.4099731445312,863.8599853515625,849.22998046875,857.1199951171875,0
2007-11-15,840.5700073242188,840.5700073242188,852.3200073242188,835.8800048828125,851.3800048828125,0
2007-11-16,844.1500244140625,844.1500244140625,846.2000122070312,835.5399780273438,840.5599975585938,0
2007-11-19,828.780029296875,828.780029296875,844.1300048828125,826.9199829101562,844.1300048828125,0
2007-11-20,831.510009765625,831.510009765625,839.4099731445312,819.75,828.7100219726562,0
2007-11-21,819.030029296875,819.030029296875,831.4600219726562,817.5399780273438,831.4600219726562,0
2007-11-23,832.5900268554688,832.5900268554688,833.3099975585938,818.9600219726562,818.9600219726562,0
2007-11-26,814.0399780273438,814.0399780273438,836.0800170898438,813.489990234375,832.5900268554688,0
2007-11-27,825.3699951171875,825.3699951171875,826.0499877929688,813.8300170898438,813.8699951171875,0
2007-11-28,849.4199829101562,849.4199829101562,850.75,825.1300048828125,825.1300048828125,0
2007-11-29,849.5900268554688,849.5900268554688,852.1099853515625,843.4199829101562,849.3599853515625,0
2007-11-30,855.8499755859375,855.8499755859375,861.27001953125,849.5900268554688,849.5900268554688,0
2007-12-03,850.77001953125,850.77001953125,856.25,849.8400268554688,855.8200073242188,0
2007-12-04,845.1199951171875,845.1199951171875,850.77001953125,843.3900146484375,850.77001953125,0
2007-12-05,857.6400146484375,857.6400146484375,858.5700073242188,844.760009765625,844.760009765625,0
2007-12-06,871.6300048828125,871.6300048828125,871.8200073242188,856.260009765625,857.5700073242188,0
2007-12-07,870.8099975585938,870.8099975585938,873.6699829101562,869.3800048828125,871.6199951171875,0
2007-12-10,877.4299926757812,877.4299926757812,878.9299926757812,870.780029296875,870.780029296875,0
2007-12-11,854.5900268554688,854.5900268554688,881.5800170898438,853.8800048828125,877.4199829101562,0
2007-12-12,859.219970703125,859.219970703125,874.2000122070312,849.0,854.47998046875,0
2007-12-13,859.9099731445312,859.9099731445312,860.3400268554688,849.1599731445312,859.1799926757812,0
2007-12-14,847.75,847.75,859.9000244140625,847.6900024414062,859.9000244140625,0
2007-12-17,834.47998046875,834.47998046875,847.72998046875,834.3499755859375,847.72998046875,0
2007-12-18,840.2899780273438,840.2899780273438,842.969970703125,828.5800170898438,834.47998046875,0
2007-12-19,839.7899780273438,839.7899780273438,845.5,835.1599731445312,840.27001953125,0
2007-12-20,845.0700073242188,845.0700073242188,845.1699829101562,836.47998046875,839.6099853515625,0
2007-12-21,859.4400024414062,859.4400024414062,859.7100219726562,844.9600219726562,844.9600219726562,0
2007-12-24,866.6099853515625,866.6099853515625,867.1400146484375,859.4299926757812,859.4299926757812,0
2007-12-26,867.3400268554688,867.3400268554688,868.1699829101562,861.8099975585938,866.5900268554688,0
2007-12-27,853.9600219726562,853.9600219726562,867.0800170898438,853.760009765625,867.0800170898438,0
2007-12-28,854.780029296875,854.780029296875,860.5599975585938,851.3400268554688,853.9299926757812,0
2007-12-31,849.219970703125,849.219970703125,854.8400268554688,846.9199829101562,854.8400268554688,0
2008-01-02,837.1699829101562,837.1699829101562,851.1400146484375,834.1199951171875,849.0900268554688,0
2008-01-03,835.8599853515625,835.8599853515625,842.0800170898438,834.0700073242188,837.1699829101562,0
2008-01-04,814.4400024414062,814.4400024414062,835.8599853515625,814.2100219726562,835.8599853515625,0
2008-01-07,816.1900024414062,816.1900024414062,821.0399780273438,808.6199951171875,814.4299926757812,0
2008-01-08,800.530029296875,800.530029296875,824.6300048828125,799.760009765625,815.9600219726562,0
2008-01-09,810.280029296875,810.280029296875,810.3499755859375,791.9400024414062,800.5,0
2008-01-10,817.1400146484375,817.1400146484375,822.239990234375,802.0,810.27001953125,0
2008-01-11,805.5700073242188,805.5700073242188,817.0900268554688,802.280029296875,817.0900268554688,0
2008-01-14,814.1400146484375,814.1400146484375,815.219970703125,805.5700073242188,805.5700073242188,0
2008-01-15,794.1799926757812,794.1799926757812,814.1300048828125,793.969970703125,814.1300048828125,0
2008-01-16,790.22998046875,790.22998046875,800.8499755859375,784.219970703125,794.0999755859375,0
2008-01-17,767.25,767.25,793.1799926757812,766.0399780273438,790.2000122070312,0
2008-01-18,762.6099853515625,762.6099853515625,777.1199951171875,755.260009765625,767.22998046875,0
2008-01-22,755.0900268554688,755.0900268554688,762.6099853515625,734.4199829101562,762.6099853515625,0
2008-01-23,771.9299926757812,771.9299926757812,772.030029296875,732.3699951171875,755.0700073242188,0
2008-01-24,779.6199951171875,779.6199951171875,781.8499755859375,770.4000244140625,771.9099731445312,0
2008-01-25,768.469970703125,768.469970703125,789.4000244140625,766.5900268554688,779.6099853515625,0
2008-01-28,782.530029296875,782.530029296875,782.530029296875,763.25,768.4600219726562,0
2008-01-29,787.4400024414062,787.4400024414062,788.8499755859375,779.75,782.47998046875,0
2008-01-30,782.719970703125,782.719970703125,800.469970703125,781.3800048828125,787.4000244140625,0
2008-01-31,796.8300170898438,796.8300170898438,801.010009765625,770.8499755859375,782.6099853515625,0
2008-02-01,808.280029296875,808.280029296875,808.4500122070312,795.989990234375,796.8200073242188,0
2008-02-04,800.1199951171875,800.1199951171875,808.280029296875,799.5,808.280029296875,0
2008-02-05,775.030029296875,775.030029296875,800.0999755859375,775.030029296875,800.0999755859375,0
2008-02-06,768.3400268554688,768.3400268554688,783.6400146484375,767.2999877929688,774.77001953125,0
2008-02-07,774.760009765625,774.760009765625,780.3900146484375,762.4600219726562,768.1900024414062,0
2008-02-08,772.0,772.0,777.989990234375,766.0,774.75,0
2008-02-11,776.4299926757812,776.4299926757812,777.8200073242188,765.6599731445312,771.969970703125,0
2008-02-12,781.5800170898438,781.5800170898438,789.2999877929688,776.1500244140625,776.4000244140625,0
2008-02-13,792.72998046875,792.72998046875,793.5800170898438,781.3099975585938,781.3099975585938,0
2008-02-14,781.5800170898438,781.5800170898438,793.25,780.6099853515625,792.7100219726562,0
2008-02-15,781.6699829101562,781.6699829101562,781.7899780273438,774.6300048828125,781.5399780273438,0
2008-02-19,781.260009765625,781.260009765625,791.3300170898438,779.1500244140625,781.6599731445312,0
2008-02-20,788.030029296875,788.030029296875,789.9600219726562,774.1400146484375,781.2100219726562,0
2008-02-21,777.5499877929688,777.5499877929688,793.1500244140625,775.8699951171875,787.8099975585938,0
2008-02-22,783.0,783.0,783.5800170898438,768.4500122070312,777.47998046875,0
2008-02-25,794.77001953125,794.77001953125,796.219970703125,779.3499755859375,782.97998046875,0
2008-02-26,800.52001953125,800.52001953125,804.280029296875,790.22998046875,794.760009765625,0
2008-02-27,799.2999877929688,799.2999877929688,804.6099853515625,794.8699951171875,800.3599853515625,0
2008-02-28,791.75,791.75,799.2100219726562,789.1799926757812,799.2100219726562,0
2008-02-29,770.4500122070312,770.4500122070312,791.72998046875,767.489990234375,791.72998046875,0
2008-03-03,770.6500244140625,770.6500244140625,772.9500122070312,763.6300048828125,770.4199829101562,0
2008-03-04,766.969970703125,766.969970703125,769.52001953125,755.7899780273438,768.72998046875,0
2008-03-05,771.8400268554688,771.8400268554688,777.5599975585938,764.1599731445312,768.1199951171875,0
2008-03-06,753.9299926757812,753.9299926757812,771.739990234375,753.47998046875,771.739990234375,0
2008-03-07,747.5800170898438,747.5800170898438,758.9299926757812,741.280029296875,753.9099731445312,0
2008-03-10,734.719970703125,734.719970703125,748.030029296875,734.3400268554688,747.5399780273438,0
2008-03-11,762.1099853515625,762.1099853515625,762.1099853515625,734.6900024414062,734.6900024414062,0
2008-03-12,755.5700073242188,755.5700073242188,769.489990234375,755.0900268554688,761.9099731445312,0
2008-03-13,760.7000122070312,760.7000122070312,763.8499755859375,740.1599731445312,755.530029296875,0
2008-03-14,744.8300170898438,744.8300170898438,764.0399780273438,737.1599731445312,760.6900024414062,0
2008-03-17,736.1500244140625,736.1500244140625,744.739990234375,725.760009765625,744.739990234375,0
2008-03-18,767.3099975585938,767.3099975585938,767.3099975585938,736.1199951171875,736.1199951171875,0
2008-03-19,748.5499877929688,748.5499877929688,773.6400146484375,748.5499877929688,767.2999877929688,0
2008-03-20,766.0399780273438,766.0399780273438,766.6799926757812,746.5599975585938,748.5499877929688,0
2008-03-24,779.239990234375,779.239990234375,784.6799926757812,766.0399780273438,766.0399780273438,0
2008-03-25,782.0700073242188,782.0700073242188,784.4199829101562,774.6500244140625,779.22998046875,0
2008-03-26,775.6599731445312,775.6599731445312,782.0399780273438,772.5599975585938,782.0399780273438,0
2008-03-27,766.5800170898438,766.5800170898438,778.2000122070312,766.5599975585938,775.510009765625,0
2008-03-28,760.1400146484375,760.1400146484375,771.6199951171875,758.8300170898438,766.5399780273438,0
2008-03-31,764.6300048828125,764.6300048828125,767.9099731445312,758.7999877929688,760.1300048828125,0
2008-04-01,791.4500122070312,791.4500122070312,791.4500122070312,764.5999755859375,764.5999755859375,0
2008-04-02,790.6500244140625,790.6500244140625,796.3099975585938,787.1400146484375,791.2999877929688,0
2008-04-03,792.1300048828125,792.1300048828125,795.6099853515625,785.52001953125,790.6699829101562,0
2008-04-04,793.0599975585938,793.0599975585938,799.25,788.7000122070312,792.1199951171875,0
2008-04-07,794.2100219726562,794.2100219726562,802.3900146484375,792.1900024414062,793.0599975585938,0
2008-04-08,790.8200073242188,790.8200073242188,793.989990234375,787.760009765625,793.989990234375,0
2008-04-09,783.239990234375,783.239990234375,792.6099853515625,780.8099975585938,790.77001953125,0
2008-04-10,787.6900024414062,787.6900024414062,791.0599975585938,780.7100219726562,783.2100219726562,0
2008-04-11,771.3599853515625,771.3599853515625,787.6300048828125,770.3900146484375,787.6300048828125,0
2008-04-14,768.9099731445312,768.9099731445312,773.4199829101562,767.75,771.3499755859375,0
2008-04-15,772.6199951171875,772.6199951171875,773.989990234375,766.5599975585938,768.9000244140625,0
2008-04-16,790.9299926757812,790.9299926757812,791.239990234375,772.5399780273438,772.5399780273438,0
2008-04-17,790.5599975585938,790.5599975585938,792.260009765625,785.8200073242188,790.9199829101562,0
2008-04-18,804.5599975585938,804.5599975585938,807.760009765625,790.5599975585938,790.5599975585938,0
2008-04-21,803.260009765625,803.260009765625,804.5399780273438,798.2899780273438,804.5399780273438,0
2008-04-22,795.3599853515625,795.3599853515625,803.25,791.6099853515625,803.25,0
2008-04-23,797.75,797.75,802.1599731445312,793.27001953125,795.3499755859375,0
2008-04-24,803.239990234375,803.239990234375,808.0800170898438,792.0399780273438,797.739990234375,0
2008-04-25,808.8699951171875,808.8699951171875,809.6900024414062,798.1799926757812,803.22998046875,0
2008-04-28,808.5800170898438,808.5800170898438,812.2000122070312,806.510009765625,808.8200073242188,0
2008-04-29,804.8400268554688,804.8400268554688,808.5599975585938,802.5999755859375,808.5599975585938,0
2008-04-30,802.02001953125,802.02001953125,812.719970703125,800.989990234375,804.7999877929688,0
2008-05-01,815.4600219726562,815.4600219726562,815.739990234375,800.4199829101562,801.9000244140625,0
2008-05-02,817.52001953125,817.52001953125,823.1599731445312,813.5499877929688,815.4500122070312,0
2008-05-05,814.469970703125,814.469970703125,818.7000122070312,812.4299926757812,818.7000122070312,0
2008-05-06,820.77001953125,820.77001953125,822.5999755859375,808.7100219726562,814.469970703125,0
2008-05-07,806.5,806.5,822.0499877929688,805.75,820.5999755859375,0
2008-05-08,809.8200073242188,809.8200073242188,812.1699829101562,804.77001953125,806.47998046875,0
2008-05-09,805.4600219726562,805.4600219726562,809.8200073242188,802.5399780273438,809.8200073242188,0
2008-05-12,814.6599731445312,814.6599731445312,814.8300170898438,804.0499877929688,805.4299926757812,0
2008-05-13,815.2999877929688,815.2999877929688,816.8800048828125,810.5999755859375,814.5499877929688,0
2008-05-14,818.1699829101562,818.1699829101562,825.1400146484375,815.1699829101562,815.1699829101562,0
2008-05-15,826.989990234375,826.989990234375,827.4000244140625,817.2999877929688,818.0499877929688,0
2008-05-16,828.1500244140625,828.1500244140625,828.4400024414062,821.4199829101562,826.969970703125,0
2008-05-19,828.1799926757812,828.1799926757812,836.4099731445312,825.27001953125,828.1199951171875,0
2008-05-20,821.3900146484375,821.3900146484375,828.1799926757812,818.4099731445312,828.1799926757812,0
2008-05-21,808.4099731445312,808.4099731445312,825.0399780273438,807.3800048828125,821.3300170898438,0
2008-05-22,810.9000244140625,810.9000244140625,813.6799926757812,808.280029296875,808.280029296875,0
2008-05-23,800.5999755859375,800.5999755859375,810.8900146484375,798.8099975585938,810.8900146484375,0
2008-05-27,806.3699951171875,806.3699951171875,807.239990234375,799.1599731445312,800.5900268554688,0
2008-05-28,810.1500244140625,810.1500244140625,810.3400268554688,802.5999755859375,806.22998046875,0
2008-05-29,814.7000122070312,814.7000122070312,819.3099975585938,808.9099731445312,810.0800170898438,0
2008-05-30,816.8099975585938,816.8099975585938,818.7100219726562,814.6900024414062,814.6900024414062,0
2008-06-02,808.72998046875,808.72998046875,816.780029296875,803.8699951171875,816.780029296875,0
2008-06-03,804.6300048828125,804.6300048828125,813.25,799.77001953125,808.7100219726562,0
2008-06-04,804.7999877929688,804.7999877929688,811.1699829101562,801.77001953125,804.3099975585938,0
2008-06-05,821.1900024414062,821.1900024414062,821.1900024414062,804.75,804.75,0
2008-06-06,796.5999755859375,796.5999755859375,821.1099853515625,796.2999877929688,821.1099853515625,0
2008-06-09,796.489990234375,796.489990234375,801.9500122070312,790.0700073242188,796.5800170898438,0
2008-06-10,793.9600219726562,793.9600219726562,798.6099853515625,789.9500122070312,796.0599975585938,0
2008-06-11,780.4099731445312,780.4099731445312,793.7999877929688,780.4099731445312,793.7999877929688,0
2008-06-12,782.5999755859375,782.5999755859375,790.5700073242188,777.97998046875,780.3499755859375,0
2008-06-13,794.6799926757812,794.6799926757812,794.6799926757812,782.5800170898438,782.5800170898438,0
2008-06-16,796.0999755859375,796.0999755859375,798.1900024414062,790.510009765625,794.6799926757812,0
2008-06-17,791.3599853515625,791.3599853515625,799.6699829101562,791.1099853515625,796.0900268554688,0
2008-06-18,783.8599853515625,783.8599853515625,791.3499755859375,780.9400024414062,791.3499755859375,0
2008-06-19,787.030029296875,787.030029296875,789.3699951171875,779.7000122070312,783.6900024414062,0
2008-06-20,772.72998046875,772.72998046875,787.02001953125,770.3900146484375,787.02001953125,0
2008-06-23,771.989990234375,771.989990234375,776.22998046875,770.77001953125,772.719970703125,0
2008-06-24,768.0499877929688,768.0499877929688,775.219970703125,763.3599853515625,771.97998046875,0
2008-06-25,773.0599975585938,773.0599975585938,780.4500122070312,768.0,768.0,0
2008-06-26,750.8599853515625,750.8599853515625,772.8400268554688,750.8599853515625,772.8400268554688,0
2008-06-27,748.2899780273438,748.2899780273438,754.22998046875,744.4000244140625,750.8300170898438,0
2008-06-30,748.0999755859375,748.0999755859375,754.52001953125,746.1199951171875,748.280029296875,0
2008-07-01,750.4500122070312,750.4500122070312,750.5800170898438,736.1500244140625,747.969970703125,0
2008-07-02,735.1300048828125,735.1300048828125,754.1599731445312,735.1300048828125,750.4000244140625,0
2008-07-03,734.0499877929688,734.0499877929688,739.239990234375,727.9400024414062,735.1199951171875,0
2008-07-07,727.5,727.5,740.510009765625,720.8800048828125,734.0499877929688,0
2008-07-08,741.030029296875,741.030029296875,741.1500244140625,721.0599975585938,727.27001953125,0
2008-07-09,724.6400146484375,724.6400146484375,743.72998046875,724.52001953125,740.9600219726562,0
2008-07-10,729.8900146484375,729.8900146484375,732.6099853515625,720.219970703125,724.6400146484375,0
2008-07-11,723.3499755859375,723.3499755859375,732.8400268554688,714.1099853515625,729.8300170898438,0
2008-07-14,719.3599853515625,719.3599853515625,731.3599853515625,714.739990234375,723.3499755859375,0
2008-07-15,720.6099853515625,720.6099853515625,720.6099853515625,699.8599853515625,716.7000122070312,0
2008-07-16,727.47998046875,727.47998046875,727.47998046875,706.9500122070312,709.22998046875,0
2008-07-17,735.8499755859375,735.8499755859375,736.6799926757812,725.1599731445312,727.4500122070312,0
2008-07-18,735.5800170898438,735.5800170898438,736.8200073242188,730.7100219726562,735.8499755859375,0
2008-07-21,736.6599731445312,736.6599731445312,739.9099731445312,733.8699951171875,735.5599975585938,0
2008-07-22,746.780029296875,746.780029296875,746.9000244140625,730.0700073242188,736.6500244140625,0
2008-07-23,749.219970703125,749.219970703125,754.6900024414062,745.9400024414062,746.780029296875,0
2008-07-24,731.2100219726562,731.2100219726562,749.719970703125,730.4600219726562,749.2000122070312,0
2008-07-25,735.1300048828125,735.1300048828125,738.0700073242188,731.2000122070312,731.2000122070312,0
2008-07-28,722.02001953125,722.02001953125,736.4000244140625,721.8800048828125,735.1300048828125,0
2008-07-29,738.8200073242188,738.8200073242188,738.8200073242188,721.9600219726562,721.9600219726562,0
2008-07-30,750.4400024414062,750.4400024414062,750.4500122070312,738.760009765625,738.760009765625,0
2008-07-31,741.1199951171875,741.1199951171875,750.739990234375,740.5800170898438,750.3099975585938,0
2008-08-01,737.5499877929688,737.5499877929688,742.9299926757812,733.77001953125,741.1099853515625,0
2008-08-04,729.0800170898438,729.0800170898438,737.5499877929688,728.1400146484375,737.5499877929688,0
2008-08-05,748.7899780273438,748.7899780273438,748.7899780273438,729.0700073242188,729.0700073242188,0
2008-08-06,752.1799926757812,752.1799926757812,753.6900024414062,744.02001953125,748.1900024414062,0
2008-08-07,739.1500244140625,739.1500244140625,752.1199951171875,738.0999755859375,752.1199951171875,0
2008-08-08,756.3400268554688,756.3400268554688,757.0599975585938,736.8800048828125,739.1400146484375,0
2008-08-11,762.5599975585938,762.5599975585938,766.8200073242188,753.8099975585938,756.1900024414062,0
2008-08-12,753.9500122070312,753.9500122070312,762.5399780273438,751.6500244140625,762.5399780273438,0
2008-08-13,752.9400024414062,752.9400024414062,757.260009765625,746.0599975585938,753.719970703125,0
2008-08-14,757.510009765625,757.510009765625,761.0,748.2000122070312,752.9099731445312,0
2008-08-15,759.8200073242188,759.8200073242188,762.969970703125,756.0900268554688,757.4400024414062,0
2008-08-18,748.5599975585938,748.5599975585938,761.1400146484375,746.0499877929688,759.77001953125,0
2008-08-19,741.280029296875,741.280029296875,748.5499877929688,739.0700073242188,748.5499877929688,0
2008-08-20,745.6500244140625,745.6500244140625,746.8400268554688,738.3300170898438,741.239990234375,0
2008-08-21,746.8099975585938,746.8099975585938,749.0900268554688,740.4299926757812,745.6099853515625,0
2008-08-22,755.3099975585938,755.3099975585938,755.52001953125,746.72998046875,746.72998046875,0
2008-08-25,740.4000244140625,740.4000244140625,755.2999877929688,739.3099975585938,755.2999877929688,0
2008-08-26,743.2000122070312,743.2000122070312,745.5399780273438,738.0999755859375,740.4000244140625,0
2008-08-27,749.7100219726562,749.7100219726562,751.5800170898438,742.8499755859375,743.0900268554688,0
2008-08-28,760.9400024414062,760.9400024414062,760.9400024414062,749.5999755859375,749.5999755859375,0
2008-08-29,751.1300048828125,751.1300048828125,760.9099731445312,751.0399780273438,760.9099731445312,0
2008-09-02,747.280029296875,747.280029296875,762.5399780273438,743.8300170898438,751.0999755859375,0
2008-09-03,745.260009765625,745.260009765625,749.3099975585938,740.0499877929688,746.97998046875,0
2008-09-04,723.280029296875,723.280029296875,745.239990234375,721.4099731445312,745.239990234375,0
2008-09-05,726.2999877929688,726.2999877929688,727.9000244140625,711.0999755859375,723.25,0
2008-09-08,739.7100219726562,739.7100219726562,744.6799926757812,726.2000122070312,726.2000122070312,0
2008-09-09,713.6799926757812,713.6799926757812,739.719970703125,713.6799926757812,739.7000122070312,0
2008-09-10,719.1500244140625,719.1500244140625,725.489990234375,711.760009765625,713.6400146484375,0
2008-09-11,727.7899780273438,727.7899780273438,728.2000122070312,706.3800048828125,718.8900146484375,0
2008-09-12,730.4299926757812,730.4299926757812,732.25,719.52001953125,727.77001953125,0
2008-09-15,696.3099975585938,696.3099975585938,730.4199829101562,696.3099975585938,730.4199829101562,0
2008-09-16,709.0599975585938,709.0599975585938,709.0900268554688,682.6099853515625,696.4099731445312,0
2008-09-17,675.8300170898438,675.8300170898438,709.0399780273438,675.5999755859375,709.0399780273438,0
2008-09-18,706.489990234375,706.489990234375,708.1900024414062,662.9299926757812,675.6500244140625,0
2008-09-19,735.8499755859375,735.8499755859375,739.7999877929688,706.52001953125,706.52001953125,0
2008-09-22,706.7100219726562,706.7100219726562,735.8200073242188,706.22998046875,735.8200073242188,0
2008-09-23,695.9000244140625,695.9000244140625,714.2000122070312,695.0700073242188,706.7000122070312,0
2008-09-24,693.239990234375,693.239990234375,700.1400146484375,690.3499755859375,695.8900146484375,0
2008-09-25,705.5599975585938,705.5599975585938,711.5900268554688,693.1400146484375,693.1400146484375,0
2008-09-26,706.5,706.5,707.8200073242188,692.6699829101562,705.3699951171875,0
2008-09-29,646.239990234375,646.239990234375,706.469970703125,646.239990234375,706.469970703125,0
2008-09-30,678.5,678.5,680.0399780273438,646.22998046875,646.22998046875,0
2008-10-01,675.1799926757812,675.1799926757812,679.1799926757812,664.280029296875,679.1799926757812,0
2008-10-02,645.6300048828125,645.6300048828125,675.0900268554688,644.2000122070312,675.0900268554688,0
2008-10-03,635.4299926757812,635.4299926757812,667.3800048828125,634.989990234375,645.6199951171875,0
2008-10-06,610.1500244140625,610.1500244140625,635.4299926757812,581.5800170898438,635.4299926757812,0
2008-10-07,575.02001953125,575.02001953125,619.0,575.02001953125,610.1699829101562,0
2008-10-08,568.1400146484375,568.1400146484375,588.219970703125,558.969970703125,574.739990234375,0
2008-10-09,524.8699951171875,524.8699951171875,580.239990234375,524.5399780273438,568.1199951171875,0
2008-10-10,520.969970703125,520.969970703125,539.8099975585938,485.3500061035156,524.8200073242188,0
2008-10-13,580.75,580.75,582.1699829101562,520.989990234375,520.989990234375,0
2008-10-14,575.3300170898438,575.3300170898438,602.9500122070312,560.5800170898438,580.72998046875,0
2008-10-15,522.72998046875,522.72998046875,575.280029296875,521.4099731445312,575.280029296875,0
2008-10-16,545.5700073242188,545.5700073242188,545.989990234375,499.1400146484375,522.7100219726562,0
2008-10-17,542.5399780273438,542.5399780273438,567.5399780273438,529.77001953125,545.5499877929688,0
2008-10-20,567.8300170898438,567.8300170898438,567.8300170898438,542.5399780273438,542.5399780273438,0
2008-10-21,550.5800170898438,550.5800170898438,567.8300170898438,549.3699951171875,567.8300170898438,0
2008-10-22,517.1900024414062,517.1900024414062,550.5800170898438,505.6199951171875,550.5800170898438,0
2008-10-23,520.1199951171875,520.1199951171875,530.4000244140625,492.67999267578125,517.1699829101562,0
2008-10-24,502.32000732421875,502.32000732421875,520.1199951171875,488.7099914550781,520.1199951171875,0
2008-10-27,485.25,485.25,510.7200012207031,484.2799987792969,502.32000732421875,0
2008-10-28,534.9400024414062,534.9400024414062,534.9400024414062,482.3800048828125,485.239990234375,0
2008-10-29,532.2899780273438,532.2899780273438,553.77001953125,528.22998046875,534.8699951171875,0
2008-10-30,547.7899780273438,547.7899780273438,551.510009765625,532.1900024414062,532.1900024414062,0
2008-10-31,557.8400268554688,557.8400268554688,565.9299926757812,541.8300170898438,547.780029296875,0
2008-11-03,556.6199951171875,556.6199951171875,561.8900146484375,552.3300170898438,557.8300170898438,0
2008-11-04,577.6199951171875,577.6199951171875,578.4199829101562,556.6099853515625,556.6099853515625,0
2008-11-05,546.9299926757812,546.9299926757812,577.3800048828125,545.469970703125,577.3800048828125,0
2008-11-06,519.9400024414062,519.9400024414062,546.8200073242188,517.5700073242188,546.8200073242188,0
2008-11-07,534.4600219726562,534.4600219726562,534.5999755859375,519.7899780273438,519.7899780273438,0
2008-11-10,526.5700073242188,526.5700073242188,546.1300048828125,520.6099853515625,534.4000244140625,0
2008-11-11,514.7100219726562,514.7100219726562,526.5700073242188,507.3299865722656,526.5700073242188,0
2008-11-12,487.3599853515625,487.3599853515625,514.5,486.7900085449219,514.5,0
2008-11-13,521.9600219726562,521.9600219726562,522.6799926757812,468.1300048828125,487.29998779296875,0
2008-11-14,498.67999267578125,498.67999267578125,523.4600219726562,497.5899963378906,521.8900146484375,0
2008-11-17,486.7200012207031,486.7200012207031,504.05999755859375,485.7300109863281,498.82000732421875,0
2008-11-18,490.3699951171875,490.3699951171875,494.9599914550781,472.17999267578125,486.70001220703125,0
2008-11-19,459.1700134277344,459.1700134277344,493.0799865722656,459.1700134277344,490.32000732421875,0
2008-11-20,427.8299865722656,427.8299865722656,465.8800048828125,425.5400085449219,459.1499938964844,0
2008-11-21,454.1199951171875,454.1199951171875,454.739990234375,420.30999755859375,427.739990234375,0
2008-11-24,484.3900146484375,484.3900146484375,491.4700012207031,454.1099853515625,454.1099853515625,0
2008-11-25,488.3299865722656,488.3299865722656,493.3699951171875,474.9100036621094,484.32000732421875,0
2008-11-26,507.2200012207031,507.2200012207031,507.2200012207031,479.17999267578125,488.0400085449219,0
2008-11-28,512.22998046875,512.22998046875,512.22998046875,503.0299987792969,507.20001220703125,0
2008-12-01,464.69000244140625,464.69000244140625,512.2000122070312,464.3500061035156,512.2000122070312,0
2008-12-02,483.989990234375,483.989990234375,484.6499938964844,464.6600036621094,464.6600036621094,0
2008-12-03,496.5799865722656,496.5799865722656,497.7799987792969,472.1199951171875,483.7699890136719,0
2008-12-04,481.6300048828125,481.6300048828125,499.95001220703125,474.8299865722656,496.55999755859375,0
2008-12-05,499.94000244140625,499.94000244140625,501.3800048828125,466.20001220703125,481.6099853515625,0
2008-12-08,519.5800170898438,519.5800170898438,524.1900024414062,499.8699951171875,499.8699951171875,0
2008-12-09,507.3399963378906,507.3399963378906,524.4299926757812,505.32000732421875,519.5800170898438,0
2008-12-10,514.5399780273438,514.5399780273438,519.52001953125,506.3500061035156,507.2900085449219,0
2008-12-11,498.32000732421875,498.32000732421875,517.260009765625,495.3299865722656,514.4000244140625,0
2008-12-12,503.8999938964844,503.8999938964844,505.55999755859375,486.1000061035156,498.32000732421875,0
2008-12-15,496.32000732421875,496.32000732421875,506.5400085449219,490.05999755859375,503.8699951171875,0
2008-12-16,522.6199951171875,522.6199951171875,523.1799926757812,496.32000732421875,496.32000732421875,0
2008-12-17,519.3599853515625,519.3599853515625,527.3300170898438,513.6400146484375,522.5999755859375,0
2008-12-18,508.5899963378906,508.5899963378906,523.010009765625,503.7799987792969,519.3400268554688,0
2008-12-19,510.79998779296875,510.79998779296875,520.6599731445312,507.8999938964844,508.5799865722656,0
2008-12-22,500.9800109863281,500.9800109863281,510.760009765625,491.9700012207031,510.760009765625,0
2008-12-23,496.25,496.25,505.95001220703125,494.30999755859375,500.8900146484375,0
2008-12-24,498.8599853515625,498.8599853515625,499.6600036621094,494.760009765625,496.04998779296875,0
2008-12-26,502.2200012207031,502.2200012207031,502.54998779296875,497.989990234375,498.8399963378906,0
2008-12-29,499.1300048828125,499.1300048828125,502.5,492.4200134277344,502.04998779296875,0
2008-12-30,511.989990234375,511.989990234375,512.1400146484375,499.0400085449219,499.0400085449219,0
2008-12-31,520.5999755859375,520.5999755859375,524.469970703125,511.510009765625,511.9800109863281,0
2009-01-02,536.260009765625,536.260009765625,537.9600219726562,518.0999755859375,520.52001953125,0
2009-01-05,534.4299926757812,534.4299926757812,539.4299926757812,528.8200073242188,536.260009765625,0
2009-01-06,539.780029296875,539.780029296875,544.02001953125,534.4299926757812,534.4299926757812,0
2009-01-07,523.3699951171875,523.3699951171875,539.52001953125,520.6500244140625,539.52001953125,0
2009-01-08,525.8800048828125,525.8800048828125,525.989990234375,517.8400268554688,523.3499755859375,0
2009-01-09,513.9000244140625,513.9000244140625,526.9500122070312,512.9000244140625,525.8800048828125,0
2009-01-12,501.6099853515625,501.6099853515625,513.9000244140625,498.2900085449219,513.9000244140625,0
2009-01-13,503.2300109863281,503.2300109863281,506.0199890136719,497.3800048828125,501.5799865722656,0
2009-01-14,485.67999267578125,485.67999267578125,503.19000244140625,482.9100036621094,503.19000244140625,0
2009-01-15,487.7099914550781,487.7099914550781,492.1700134277344,470.9800109863281,485.6600036621094,0
2009-01-16,491.79998779296875,491.79998779296875,496.04998779296875,479.9800109863281,487.7099914550781,0
2009-01-20,464.7300109863281,464.7300109863281,491.7900085449219,464.3800048828125,491.7900085449219,0
2009-01-21,485.2099914550781,485.2099914550781,485.9800109863281,463.9800109863281,464.6400146484375,0
2009-01-22,476.8299865722656,476.8299865722656,485.20001220703125,467.8299865722656,485.20001220703125,0
2009-01-23,479.6099853515625,479.6099853515625,483.6600036621094,464.44000244140625,476.8299865722656,0
2009-01-26,482.4100036621094,482.4100036621094,491.80999755859375,477.1099853515625,479.6000061035156,0
2009-01-27,487.7200012207031,487.7200012207031,490.2099914550781,481.6700134277344,482.4100036621094,0
2009-01-28,504.4200134277344,504.4200134277344,506.3500061035156,487.6600036621094,487.6600036621094,0
2009-01-29,487.3299865722656,487.3299865722656,504.3900146484375,486.7900085449219,504.3900146484375,0
2009-01-30,476.260009765625,476.260009765625,491.2699890136719,473.8599853515625,487.3299865722656,0
2009-02-02,476.6400146484375,476.6400146484375,479.5199890136719,468.8599853515625,476.260009765625,0
2009-02-03,483.57000732421875,483.57000732421875,485.9100036621094,474.4200134277344,476.6300048828125,0
2009-02-04,480.2799987792969,480.2799987792969,491.510009765625,478.5199890136719,483.30999755859375,0
2009-02-05,488.1600036621094,488.1600036621094,491.05999755859375,473.4599914550781,480.260009765625,0
2009-02-06,501.9800109863281,501.9800109863281,502.94000244140625,487.989990234375,487.989990234375,0
2009-02-09,502.3399963378906,502.3399963378906,505.4599914550781,497.7099914550781,501.9599914550781,0
2009-02-10,478.1600036621094,478.1600036621094,502.32000732421875,476.0,502.32000732421875,0
2009-02-11,481.5400085449219,481.5400085449219,484.2699890136719,474.8599853515625,477.9800109863281,0
2009-02-12,482.79998779296875,482.79998779296875,483.0400085449219,467.1700134277344,481.45001220703125,0
2009-02-13,478.3299865722656,478.3299865722656,485.67999267578125,477.3599853515625,482.760009765625,0
2009-02-17,456.6499938964844,456.6499938964844,478.32000732421875,456.6499938964844,478.32000732421875,0
2009-02-18,455.4100036621094,455.4100036621094,460.1600036621094,451.1000061035156,456.55999755859375,0
2009-02-19,449.70001220703125,449.70001220703125,461.0899963378906,448.7200012207031,455.1700134277344,0
2009-02-20,444.7300109863281,444.7300109863281,449.6199951171875,435.4200134277344,449.6199951171875,0
2009-02-23,428.9100036621094,428.9100036621094,449.0799865722656,428.5,444.7200012207031,0
2009-02-24,446.45001220703125,446.45001220703125,447.69000244140625,428.8999938964844,428.8999938964844,0
2009-02-25,441.1300048828125,441.1300048828125,449.95001220703125,434.489990234375,446.3599853515625,0
2009-02-26,433.9599914550781,433.9599914550781,449.0899963378906,433.260009765625,441.04998779296875,0
2009-02-27,424.8800048828125,424.8800048828125,434.239990234375,423.9200134277344,433.95001220703125,0
2009-03-02,404.260009765625,404.260009765625,424.8699951171875,403.7200012207031,424.8699951171875,0
2009-03-03,401.44000244140625,401.44000244140625,410.44000244140625,399.07000732421875,404.25,0
2009-03-04,411.3599853515625,411.3599853515625,417.6099853515625,401.29998779296875,401.29998779296875,0
2009-03-05,393.3399963378906,393.3399963378906,411.3299865722656,390.9599914550781,411.3299865722656,0
2009-03-06,393.8500061035156,393.8500061035156,402.5299987792969,384.4100036621094,393.2699890136719,0
2009-03-09,389.6099853515625,389.6099853515625,400.5,387.6600036621094,393.82000732421875,0
2009-03-10,414.69000244140625,414.69000244140625,414.69000244140625,389.5899963378906,389.5899963378906,0
2009-03-11,415.6199951171875,415.6199951171875,421.9599914550781,411.3800048828125,414.55999755859375,0
2009-03-12,433.29998779296875,433.29998779296875,434.29998779296875,411.5400085449219,415.54998779296875,0
2009-03-13,436.5199890136719,436.5199890136719,437.55999755859375,428.6700134277344,433.2799987792969,0
2009-03-16,434.0799865722656,434.0799865722656,446.1400146484375,433.7099914550781,436.510009765625,0
2009-03-17,448.42999267578125,448.42999267578125,448.42999267578125,431.6000061035156,434.07000732421875,0
2009-03-18,458.44000244140625,458.44000244140625,462.95001220703125,441.3999938964844,448.4200134277344,0
2009-03-19,453.0400085449219,453.0400085449219,463.3699951171875,451.8800048828125,458.44000244140625,0
2009-03-20,443.42999267578125,443.42999267578125,455.8500061035156,442.05999755859375,453.0400085449219,0
2009-03-23,475.04998779296875,475.04998779296875,475.2200012207031,443.3399963378906,443.3399963378906,0
2009-03-24,464.67999267578125,464.67999267578125,475.0400085449219,464.3599853515625,475.0400085449219,0
2009-03-25,469.7200012207031,469.7200012207031,477.1000061035156,456.2300109863281,464.67999267578125,0
2009-03-26,482.0299987792969,482.0299987792969,482.0299987792969,469.70001220703125,469.70001220703125,0
2009-03-27,471.30999755859375,471.30999755859375,481.94000244140625,470.17999267578125,481.94000244140625,0
2009-03-30,454.989990234375,454.989990234375,471.2799987792969,450.6300048828125,471.2799987792969,0
2009-03-31,461.1400146484375,461.1400146484375,468.6000061035156,454.989990234375,454.989990234375,0
2009-04-01,468.6499938964844,468.6499938964844,469.9100036621094,452.4200134277344,461.05999755859375,0
2009-04-02,483.3599853515625,483.3599853515625,489.6499938964844,468.6199951171875,468.6199951171875,0
2009-04-03,488.6499938964844,488.6499938964844,488.6499938964844,478.9200134277344,483.3500061035156,0
2009-04-06,484.07000732421875,484.07000732421875,488.6400146484375,476.75,488.6400146484375,0
2009-04-07,471.7099914550781,471.7099914550781,483.79998779296875,471.45001220703125,483.79998779296875,0
2009-04-08,477.9100036621094,477.9100036621094,479.32000732421875,471.3999938964844,471.69000244140625,0
2009-04-09,497.3299865722656,497.3299865722656,497.4100036621094,477.9100036621094,477.9100036621094,0
2009-04-13,498.3800048828125,498.3800048828125,501.3900146484375,490.1099853515625,497.2900085449219,0
2009-04-14,487.8399963378906,487.8399963378906,498.3699951171875,487.25,498.3699951171875,0
2009-04-15,494.05999755859375,494.05999755859375,494.4700012207031,484.3399963378906,487.82000732421875,0
2009-04-16,502.70001220703125,502.70001220703125,505.5899963378906,491.3999938964844,494.0400085449219,0
2009-04-17,505.69000244140625,505.69000244140625,508.92999267578125,500.04998779296875,502.70001220703125,0
2009-04-20,482.989990234375,482.989990234375,505.67999267578125,482.989990234375,505.67999267578125,0
2009-04-21,494.32000732421875,494.32000732421875,494.32000732421875,479.760009765625,482.9800109863281,0
2009-04-22,491.2900085449219,491.2900085449219,501.92999267578125,488.6300048828125,494.2300109863281,0
2009-04-23,494.8999938964844,494.8999938964844,495.42999267578125,485.739990234375,491.2799987792969,0
2009-04-24,504.0400085449219,504.0400085449219,507.260009765625,494.8999938964844,494.8999938964844,0
2009-04-27,498.3900146484375,498.3900146484375,505.260009765625,496.67999267578125,504.0400085449219,0
2009-04-28,497.5299987792969,497.5299987792969,503.1099853515625,492.3999938964844,498.3599853515625,0
2009-04-29,509.3900146484375,509.3900146484375,514.030029296875,497.4800109863281,497.4800109863281,0
2009-04-30,508.9100036621094,508.9100036621094,518.7100219726562,506.7799987792969,509.3599853515625,0
2009-05-01,511.2699890136719,511.2699890136719,513.5700073242188,505.010009765625,508.8999938964844,0
2009-05-04,529.3300170898438,529.3300170898438,529.5499877929688,511.2699890136719,511.2699890136719,0
2009-05-05,527.0999755859375,527.0999755859375,529.4299926757812,523.02001953125,529.3200073242188,0
2009-05-06,535.1699829101562,535.1699829101562,535.719970703125,526.280029296875,526.9400024414062,0
2009-05-07,527.0,527.0,541.1699829101562,523.469970703125,535.1500244140625,0
2009-05-08,540.6400146484375,540.6400146484375,540.969970703125,527.0,527.0,0
2009-05-11,529.260009765625,529.260009765625,540.489990234375,528.2899780273438,540.489990234375,0
2009-05-12,527.760009765625,527.760009765625,533.22998046875,520.6599731445312,529.239990234375,0
2009-05-13,512.02001953125,512.02001953125,527.5700073242188,511.54998779296875,527.5700073242188,0
2009-05-14,517.8900146484375,517.8900146484375,521.219970703125,511.0199890136719,511.9599914550781,0
2009-05-15,512.1599731445312,512.1599731445312,520.4500122070312,509.79998779296875,517.8200073242188,0
2009-05-18,528.5499877929688,528.5499877929688,528.7100219726562,512.1199951171875,512.1199951171875,0
2009-05-19,527.9000244140625,527.9000244140625,532.72998046875,525.510009765625,528.530029296875,0
2009-05-20,525.260009765625,525.260009765625,538.1099853515625,524.0800170898438,527.8599853515625,0
2009-05-21,516.3499755859375,516.3499755859375,525.1300048828125,511.1300048828125,525.1300048828125,0
2009-05-22,515.3699951171875,515.3699951171875,520.969970703125,513.6199951171875,516.3400268554688,0
2009-05-26,530.010009765625,530.010009765625,530.6400146484375,512.1699829101562,515.3699951171875,0
2009-05-27,520.0499877929688,520.0499877929688,532.22998046875,519.52001953125,529.9299926757812,0
2009-05-28,527.3099975585938,527.3099975585938,528.7000122070312,516.1300048828125,519.969970703125,0
2009-05-29,534.75,534.75,535.1400146484375,525.6699829101562,527.3099975585938,0
2009-06-01,549.6799926757812,549.6799926757812,552.239990234375,534.72998046875,534.72998046875,0
2009-06-02,551.1400146484375,551.1400146484375,553.3599853515625,546.8900146484375,549.6799926757812,0
2009-06-03,543.4099731445312,543.4099731445312,551.0599975585938,538.719970703125,551.0599975585938,0
2009-06-04,550.010009765625,550.010009765625,550.010009765625,541.9600219726562,543.3200073242188,0
2009-06-05,548.72998046875,548.72998046875,555.1799926757812,545.0599975585938,549.97998046875,0
2009-06-08,547.3800048828125,547.3800048828125,551.6799926757812,540.1699829101562,548.6300048828125,0
2009-06-09,549.9099731445312,549.9099731445312,552.6099853515625,546.25,547.3499755859375,0
2009-06-10,547.9400024414062,547.9400024414062,554.2100219726562,541.4400024414062,549.8900146484375,0
2009-06-11,551.1799926757812,551.1799926757812,557.510009765625,547.7999877929688,547.7999877929688,0
2009-06-12,551.5700073242188,551.5700073242188,551.5700073242188,545.1699829101562,551.1500244140625,0
2009-06-15,538.1599731445312,538.1599731445312,551.5700073242188,535.5700073242188,551.5700073242188,0
2009-06-16,530.9500122070312,530.9500122070312,541.1500244140625,530.5800170898438,538.1599731445312,0
2009-06-17,530.4199829101562,530.4199829101562,534.9500122070312,525.9000244140625,530.9400024414062,0
2009-06-18,534.469970703125,534.469970703125,536.4299926757812,528.2999877929688,530.3599853515625,0
2009-06-19,536.3800048828125,536.3800048828125,539.989990234375,533.3099975585938,534.469970703125,0
2009-06-22,519.3800048828125,519.3800048828125,536.3099975585938,519.3800048828125,536.3099975585938,0
2009-06-23,520.0399780273438,520.0399780273438,522.6599731445312,516.5599975585938,519.3599853515625,0
2009-06-24,523.97998046875,523.97998046875,529.6599731445312,520.030029296875,520.030029296875,0
2009-06-25,535.5599975585938,535.5599975585938,535.8300170898438,521.1900024414062,523.969970703125,0
2009-06-26,535.5599975585938,535.5599975585938,537.219970703125,531.6500244140625,535.4400024414062,0
2009-06-29,539.72998046875,539.72998046875,540.469970703125,533.1799926757812,535.530029296875,0
2009-06-30,535.6199951171875,535.6199951171875,541.530029296875,531.9600219726562,539.6900024414062,0
2009-07-01,538.6500244140625,538.6500244140625,543.4199829101562,535.5599975585938,535.5599975585938,0
2009-07-02,522.5700073242188,522.5700073242188,538.6400146484375,522.5700073242188,538.6400146484375,0
2009-07-06,522.9500122070312,522.9500122070312,523.0,515.780029296875,522.5700073242188,0
2009-07-07,512.510009765625,512.510009765625,522.9500122070312,511.9700012207031,522.9500122070312,0
2009-07-08,511.17999267578125,511.17999267578125,515.5800170898438,505.1099853515625,512.239990234375,0
2009-07-09,513.0499877929688,513.0499877929688,516.1900024414062,510.79998779296875,511.1700134277344,0
2009-07-10,511.3599853515625,511.3599853515625,513.8699951171875,507.29998779296875,513.0499877929688,0
2009-07-13,523.8699951171875,523.8699951171875,523.8699951171875,508.30999755859375,511.32000732421875,0
2009-07-14,526.9299926757812,526.9299926757812,526.9299926757812,521.280029296875,523.8699951171875,0
2009-07-15,542.9099731445312,542.9099731445312,543.5399780273438,526.9099731445312,526.9099731445312,0
2009-07-16,548.0800170898438,548.0800170898438,549.8800048828125,540.0999755859375,542.8900146484375,0
2009-07-17,547.6099853515625,547.6099853515625,548.6099853515625,544.3699951171875,548.0800170898438,0
2009-07-20,554.3800048828125,554.3800048828125,554.6300048828125,547.6099853515625,547.6099853515625,0
2009-07-21,556.0700073242188,556.0700073242188,557.530029296875,549.25,554.3699951171875,0
2009-07-22,556.22998046875,556.22998046875,559.4199829101562,552.219970703125,555.989990234375,0
2009-07-23,569.7100219726562,569.7100219726562,571.4199829101562,555.8099975585938,556.22998046875,0
2009-07-24,571.8200073242188,571.8200073242188,572.010009765625,563.8400268554688,569.7100219726562,0
2009-07-27,573.5800170898438,573.5800170898438,573.7999877929688,567.7999877929688,571.8200073242188,0
2009-07-28,572.22998046875,572.22998046875,573.75,566.0900268554688,573.5800170898438,0
2009-07-29,569.22998046875,569.22998046875,572.1599731445312,565.7100219726562,572.1599731445312,0
2009-07-30,576.3099975585938,576.3099975585938,582.0700073242188,569.1699829101562,569.1699829101562,0
2009-07-31,576.5599975585938,576.5599975585938,580.0900268554688,574.1099853515625,576.2999877929688,0
2009-08-03,585.9299926757812,585.9299926757812,586.27001953125,576.5599975585938,576.5599975585938,0
2009-08-04,588.1400146484375,588.1400146484375,589.1500244140625,582.2999877929688,585.9199829101562,0
2009-08-05,586.3099975585938,586.3099975585938,588.7999877929688,581.280029296875,588.010009765625,0
2009-08-06,582.4199829101562,582.4199829101562,589.5499877929688,579.9400024414062,586.239990234375,0
2009-08-07,591.2100219726562,591.2100219726562,595.47998046875,582.4099731445312,582.4099731445312,0
2009-08-10,589.27001953125,589.27001953125,591.25,585.6599731445312,591.2000122070312,0
2009-08-11,581.5999755859375,581.5999755859375,589.1300048828125,580.3699951171875,589.1300048828125,0
2009-08-12,588.5399780273438,588.5399780273438,592.719970703125,581.0999755859375,581.4099731445312,0
2009-08-13,592.6799926757812,592.6799926757812,592.9199829101562,585.6199951171875,588.510009765625,0
2009-08-14,586.8699951171875,586.8699951171875,592.6799926757812,581.5399780273438,592.6799926757812,0
2009-08-17,572.1300048828125,572.1300048828125,586.760009765625,571.4299926757812,586.760009765625,0
2009-08-18,578.3499755859375,578.3499755859375,579.1500244140625,572.0999755859375,572.0999755859375,0
2009-08-19,582.4000244140625,582.4000244140625,583.9199829101562,572.8099975585938,578.280029296875,0
2009-08-20,588.760009765625,588.760009765625,589.52001953125,582.239990234375,582.3699951171875,0
2009-08-21,599.7899780273438,599.7899780273438,600.52001953125,588.6699829101562,588.6699829101562,0
2009-08-24,599.1599731445312,599.1599731445312,605.25,597.3699951171875,599.780029296875,0
2009-08-25,600.75,600.75,606.3499755859375,599.1599731445312,599.1599731445312,0
2009-08-26,600.8499755859375,600.8499755859375,603.3499755859375,597.010009765625,600.7100219726562,0
2009-08-27,602.4199829101562,602.4199829101562,603.7000122070312,593.260009765625,600.7899780273438,0
2009-08-28,601.2999877929688,601.2999877929688,607.6199951171875,597.77001953125,602.3400268554688,0
2009-08-31,595.8599853515625,595.8599853515625,601.280029296875,592.52001953125,601.280029296875,0
2009-09-01,582.6300048828125,582.6300048828125,601.0,581.6199951171875,595.8400268554688,0
2009-09-02,580.6500244140625,580.6500244140625,583.8900146484375,579.0,582.510009765625,0
2009-09-03,586.0800170898438,586.0800170898438,586.0900268554688,579.0,580.6099853515625,0
2009-09-04,593.8699951171875,593.8699951171875,593.8699951171875,584.760009765625,586.0499877929688,0
2009-09-08,599.5900268554688,599.5900268554688,599.7000122070312,593.7899780273438,593.7899780273438,0
2009-09-09,604.989990234375,604.989990234375,606.760009765625,598.5900268554688,599.5800170898438,0
2009-09-10,611.6099853515625,611.6099853515625,611.6099853515625,601.760009765625,604.989990234375,0
2009-09-11,610.9199829101562,610.9199829101562,614.3300170898438,608.25,611.469970703125,0
2009-09-14,615.22998046875,615.22998046875,615.3900146484375,606.1500244140625,610.9099731445312,0
2009-09-15,617.9299926757812,617.9299926757812,619.75,612.1699829101562,615.219970703125,0
2009-09-16,627.7999877929688,627.7999877929688,627.7999877929688,617.9099731445312,617.9099731445312,0
2009-09-17,625.6400146484375,625.6400146484375,631.4500122070312,623.1300048828125,627.719970703125,0
2009-09-18,627.1699829101562,627.1699829101562,629.0800170898438,624.6400146484375,625.6400146484375,0
2009-09-21,625.2000122070312,625.2000122070312,627.1699829101562,620.6900024414062,627.1699829101562,0
2009-09-22,629.489990234375,629.489990234375,630.760009765625,625.1900024414062,625.1900024414062,0
2009-09-23,622.739990234375,622.739990234375,634.0900268554688,622.530029296875,629.47998046875,0
2009-09-24,615.8200073242188,615.8200073242188,625.75,612.9000244140625,622.6699829101562,0
2009-09-25,612.2000122070312,612.2000122070312,617.280029296875,610.1900024414062,615.8200073242188,0
2009-09-28,623.530029296875,623.530029296875,624.8200073242188,612.0800170898438,612.0800170898438,0
2009-09-29,622.3300170898438,622.3300170898438,627.5399780273438,620.6300048828125,623.47998046875,0
2009-09-30,619.8699951171875,619.8699951171875,624.0700073242188,613.489990234375,622.280029296875,0
2009-10-01,603.1599731445312,603.1599731445312,619.8599853515625,602.9500122070312,619.8599853515625,0
2009-10-02,600.0599975585938,600.0599975585938,603.5900268554688,597.1300048828125,603.1400146484375,0
2009-10-05,609.5599975585938,609.5599975585938,610.739990234375,600.0599975585938,600.0599975585938,0
2009-10-06,618.1199951171875,618.1199951171875,621.52001953125,609.5499877929688,609.5499877929688,0
2009-10-07,619.6300048828125,619.6300048828125,619.8499755859375,615.3900146484375,617.8499755859375,0
2009-10-08,624.8099975585938,624.8099975585938,627.8599853515625,619.6199951171875,619.6199951171875,0
2009-10-09,628.6599731445312,628.6599731445312,628.6599731445312,623.3400268554688,624.8099975585938,0
2009-10-12,631.0700073242188,631.0700073242188,633.3900146484375,628.5800170898438,628.6599731445312,0
2009-10-13,629.1900024414062,629.1900024414062,631.030029296875,625.25,631.030029296875,0
2009-10-14,640.3800048828125,640.3800048828125,640.9299926757812,629.1599731445312,629.1599731445312,0
2009-10-15,642.6799926757812,642.6799926757812,642.6799926757812,636.72998046875,640.3800048828125,0
2009-10-16,637.1799926757812,637.1799926757812,642.6799926757812,633.52001953125,642.6799926757812,0
2009-10-19,643.3200073242188,643.3200073242188,644.6599731445312,636.3400268554688,637.1799926757812,0
2009-10-20,638.7100219726562,638.7100219726562,643.719970703125,635.75,643.3099975585938,0
2009-10-21,632.7100219726562,632.7100219726562,645.0999755859375,632.3300170898438,638.6400146484375,0
2009-10-22,639.5499877929688,639.5499877929688,640.9199829101562,628.1400146484375,632.6799926757812,0
2009-10-23,631.219970703125,631.219970703125,641.2999877929688,629.010009765625,639.5499877929688,0
2009-10-26,623.6900024414062,623.6900024414062,638.7000122070312,622.6699829101562,631.219970703125,0
2009-10-27,620.72998046875,620.72998046875,626.6500244140625,619.3900146484375,623.6900024414062,0
2009-10-28,606.9500122070312,606.9500122070312,620.6500244140625,606.6699829101562,620.6500244140625,0
2009-10-29,620.7899780273438,620.7899780273438,621.3400268554688,606.9099731445312,606.9099731445312,0
2009-10-30,603.260009765625,603.260009765625,620.7899780273438,601.5999755859375,620.7899780273438,0
2009-11-02,606.6900024414062,606.6900024414062,612.52001953125,598.5399780273438,603.260009765625,0
2009-11-03,609.4099731445312,609.4099731445312,609.5599975585938,601.3699951171875,606.6900024414062,0
2009-11-04,609.1599731445312,609.1599731445312,618.030029296875,608.47998046875,609.27001953125,0
2009-11-05,621.739990234375,621.739990234375,621.739990234375,609.1300048828125,609.1300048828125,0
2009-11-06,622.9199829101562,622.9199829101562,624.5999755859375,617.22998046875,621.6699829101562,0
2009-11-09,636.7899780273438,636.7899780273438,636.7899780273438,622.780029296875,622.780029296875,0
2009-11-10,636.3400268554688,636.3400268554688,638.5700073242188,632.9500122070312,636.6500244140625,0
2009-11-11,639.8699951171875,639.8699951171875,643.9500122070312,636.3300170898438,636.3300170898438,0
2009-11-12,632.4299926757812,632.4299926757812,642.2100219726562,631.2100219726562,639.7899780273438,0
2009-11-13,636.469970703125,636.469970703125,638.8400268554688,631.030029296875,632.4299926757812,0
2009-11-16,646.5,646.5,649.0399780273438,636.3599853515625,636.3599853515625,0
2009-11-17,646.9600219726562,646.9600219726562,647.1400146484375,642.1799926757812,646.489990234375,0
2009-11-18,646.2100219726562,646.2100219726562,647.2999877929688,642.3400268554688,646.8699951171875,0
2009-11-19,636.7000122070312,636.7000122070312,646.2100219726562,632.9600219726562,646.2100219726562,0
2009-11-20,634.5700073242188,634.5700073242188,636.5700073242188,631.8099975585938,636.5700073242188,0
2009-11-23,643.0499877929688,643.0499877929688,647.260009765625,634.5599975585938,634.5599975585938,0
2009-11-24,642.469970703125,642.469970703125,643.4600219726562,637.5700073242188,643.02001953125,0
2009-11-25,645.3499755859375,645.3499755859375,645.8300170898438,642.0399780273438,642.4000244140625,0
2009-11-27,633.719970703125,633.719970703125,645.22998046875,629.5399780273438,645.22998046875,0
2009-11-30,636.0399780273438,636.0399780273438,636.8599853515625,629.969970703125,633.6500244140625,0
2009-12-01,644.22998046875,644.22998046875,646.030029296875,636.010009765625,636.010009765625,0
2009-12-02,645.3800048828125,645.3800048828125,649.0900268554688,642.9400024414062,644.1599731445312,0
2009-12-03,639.75,639.75,650.1900024414062,639.1199951171875,645.3599853515625,0
2009-12-04,644.4500122070312,644.4500122070312,651.7000122070312,638.2999877929688,639.739990234375,0
2009-12-07,643.1699829101562,643.1699829101562,647.22998046875,641.5900268554688,644.4299926757812,0
2009-12-08,636.739990234375,636.739990234375,643.1099853515625,634.4000244140625,643.1099853515625,0
2009-12-09,638.8300170898438,638.8300170898438,639.52001953125,632.97998046875,636.6900024414062,0
2009-12-10,642.1099853515625,642.1099853515625,644.7000122070312,638.780029296875,638.780029296875,0
2009-12-11,644.8400268554688,644.8400268554688,645.8499755859375,641.47998046875,642.0,0
2009-12-14,650.260009765625,650.260009765625,650.27001953125,644.8200073242188,644.8200073242188,0
2009-12-15,646.989990234375,646.989990234375,650.5800170898438,645.5999755859375,650.25,0
2009-12-16,648.4000244140625,648.4000244140625,652.0399780273438,646.989990234375,646.989990234375,0
2009-12-17,640.8800048828125,640.8800048828125,648.3800048828125,640.4199829101562,648.3800048828125,0
2009-12-18,644.9099731445312,644.9099731445312,645.2899780273438,639.4600219726562,640.8699951171875,0
2009-12-21,651.8300170898438,651.8300170898438,653.6300048828125,644.9099731445312,644.9099731445312,0
2009-12-22,654.72998046875,654.72998046875,655.5800170898438,651.8200073242188,651.8200073242188,0
2009-12-23,656.989990234375,656.989990234375,657.510009765625,653.780029296875,654.5800170898438,0
2009-12-24,660.4400024414062,660.4400024414062,660.4400024414062,656.969970703125,656.969970703125,0
2009-12-28,660.9099731445312,660.9099731445312,662.7000122070312,658.5,660.3599853515625,0
2009-12-29,659.9099731445312,659.9099731445312,662.2999877929688,659.8200073242188,660.780029296875,0
2009-12-30,659.9600219726562,659.9600219726562,659.97998046875,657.3800048828125,659.8499755859375,0
2009-12-31,653.1300048828125,653.1300048828125,660.6799926757812,653.0,659.9600219726562,0
2010-01-04,664.0499877929688,664.0499877929688,664.4400024414062,653.1099853515625,653.1099853515625,0
2010-01-05,665.969970703125,665.969970703125,666.1599731445312,661.9099731445312,664.0499877929688,0
2010-01-06,666.5499877929688,666.5499877929688,667.72998046875,664.8800048828125,665.719970703125,0
2010-01-07,669.3400268554688,669.3400268554688,669.7100219726562,662.969970703125,666.52001953125,0
2010-01-08,671.489990234375,671.489990234375,671.6400146484375,666.1599731445312,669.3400268554688,0
2010-01-11,672.3800048828125,672.3800048828125,674.4000244140625,669.5999755859375,671.489990234375,0
2010-01-12,665.5399780273438,665.5399780273438,672.3699951171875,662.9400024414062,672.3699951171875,0
2010-01-13,671.5399780273438,671.5399780273438,672.9000244140625,663.6400146484375,665.47998046875,0
2010-01-14,673.1500244140625,673.1500244140625,674.239990234375,670.3200073242188,671.5399780273438,0
2010-01-15,665.6699829101562,665.6699829101562,673.1300048828125,662.9500122070312,673.1300048828125,0
2010-01-19,674.1900024414062,674.1900024414062,674.22998046875,665.6699829101562,665.6699829101562,0
2010-01-20,667.02001953125,667.02001953125,674.1099853515625,661.6699829101562,674.1099853515625,0
2010-01-21,654.9099731445312,654.9099731445312,669.5,654.22998046875,667.0,0
2010-01-22,640.75,640.75,654.9099731445312,639.77001953125,654.9099731445312,0
2010-01-25,643.5,643.5,646.8300170898438,640.739990234375,640.739990234375,0
2010-01-26,640.5800170898438,640.5800170898438,647.2999877929688,639.3699951171875,643.489990234375,0
2010-01-27,643.6500244140625,643.6500244140625,644.719970703125,635.1799926757812,640.5399780273438,0
2010-01-28,635.5999755859375,635.5999755859375,645.25,631.969970703125,643.5999755859375,0
2010-01-29,628.989990234375,628.989990234375,642.72998046875,627.739990234375,635.5999755859375,0
2010-02-01,638.1400146484375,638.1400146484375,638.1400146484375,628.989990234375,628.989990234375,0
2010-02-02,646.25,646.25,647.1099853515625,637.260009765625,638.1400146484375,0
2010-02-03,642.6099853515625,642.6099853515625,646.1099853515625,640.5399780273438,646.1099853515625,0
2010-02-04,622.219970703125,622.219970703125,642.5999755859375,622.0999755859375,642.5999755859375,0
2010-02-05,624.0399780273438,624.0399780273438,624.4199829101562,611.1599731445312,622.219970703125,0
2010-02-08,618.6300048828125,618.6300048828125,627.1099853515625,618.510009765625,623.8699951171875,0
2010-02-09,626.7999877929688,626.7999877929688,631.5800170898438,618.6099853515625,618.6099853515625,0
2010-02-10,625.5999755859375,625.5999755859375,628.6799926757812,620.0999755859375,626.6599731445312,0
2010-02-11,632.4099731445312,632.4099731445312,633.0599975585938,621.25,625.530029296875,0
2010-02-12,631.8699951171875,631.8699951171875,632.489990234375,623.6099853515625,632.2899780273438,0
2010-02-16,643.280029296875,643.280029296875,643.5399780273438,631.8499755859375,631.8499755859375,0
2010-02-17,646.219970703125,646.219970703125,647.0800170898438,643.1900024414062,643.1900024414062,0
2010-02-18,650.4299926757812,650.4299926757812,651.1599731445312,645.0,646.1699829101562,0
2010-02-19,651.9000244140625,651.9000244140625,653.760009765625,647.1099853515625,650.3400268554688,0
2010-02-22,651.260009765625,651.260009765625,653.739990234375,649.989990234375,651.9000244140625,0
2010-02-23,643.1300048828125,643.1300048828125,651.27001953125,641.7899780273438,651.25,0
2010-02-24,649.2100219726562,649.2100219726562,649.8900146484375,643.030029296875,643.030029296875,0
2010-02-25,648.219970703125,648.219970703125,649.0599975585938,638.0800170898438,649.0599975585938,0
2010-02-26,648.9000244140625,648.9000244140625,650.47998046875,644.760009765625,648.2000122070312,0
2010-03-01,656.5,656.5,656.6799926757812,648.8800048828125,648.8800048828125,0
2010-03-02,658.7899780273438,658.7899780273438,661.5599975585938,656.5,656.5,0
2010-03-03,658.9600219726562,658.9600219726562,663.1900024414062,657.75,658.7000122070312,0
2010-03-04,661.2999877929688,661.2999877929688,661.7899780273438,657.5800170898438,658.9500122070312,0
2010-03-05,670.97998046875,670.97998046875,671.2999877929688,661.280029296875,661.280029296875,0
2010-03-08,671.1199951171875,671.1199951171875,672.4000244140625,669.9000244140625,670.8900146484375,0
2010-03-09,672.3900146484375,672.3900146484375,675.3800048828125,668.8900146484375,671.0800170898438,0
2010-03-10,675.9000244140625,675.9000244140625,677.3099975585938,672.3200073242188,672.3200073242188,0
2010-03-11,678.47998046875,678.47998046875,678.47998046875,671.6599731445312,675.6900024414062,0
2010-03-12,678.5,678.5,680.2999877929688,676.3200073242188,678.469970703125,0
2010-03-15,678.3200073242188,678.3200073242188,678.6500244140625,673.1799926757812,678.47998046875,0
2010-03-16,683.8300170898438,683.8300170898438,684.1500244140625,678.1599731445312,678.3099975585938,0
2010-03-17,687.9500122070312,687.9500122070312,690.22998046875,683.8200073242188,683.8200073242188,0
2010-03-18,687.2100219726562,687.2100219726562,688.8900146484375,684.9099731445312,687.9400024414062,0
2010-03-19,683.0499877929688,683.0499877929688,689.1400146484375,680.4299926757812,687.2100219726562,0
2010-03-22,687.3800048828125,687.3800048828125,688.4400024414062,678.7100219726562,683.030029296875,0
2010-03-23,692.6500244140625,692.6500244140625,692.9600219726562,686.1699829101562,687.2999877929688,0
2010-03-24,688.6199951171875,688.6199951171875,692.6500244140625,687.9500122070312,692.6500244140625,0
2010-03-25,686.6599731445312,686.6599731445312,696.0999755859375,686.3800048828125,688.6199951171875,0
2010-03-26,687.0700073242188,687.0700073242188,691.5999755859375,684.0700073242188,686.6599731445312,0
2010-03-29,691.1300048828125,691.1300048828125,691.989990234375,686.9500122070312,686.9500122070312,0
2010-03-30,691.2899780273438,691.2899780273438,693.9299926757812,688.5700073242188,691.030029296875,0
2010-03-31,688.739990234375,688.739990234375,692.47998046875,687.1500244140625,691.27001953125,0
2010-04-01,694.030029296875,694.030029296875,696.0499877929688,688.719970703125,688.719970703125,0
2010-04-05,700.7899780273438,700.7899780273438,700.7899780273438,694.030029296875,694.030029296875,0
2010-04-06,702.3499755859375,702.3499755859375,703.6699829101562,697.9400024414062,700.7899780273438,0
2010-04-07,698.3900146484375,698.3900146484375,702.4199829101562,695.1500244140625,702.0800170898438,0
2010-04-08,700.3300170898438,700.3300170898438,701.5800170898438,693.6099853515625,698.3599853515625,0
2010-04-09,705.0900268554688,705.0900268554688,705.2000122070312,700.3300170898438,700.3300170898438,0
2010-04-12,706.4000244140625,706.4000244140625,707.9400024414062,705.0900268554688,705.0900268554688,0
2010-04-13,707.0900268554688,707.0900268554688,707.9500122070312,701.9099731445312,706.3499755859375,0
2010-04-14,715.780029296875,715.780029296875,715.780029296875,707.0800170898438,707.0800170898438,0
2010-04-15,716.3599853515625,716.3599853515625,717.75,714.4199829101562,715.780029296875,0
2010-04-16,705.239990234375,705.239990234375,716.3599853515625,701.8499755859375,716.3599853515625,0
2010-04-19,707.1900024414062,707.1900024414062,707.7100219726562,699.010009765625,705.22998046875,0
2010-04-20,713.6199951171875,713.6199951171875,714.02001953125,707.1900024414062,707.1900024414062,0
2010-04-21,713.5499877929688,713.5499877929688,715.8400268554688,709.27001953125,713.6099853515625,0
2010-04-22,716.22998046875,716.22998046875,717.0599975585938,704.1799926757812,713.52001953125,0
2010-04-23,721.8099975585938,721.8099975585938,721.8099975585938,714.2100219726562,716.22998046875,0
2010-04-26,718.739990234375,718.739990234375,723.5999755859375,718.1799926757812,721.7999877929688,0
2010-04-27,701.8400268554688,701.8400268554688,718.739990234375,700.6799926757812,718.739990234375,0
2010-04-28,705.7999877929688,705.7999877929688,707.9400024414062,700.52001953125,701.7100219726562,0
2010-04-29,715.6400146484375,715.6400146484375,716.8200073242188,705.760009765625,705.760009765625,0
2010-04-30,702.9400024414062,702.9400024414062,716.52001953125,702.72998046875,715.6300048828125,0
2010-05-03,712.719970703125,712.719970703125,714.0700073242188,702.9299926757812,702.9299926757812,0
2010-05-04,694.8800048828125,694.8800048828125,712.719970703125,691.6300048828125,712.719970703125,0
2010-05-05,689.3200073242188,689.3200073242188,696.02001953125,684.72998046875,694.739990234375,0
2010-05-06,666.5900268554688,666.5900268554688,690.6199951171875,630.2999877929688,689.22998046875,0
2010-05-07,655.02001953125,655.02001953125,670.6400146484375,645.8300170898438,666.5800170898438,0
2010-05-10,684.739990234375,684.739990234375,686.5700073242188,654.989990234375,654.989990234375,0
2010-05-11,683.3499755859375,683.3499755859375,691.75,677.469970703125,684.6199951171875,0
2010-05-12,694.3300170898438,694.3300170898438,694.8900146484375,683.1500244140625,683.1500244140625,0
2010-05-13,686.3300170898438,686.3300170898438,695.9500122070312,685.1699829101562,694.2899780273438,0
2010-05-14,672.8900146484375,672.8900146484375,686.3300170898438,667.25,686.3300170898438,0
2010-05-17,673.6599731445312,673.6599731445312,677.3900146484375,660.1199951171875,672.7899780273438,0
2010-05-18,663.75,663.75,681.0399780273438,661.760009765625,673.6199951171875,0
2010-05-19,659.5599975585938,659.5599975585938,665.9400024414062,650.9400024414062,663.6900024414062,0
2010-05-20,632.989990234375,632.989990234375,659.510009765625,632.989990234375,659.510009765625,0
2010-05-21,642.6400146484375,642.6400146484375,644.5599975585938,623.6300048828125,632.989990234375,0
2010-05-24,634.6500244140625,634.6500244140625,644.3800048828125,634.1900024414062,642.6300048828125,0
2010-05-25,634.719970703125,634.719970703125,635.1099853515625,614.5900268554688,634.6500244140625,0
2010-05-26,632.239990234375,632.239990234375,645.72998046875,630.7899780273438,634.6300048828125,0
2010-05-27,653.9299926757812,653.9299926757812,654.1500244140625,632.0399780273438,632.0399780273438,0
2010-05-28,646.0399780273438,646.0399780273438,653.9099731445312,642.989990234375,653.9099731445312,0
2010-06-01,633.52001953125,633.52001953125,648.8699951171875,633.1400146484375,646.02001953125,0
2010-06-02,650.3400268554688,650.3400268554688,650.3699951171875,633.4299926757812,633.4299926757812,0
2010-06-03,653.6599731445312,653.6599731445312,655.0800170898438,646.8800048828125,650.3099975585938,0
2010-06-04,629.969970703125,629.969970703125,653.6400146484375,627.7000122070312,653.6400146484375,0
2010-06-07,620.3800048828125,620.3800048828125,634.0,620.02001953125,629.9400024414062,0
2010-06-08,626.0,626.0,626.6300048828125,614.5900268554688,620.3099975585938,0
2010-06-09,623.1300048828125,623.1300048828125,636.3200073242188,621.030029296875,625.969970703125,0
2010-06-10,641.9500122070312,641.9500122070312,642.3400268554688,623.1199951171875,623.1199951171875,0
2010-06-11,645.6900024414062,645.6900024414062,645.9500122070312,636.1900024414062,641.739990234375,0
2010-06-14,645.2100219726562,645.2100219726562,655.0,644.7100219726562,645.6699829101562,0
2010-06-15,660.510009765625,660.510009765625,660.8400268554688,645.2000122070312,645.2000122070312,0
2010-06-16,659.6799926757812,659.6799926757812,662.530029296875,655.3699951171875,660.489990234375,0
2010-06-17,660.0499877929688,660.0499877929688,661.6599731445312,654.0999755859375,659.5999755859375,0
2010-06-18,660.7100219726562,660.7100219726562,663.0999755859375,658.530029296875,660.0499877929688,0
2010-06-21,657.6099853515625,657.6099853515625,669.1199951171875,654.6300048828125,660.7100219726562,0
2010-06-22,646.3200073242188,646.3200073242188,661.2999877929688,645.7100219726562,657.530029296875,0
2010-06-23,644.530029296875,644.530029296875,649.1699829101562,640.1300048828125,646.2999877929688,0
2010-06-24,633.5399780273438,633.5399780273438,644.530029296875,632.469970703125,644.530029296875,0
2010-06-25,636.22998046875,636.22998046875,640.0399780273438,630.3400268554688,633.52001953125,0
2010-06-28,634.5599975585938,634.5599975585938,639.739990234375,632.7100219726562,636.1199951171875,0
2010-06-29,613.97998046875,613.97998046875,634.530029296875,610.5499877929688,634.530029296875,0
2010-06-30,607.9199829101562,607.9199829101562,618.760009765625,606.6400146484375,613.9299926757812,0
2010-07-01,605.5599975585938,605.5599975585938,609.5900268554688,595.2100219726562,607.8900146484375,0
2010-07-02,602.3599853515625,602.3599853515625,608.9500122070312,598.7000122070312,605.5599975585938,0
2010-07-06,604.1500244140625,604.1500244140625,614.5800170898438,598.7899780273438,602.3599853515625,0
2010-07-07,623.5900268554688,623.5900268554688,623.8800048828125,603.9000244140625,603.9000244140625,0
2010-07-08,629.72998046875,629.72998046875,630.4199829101562,622.5599975585938,623.5599975585938,0
2010-07-09,634.8699951171875,634.8699951171875,634.9600219726562,628.4199829101562,629.72998046875,0
2010-07-12,634.2100219726562,634.2100219726562,636.6599731445312,629.52001953125,634.8699951171875,0
2010-07-13,645.2999877929688,645.2999877929688,647.5399780273438,634.1599731445312,634.1599731445312,0
2010-07-14,644.9199829101562,644.9199829101562,647.3499755859375,640.5599975585938,645.2899780273438,0
2010-07-15,645.0399780273438,645.0399780273438,646.2999877929688,635.8800048828125,644.9199829101562,0
2010-07-16,625.9000244140625,625.9000244140625,645.030029296875,625.0399780273438,645.030029296875,0
2010-07-19,629.5700073242188,629.5700073242188,631.4000244140625,622.97998046875,625.8900146484375,0
2010-07-20,637.3400268554688,637.3400268554688,637.6099853515625,620.9500122070312,629.5599975585938,0
2010-07-21,628.8300170898438,628.8300170898438,640.8200073242188,626.489990234375,637.27001953125,0
2010-07-22,643.8499755859375,643.8499755859375,645.77001953125,628.8099975585938,628.8099975585938,0
2010-07-23,650.280029296875,650.280029296875,650.6199951171875,640.27001953125,643.8400268554688,0
2010-07-26,658.52001953125,658.52001953125,658.52001953125,649.5499877929688,650.280029296875,0
2010-07-27,657.0599975585938,657.0599975585938,662.219970703125,655.0,658.52001953125,0
2010-07-28,651.6500244140625,651.6500244140625,657.5900268554688,649.780029296875,657.010009765625,0
2010-07-29,649.010009765625,649.010009765625,657.3400268554688,643.2999877929688,651.5599975585938,0
2010-07-30,649.3900146484375,649.3900146484375,652.1599731445312,640.6799926757812,649.010009765625,0
2010-08-02,663.2999877929688,663.2999877929688,664.1199951171875,649.3900146484375,649.3900146484375,0
2010-08-03,659.6400146484375,659.6400146484375,663.2999877929688,657.1799926757812,663.2999877929688,0
2010-08-04,664.27001953125,664.27001953125,664.9299926757812,659.489990234375,659.5,0
2010-08-05,662.719970703125,662.719970703125,664.239990234375,659.1500244140625,664.239990234375,0
2010-08-06,660.260009765625,660.260009765625,662.6599731445312,651.6799926757812,662.6599731445312,0
2010-08-09,664.4099731445312,664.4099731445312,665.2000122070312,660.02001953125,660.25,0
2010-08-10,659.1300048828125,659.1300048828125,664.3900146484375,654.1400146484375,664.3900146484375,0
2010-08-11,639.6799926757812,639.6799926757812,658.8699951171875,639.1199951171875,658.8699951171875,0
2010-08-12,636.3599853515625,636.3599853515625,639.5999755859375,631.9199829101562,639.5999755859375,0
2010-08-13,633.4000244140625,633.4000244140625,637.72998046875,633.4000244140625,636.3400268554688,0
2010-08-16,634.030029296875,634.030029296875,636.0800170898438,627.9000244140625,633.3699951171875,0
2010-08-17,642.3900146484375,642.3900146484375,646.780029296875,633.9299926757812,633.9299926757812,0
2010-08-18,643.5399780273438,643.5399780273438,646.8900146484375,638.2000122070312,642.2999877929688,0
2010-08-19,632.2000122070312,632.2000122070312,643.530029296875,629.52001953125,643.530029296875,0
2010-08-20,630.25,630.25,632.2000122070312,625.0999755859375,632.2000122070312,0
2010-08-23,626.969970703125,626.969970703125,636.1599731445312,626.8499755859375,630.239990234375,0
2010-08-24,617.8099975585938,617.8099975585938,626.9600219726562,614.3099975585938,626.9600219726562,0
2010-08-25,620.6599731445312,620.6599731445312,622.8300170898438,610.739990234375,617.77001953125,0
2010-08-26,615.9000244140625,615.9000244140625,624.6099853515625,614.9000244140625,620.6500244140625,0
2010-08-27,627.0,627.0,627.3400268554688,611.469970703125,615.75,0
2010-08-30,617.27001953125,617.27001953125,626.8900146484375,617.22998046875,626.8900146484375,0
2010-08-31,617.47998046875,617.47998046875,621.0599975585938,612.5399780273438,617.25,0
2010-09-01,636.25,636.25,636.6400146484375,617.4299926757812,617.4299926757812,0
2010-09-02,642.510009765625,642.510009765625,642.52001953125,636.0999755859375,636.2100219726562,0
2010-09-03,651.1799926757812,651.1799926757812,651.6900024414062,642.5,642.5,0
2010-09-07,643.030029296875,643.030029296875,651.1500244140625,642.5900268554688,651.1500244140625,0
2010-09-08,647.1799926757812,647.1799926757812,649.8599853515625,642.9199829101562,642.9199829101562,0
2010-09-09,649.8699951171875,649.8699951171875,653.9299926757812,647.219970703125,647.219970703125,0
2010-09-10,652.8400268554688,652.8400268554688,653.7100219726562,649.8400268554688,649.8599853515625,0
2010-09-13,661.1400146484375,661.1400146484375,661.8900146484375,652.6400146484375,652.6400146484375,0
2010-09-14,660.5599975585938,660.5599975585938,664.2899780273438,657.22998046875,661.1300048828125,0
2010-09-15,662.969970703125,662.969970703125,663.8099975585938,656.5499877929688,660.5499877929688,0
2010-09-16,662.3699951171875,662.3699951171875,662.8800048828125,659.1599731445312,662.8800048828125,0
2010-09-17,663.2999877929688,663.2999877929688,666.2999877929688,660.8200073242188,662.3699951171875,0
2010-09-20,674.0499877929688,674.0499877929688,675.1799926757812,663.2899780273438,663.2899780273438,0
2010-09-21,671.9000244140625,671.9000244140625,677.219970703125,670.2100219726562,674.0399780273438,0
2010-09-22,668.1400146484375,668.1400146484375,674.5599975585938,666.3200073242188,671.8400268554688,0
2010-09-23,662.6099853515625,662.6099853515625,670.0800170898438,661.3200073242188,668.1400146484375,0
2010-09-24,677.4400024414062,677.4400024414062,677.489990234375,662.6099853515625,662.6099853515625,0
2010-09-27,673.9299926757812,673.9299926757812,678.27001953125,673.77001953125,677.4400024414062,0
2010-09-28,677.7100219726562,677.7100219726562,678.9099731445312,667.6900024414062,673.8200073242188,0
2010-09-29,676.5599975585938,676.5599975585938,678.72998046875,673.7000122070312,677.6400146484375,0
2010-09-30,674.75,674.75,683.8200073242188,671.5499877929688,676.52001953125,0
2010-10-01,677.6799926757812,677.6799926757812,680.0999755859375,673.5999755859375,674.72998046875,0
2010-10-04,671.8300170898438,671.8300170898438,678.75,668.7100219726562,677.8400268554688,0
2010-10-05,686.1699829101562,686.1699829101562,687.27001953125,671.8300170898438,671.8300170898438,0
2010-10-06,684.989990234375,684.989990234375,686.8599853515625,682.0399780273438,685.3800048828125,0
2010-10-07,683.989990234375,683.989990234375,687.469970703125,680.0399780273438,684.97998046875,0
2010-10-08,688.8499755859375,688.8499755859375,690.4199829101562,682.5399780273438,684.1900024414062,0
2010-10-11,689.0800170898438,689.0800170898438,690.989990234375,687.3599853515625,689.02001953125,0
2010-10-12,691.760009765625,691.760009765625,693.2899780273438,683.0999755859375,689.0800170898438,0
2010-10-13,697.1500244140625,697.1500244140625,700.7899780273438,692.9299926757812,692.9299926757812,0
2010-10-14,694.6199951171875,694.6199951171875,697.8800048828125,690.4400024414062,697.1300048828125,0
2010-10-15,695.8499755859375,695.8499755859375,699.280029296875,690.7100219726562,696.8099975585938,0
2010-10-18,700.6400146484375,700.6400146484375,700.9600219726562,694.8900146484375,695.8499755859375,0
2010-10-19,689.0,689.0,696.9000244140625,685.2999877929688,696.9000244140625,0
2010-10-20,696.52001953125,696.52001953125,699.27001953125,689.6599731445312,689.7000122070312,0
2010-10-21,697.1900024414062,697.1900024414062,703.1699829101562,691.6099853515625,697.7000122070312,0
2010-10-22,699.4199829101562,699.4199829101562,699.530029296875,696.52001953125,697.5,0
2010-10-25,701.4000244140625,701.4000244140625,707.5800170898438,700.1300048828125,700.1300048828125,0
2010-10-26,701.3900146484375,701.3900146484375,702.5700073242188,696.3900146484375,699.9500122070312,0
2010-10-27,699.6900024414062,699.6900024414062,700.3599853515625,693.2999877929688,699.6300048828125,0
2010-10-28,700.0499877929688,700.0499877929688,704.1699829101562,696.2999877929688,701.25,0
2010-10-29,700.3699951171875,700.3699951171875,701.6500244140625,698.1900024414062,699.6500244140625,0
2010-11-01,700.6300048828125,700.6300048828125,707.8099975585938,696.469970703125,701.969970703125,0
2010-11-02,706.9099731445312,706.9099731445312,707.9000244140625,700.6199951171875,700.6199951171875,0
2010-11-03,709.3300170898438,709.3300170898438,709.4500122070312,700.6199951171875,700.6199951171875,0
2010-11-04,723.22998046875,723.22998046875,723.2899780273438,700.760009765625,706.9600219726562,0
2010-11-05,726.1400146484375,726.1400146484375,727.0,709.219970703125,709.219970703125,0
2010-11-08,724.9299926757812,724.9299926757812,725.6199951171875,721.3300170898438,725.02001953125,0
2010-11-09,718.6900024414062,718.6900024414062,727.3099975585938,716.030029296875,725.3599853515625,0
2010-11-10,722.5800170898438,722.5800170898438,722.5999755859375,713.4500122070312,718.6699829101562,0
2010-11-11,719.8499755859375,719.8499755859375,721.1599731445312,714.0900268554688,720.9600219726562,0
2010-11-12,710.739990234375,710.739990234375,718.8400268554688,707.989990234375,718.8400268554688,0
2010-11-15,710.1699829101562,710.1699829101562,715.989990234375,709.8900146484375,711.719970703125,0
2010-11-16,698.3499755859375,698.3499755859375,708.27001953125,695.1300048828125,708.27001953125,0
2010-11-17,699.0700073242188,699.0700073242188,701.7000122070312,697.0999755859375,698.4199829101562,0
2010-11-18,709.9000244140625,709.9000244140625,712.0599975585938,701.3099975585938,701.3099975585938,0
2010-11-19,712.1099853515625,712.1099853515625,712.260009765625,705.5399780273438,709.6699829101562,0
2010-11-22,711.8599853515625,711.8599853515625,712.27001953125,704.0800170898438,711.02001953125,0
2010-11-23,702.0700073242188,702.0700073242188,709.010009765625,699.5999755859375,709.010009765625,0
2010-11-24,713.4000244140625,713.4000244140625,713.489990234375,704.3900146484375,704.3900146484375,0
2010-11-26,708.3699951171875,708.3699951171875,713.260009765625,706.719970703125,713.260009765625,0
2010-11-29,707.3300170898438,707.3300170898438,708.7999877929688,698.760009765625,708.2100219726562,0
2010-11-30,702.9199829101562,702.9199829101562,706.8300170898438,699.1199951171875,704.6199951171875,0
2010-12-01,718.010009765625,718.010009765625,718.8499755859375,699.1199951171875,704.6199951171875,0
2010-12-02,727.0,727.0,727.0499877929688,718.0,718.0,0
2010-12-03,729.5499877929688,729.5499877929688,730.1199951171875,718.0,718.0,0
2010-12-06,729.1900024414062,729.1900024414062,730.6900024414062,727.1199951171875,729.280029296875,0
2010-12-07,729.6400146484375,729.6400146484375,736.3900146484375,729.2999877929688,731.1099853515625,0
2010-12-08,731.5599975585938,731.5599975585938,732.719970703125,727.030029296875,730.1699829101562,0
2010-12-09,734.280029296875,734.280029296875,735.2999877929688,727.030029296875,730.1699829101562,0
2010-12-10,739.1699829101562,739.1699829101562,739.4299926757812,734.0399780273438,735.6799926757812,0
2010-12-13,738.6099853515625,738.6099853515625,742.4400024414062,738.530029296875,739.4299926757812,0
2010-12-14,739.1699829101562,739.1699829101562,742.4400024414062,737.1799926757812,739.4299926757812,0
2010-12-15,735.3699951171875,735.3699951171875,741.4600219726562,734.780029296875,738.8900146484375,0
2010-12-16,740.47998046875,740.47998046875,741.4600219726562,734.0700073242188,738.8900146484375,0
2010-12-17,741.5900268554688,741.5900268554688,742.7000122070312,734.0700073242188,735.739990234375,0
2010-12-20,743.489990234375,743.489990234375,745.4000244140625,740.1699829101562,741.5800170898438,0
2010-12-21,748.4199829101562,748.4199829101562,749.0599975585938,744.75,744.75,0
2010-12-22,750.7100219726562,750.7100219726562,751.3400268554688,743.4099731445312,744.75,0
2010-12-23,749.4099731445312,749.4099731445312,750.8400268554688,748.030029296875,750.1900024414062,0
2010-12-27,750.010009765625,750.010009765625,750.510009765625,746.0900268554688,748.1699829101562,0
2010-12-28,750.0900268554688,750.0900268554688,751.27001953125,746.0900268554688,748.1699829101562,0
2010-12-29,751.2000122070312,751.2000122070312,752.7100219726562,748.739990234375,750.47998046875,0
2010-12-30,750.2999877929688,750.2999877929688,752.7100219726562,749.780029296875,750.27001953125,0
2010-12-31,749.47998046875,749.47998046875,752.3200073242188,748.1699829101562,751.0399780273438,0
2011-01-03,758.4099731445312,758.4099731445312,761.0999755859375,752.1699829101562,752.1699829101562,0
2011-01-04,755.989990234375,755.989990234375,759.8900146484375,751.1799926757812,758.3900146484375,0
2011-01-05,760.22998046875,760.22998046875,760.719970703125,751.1799926757812,758.3900146484375,0
2011-01-06,758.5599975585938,758.5599975585938,761.3599853515625,753.1599731445312,754.9400024414062,0
2011-01-07,757.1300048828125,757.1300048828125,761.3599853515625,750.8400268554688,760.22998046875,0
2011-01-10,756.8800048828125,756.8800048828125,758.0499877929688,751.2000122070312,755.8099975585938,0
2011-01-11,759.8499755859375,759.8499755859375,761.47998046875,756.9299926757812,758.4199829101562,0
2011-01-12,766.4500122070312,766.4500122070312,766.9600219726562,760.1099853515625,760.1099853515625,0
2011-01-13,765.3200073242188,765.3200073242188,767.1599731445312,763.3499755859375,766.3200073242188,0
2011-01-14,770.9199829101562,770.9199829101562,770.9199829101562,763.760009765625,764.719970703125,0
2011-01-18,772.4400024414062,772.4400024414062,772.6400146484375,769.1400146484375,769.8900146484375,0
2011-01-19,763.0800170898438,763.0800170898438,772.0900268554688,761.4099731445312,772.0,0
2011-01-20,760.9299926757812,760.9299926757812,772.3599853515625,755.8499755859375,772.0,0
2011-01-21,761.8099975585938,761.8099975585938,767.1400146484375,755.8499755859375,761.9099731445312,0
2011-01-24,766.6900024414062,766.6900024414062,767.510009765625,761.4299926757812,762.030029296875,0
2011-01-25,766.9500122070312,766.9500122070312,766.9500122070312,760.9199829101562,765.3599853515625,0
2011-01-26,771.5999755859375,771.5999755859375,773.1500244140625,766.9500122070312,766.9500122070312,0
2011-01-27,773.510009765625,773.510009765625,774.6199951171875,770.0999755859375,772.1900024414062,0
2011-01-28,759.3200073242188,759.3200073242188,775.2100219726562,758.5399780273438,773.5800170898438,0
2011-01-31,765.1400146484375,765.1400146484375,766.2999877929688,760.0700073242188,760.0700073242188,0
2011-02-01,778.1900024414062,778.1900024414062,778.9099731445312,766.760009765625,766.760009765625,0
2011-02-02,776.1199951171875,776.1199951171875,778.6099853515625,775.1900024414062,777.5,0
2011-02-03,778.0700073242188,778.0700073242188,778.9000244140625,770.4500122070312,775.5,0
2011-02-04,780.25,780.25,780.3400268554688,774.9299926757812,778.27001953125,0
2011-02-07,785.489990234375,785.489990234375,787.8900146484375,780.9199829101562,780.9199829101562,0
2011-02-08,788.9299926757812,788.9299926757812,789.0,783.6400146484375,785.2899780273438,0
2011-02-09,786.530029296875,786.530029296875,788.9199829101562,783.1799926757812,787.9500122070312,0
2011-02-10,787.6699829101562,787.6699829101562,788.22998046875,781.3800048828125,784.2100219726562,0
2011-02-11,792.6500244140625,792.6500244140625,793.4299926757812,784.530029296875,786.3400268554688,0
2011-02-14,795.02001953125,795.02001953125,795.4099731445312,791.8300170898438,792.5499877929688,0
2011-02-15,791.9500122070312,791.9500122070312,794.4000244140625,790.3800048828125,794.4000244140625,0
2011-02-16,797.3400268554688,797.3400268554688,798.0599975585938,793.3599853515625,793.3599853515625,0
2011-02-17,800.1300048828125,800.1300048828125,800.8699951171875,794.52001953125,796.3300170898438,0
2011-02-18,801.2899780273438,801.2899780273438,802.260009765625,798.4000244140625,800.3800048828125,0
2011-02-22,784.0599975585938,784.0599975585938,798.510009765625,782.4199829101562,798.510009765625,0
2011-02-23,778.0,778.0,785.5499877929688,773.1500244140625,783.97998046875,0
2011-02-24,777.8200073242188,777.8200073242188,780.969970703125,770.72998046875,778.0700073242188,0
2011-02-25,787.5800170898438,787.5800170898438,787.6699829101562,779.2000122070312,779.2000122070312,0
2011-02-28,791.4400024414062,791.4400024414062,793.0800170898438,787.3200073242188,788.5800170898438,0
2011-03-01,778.5999755859375,778.5999755859375,794.0800170898438,778.260009765625,792.3200073242188,0
2011-03-02,780.260009765625,780.260009765625,783.739990234375,776.5599975585938,778.1099853515625,0
2011-03-03,794.1699829101562,794.1699829101562,794.9099731445312,780.219970703125,780.219970703125,0
2011-03-04,788.6099853515625,788.6099853515625,794.219970703125,783.510009765625,794.1699829101562,0
2011-03-07,781.260009765625,781.260009765625,792.2999877929688,777.22998046875,788.9199829101562,0
2011-03-08,788.5399780273438,788.5399780273438,790.9400024414062,778.9299926757812,781.4099731445312,0
2011-03-09,787.1300048828125,787.1300048828125,789.3800048828125,782.8699951171875,787.4400024414062,0
2011-03-10,771.8099975585938,771.8099975585938,783.6699829101562,771.469970703125,783.6699829101562,0
2011-03-11,777.0399780273438,777.0399780273438,779.530029296875,769.47998046875,770.3900146484375,0
2011-03-14,772.4500122070312,772.4500122070312,774.8900146484375,766.6099853515625,774.8900146484375,0
2011-03-15,764.239990234375,764.239990234375,772.4500122070312,751.3099975585938,772.4500122070312,0
2011-03-16,750.5,750.5,764.5800170898438,746.010009765625,763.2899780273438,0
2011-03-17,759.4500122070312,759.4500122070312,763.1099853515625,753.6799926757812,753.6799926757812,0
2011-03-18,763.219970703125,763.219970703125,768.25,761.3699951171875,762.1400146484375,0
2011-03-21,775.4400024414062,775.4400024414062,776.3400268554688,766.280029296875,766.280029296875,0
2011-03-22,772.4199829101562,772.4199829101562,776.2000122070312,771.7000122070312,775.5700073242188,0
2011-03-23,774.5399780273438,774.5399780273438,776.3300170898438,766.469970703125,771.4400024414062,0
2011-03-24,781.77001953125,781.77001953125,782.8699951171875,774.3400268554688,776.6099853515625,0
2011-03-25,784.9199829101562,784.9199829101562,788.6300048828125,782.3499755859375,783.1599731445312,0
2011-03-28,782.5999755859375,782.5999755859375,788.489990234375,782.5999755859375,785.9000244140625,0
2011-03-29,788.4000244140625,788.4000244140625,788.4000244140625,779.5999755859375,782.0800170898438,0
2011-03-30,794.5,794.5,796.0399780273438,790.22998046875,790.22998046875,0
2011-03-31,793.8499755859375,793.8499755859375,795.7000122070312,792.7000122070312,794.0,0
2011-04-01,797.9199829101562,797.9199829101562,800.9000244140625,795.6199951171875,795.6699829101562,0
2011-04-04,798.4199829101562,798.4199829101562,800.5599975585938,796.1699829101562,797.8499755859375,0
2011-04-05,798.8800048828125,798.8800048828125,802.3200073242188,796.739990234375,798.4099731445312,0
2011-04-06,800.1900024414062,800.1900024414062,803.0800170898438,797.5999755859375,800.5599975585938,0
2011-04-07,798.4199829101562,798.4199829101562,802.22998046875,794.8099975585938,800.1500244140625,0
2011-04-08,794.719970703125,794.719970703125,802.1199951171875,791.5499877929688,800.0999755859375,0
2011-04-11,791.8400268554688,791.8400268554688,797.7899780273438,789.6900024414062,795.2000122070312,0
2011-04-12,785.0900268554688,785.0900268554688,790.4199829101562,782.6300048828125,790.4199829101562,0
2011-04-13,785.75,785.75,789.75,782.4000244140625,787.510009765625,0
2011-04-14,786.0999755859375,786.0999755859375,787.2000122070312,778.6500244140625,783.4299926757812,0
2011-04-15,789.9000244140625,789.9000244140625,791.4099731445312,785.3400268554688,785.7999877929688,0
2011-04-18,780.5900268554688,780.5900268554688,786.8599853515625,774.5900268554688,786.8599853515625,0
2011-04-19,784.8300170898438,784.8300170898438,784.8300170898438,779.72998046875,780.5800170898438,0
2011-04-20,796.1599731445312,796.1599731445312,797.2100219726562,785.6400146484375,785.6400146484375,0
2011-04-21,800.72998046875,800.72998046875,800.72998046875,797.3099975585938,797.3099975585938,0
2011-04-25,799.5499877929688,799.5499877929688,800.8300170898438,796.9500122070312,800.489990234375,0
2011-04-26,806.8400268554688,806.8400268554688,808.4099731445312,800.6799926757812,800.6799926757812,0
2011-04-27,811.8599853515625,811.8599853515625,812.739990234375,804.8400268554688,806.719970703125,0
2011-04-28,814.52001953125,814.52001953125,815.239990234375,810.5399780273438,811.2999877929688,0
2011-04-29,816.6599731445312,816.6599731445312,817.3499755859375,813.510009765625,814.5900268554688,0
2011-05-02,814.3800048828125,814.3800048828125,820.7000122070312,812.9600219726562,816.6799926757812,0
2011-05-03,810.22998046875,810.22998046875,813.9500122070312,805.969970703125,813.6699829101562,0
2011-05-04,804.1699829101562,804.1699829101562,810.3200073242188,800.5499877929688,810.3200073242188,0
2011-05-05,797.739990234375,797.739990234375,805.5399780273438,794.239990234375,802.3599853515625,0
2011-05-06,800.9099731445312,800.9099731445312,809.3300170898438,797.6500244140625,797.6500244140625,0
2011-05-09,805.4299926757812,805.4299926757812,807.1699829101562,800.3300170898438,800.8499755859375,0
2011-05-10,812.6199951171875,812.6199951171875,813.7999877929688,806.6099853515625,806.6099853515625,0
2011-05-11,803.1599731445312,803.1599731445312,812.260009765625,799.760009765625,812.260009765625,0
2011-05-12,807.2000122070312,807.2000122070312,808.6500244140625,796.7899780273438,801.47998046875,0
2011-05-13,800.1699829101562,800.1699829101562,808.3300170898438,797.8200073242188,807.1400146484375,0
2011-05-16,794.3800048828125,794.3800048828125,803.4600219726562,793.3599853515625,798.469970703125,0
2011-05-17,793.4299926757812,793.4299926757812,794.5800170898438,787.3800048828125,792.6400146484375,0
2011-05-18,801.4099731445312,801.4099731445312,802.010009765625,792.5,793.4600219726562,0
2011-05-19,803.0700073242188,803.0700073242188,805.3200073242188,798.530029296875,802.6500244140625,0
2011-05-20,797.2000122070312,797.2000122070312,802.9500122070312,795.030029296875,802.9500122070312,0
2011-05-23,786.97998046875,786.97998046875,793.7100219726562,784.719970703125,793.7100219726562,0
2011-05-24,786.010009765625,786.010009765625,790.969970703125,784.489990234375,787.510009765625,0
2011-05-25,789.530029296875,789.530029296875,792.4600219726562,783.3300170898438,785.7100219726562,0
2011-05-26,793.5900268554688,793.5900268554688,794.9400024414062,786.1699829101562,788.1900024414062,0
2011-05-27,797.2000122070312,797.2000122070312,799.25,793.72998046875,793.72998046875,0
2011-05-31,805.739990234375,805.739990234375,805.739990234375,799.22998046875,800.3400268554688,0
2011-06-01,786.8300170898438,786.8300170898438,804.6199951171875,786.3499755859375,804.6199951171875,0
2011-06-02,786.02001953125,786.02001953125,789.3699951171875,781.739990234375,787.1799926757812,0
2011-06-03,777.7999877929688,777.7999877929688,786.010009765625,776.6199951171875,786.010009765625,0
2011-06-06,768.77001953125,768.77001953125,777.7899780273438,768.1900024414062,777.7899780273438,0
2011-06-07,768.6099853515625,768.6099853515625,775.1199951171875,768.469970703125,770.5700073242188,0
2011-06-08,764.5,764.5,769.3300170898438,763.3599853515625,767.5399780273438,0
2011-06-09,769.8099975585938,769.8099975585938,773.02001953125,764.7100219726562,765.2899780273438,0
2011-06-10,758.7000122070312,758.7000122070312,768.0700073242188,757.1400146484375,768.0700073242188,0
2011-06-13,758.5,758.5,762.6099853515625,754.8400268554688,759.469970703125,0
2011-06-14,768.9600219726562,768.9600219726562,771.5900268554688,758.4600219726562,758.4600219726562,0
2011-06-15,755.6900024414062,755.6900024414062,766.1199951171875,753.6699829101562,766.1199951171875,0
2011-06-16,756.6300048828125,756.6300048828125,760.7100219726562,750.5999755859375,755.7899780273438,0
2011-06-17,758.5599975585938,758.5599975585938,763.72998046875,756.219970703125,758.4500122070312,0
2011-06-20,762.9500122070312,762.9500122070312,764.25,756.280029296875,757.2100219726562,0
2011-06-21,774.22998046875,774.22998046875,775.2000122070312,764.9000244140625,764.9000244140625,0
2011-06-22,769.3400268554688,769.3400268554688,776.1900024414062,769.1500244140625,772.9299926757812,0
2011-06-23,767.8499755859375,767.8499755859375,768.2100219726562,755.0499877929688,766.75,0
2011-06-24,759.3200073242188,759.3200073242188,768.3200073242188,758.4099731445312,767.6199951171875,0
2011-06-27,765.9400024414062,765.9400024414062,768.5599975585938,758.2000122070312,759.25,0
2011-06-28,776.2000122070312,776.2000122070312,776.2000122070312,765.75,765.75,0
2011-06-29,782.3800048828125,782.3800048828125,783.6900024414062,776.47998046875,777.5,0
2011-06-30,790.0,790.0,790.9299926757812,783.760009765625,783.760009765625,0
2011-07-01,801.5900268554688,801.5900268554688,802.3400268554688,788.6599731445312,790.2999877929688,0
2011-07-05,801.0700073242188,801.0700073242188,802.7000122070312,798.469970703125,801.4600219726562,0
2011-07-06,802.3400268554688,802.3400268554688,803.3599853515625,796.9299926757812,799.8800048828125,0
2011-07-07,811.02001953125,811.02001953125,812.8699951171875,802.2899780273438,802.2899780273438,0
2011-07-08,805.530029296875,805.530029296875,810.75,799.1699829101562,810.75,0
2011-07-11,790.0800170898438,790.0800170898438,802.22998046875,788.3400268554688,802.22998046875,0
2011-07-12,786.5599975585938,786.5599975585938,794.3900146484375,786.3499755859375,789.239990234375,0
2011-07-13,789.5,789.5,797.77001953125,787.9299926757812,789.260009765625,0
2011-07-14,783.1199951171875,783.1199951171875,794.9500122070312,781.719970703125,790.280029296875,0
2011-07-15,787.8400268554688,787.8400268554688,788.5999755859375,782.5800170898438,784.8800048828125,0
2011-07-18,780.4099731445312,780.4099731445312,787.8099975585938,775.0499877929688,787.8099975585938,0
2011-07-19,793.780029296875,793.780029296875,794.489990234375,780.4099731445312,780.4099731445312,0
2011-07-20,793.0800170898438,793.0800170898438,795.9500122070312,791.3599853515625,794.8200073242188,0
2011-07-21,803.27001953125,803.27001953125,804.9099731445312,794.510009765625,794.510009765625,0
2011-07-22,804.3200073242188,804.3200073242188,805.0599975585938,799.3499755859375,803.3300170898438,0
2011-07-25,799.010009765625,799.010009765625,803.22998046875,795.6900024414062,801.97998046875,0
2011-07-26,795.4000244140625,795.4000244140625,799.4199829101562,794.0900268554688,798.9000244140625,0
2011-07-27,778.02001953125,778.02001953125,793.0499877929688,777.22998046875,793.0499877929688,0
2011-07-28,775.530029296875,775.530029296875,785.1900024414062,774.6599731445312,778.1099853515625,0
2011-07-29,771.1099853515625,771.1099853515625,777.6599731445312,763.9400024414062,775.510009765625,0
2011-08-01,767.8499755859375,767.8499755859375,780.4000244140625,760.8300170898438,773.8300170898438,0
2011-08-02,747.239990234375,747.239990234375,767.8400268554688,747.239990234375,767.8400268554688,0
2011-08-03,751.239990234375,751.239990234375,751.7100219726562,734.3699951171875,747.77001953125,0
2011-08-04,713.1599731445312,713.1599731445312,747.5900268554688,713.0700073242188,747.5900268554688,0
2011-08-05,710.4000244140625,710.4000244140625,723.530029296875,691.8099975585938,715.6900024414062,0
2011-08-08,660.4199829101562,660.4199829101562,704.3099975585938,660.4199829101562,704.3099975585938,0
2011-08-09,694.1500244140625,694.1500244140625,694.280029296875,650.75,664.1699829101562,0
2011-08-10,664.1300048828125,664.1300048828125,689.9199829101562,662.6500244140625,689.9199829101562,0
2011-08-11,695.7000122070312,695.7000122070312,703.7899780273438,667.1099853515625,667.1099853515625,0
2011-08-12,699.2899780273438,699.2899780273438,705.280029296875,694.3699951171875,697.5700073242188,0
2011-08-15,715.3900146484375,715.3900146484375,715.3900146484375,701.1500244140625,701.1500244140625,0
2011-08-16,707.4600219726562,707.4600219726562,714.1599731445312,700.510009765625,711.8900146484375,0
2011-08-17,707.4500122070312,707.4500122070312,716.6400146484375,701.9000244140625,708.9299926757812,0
2011-08-18,674.2100219726562,674.2100219726562,702.22998046875,668.6799926757812,702.22998046875,0
2011-08-19,663.7000122070312,663.7000122070312,682.8400268554688,662.9600219726562,671.6500244140625,0
2011-08-22,663.6900024414062,663.6900024414062,677.1699829101562,661.989990234375,667.260009765625,0
2011-08-23,687.489990234375,687.489990234375,687.489990234375,663.010009765625,665.4400024414062,0
2011-08-24,696.5800170898438,696.5800170898438,697.219970703125,683.4299926757812,686.0599975585938,0
2011-08-25,684.6599731445312,684.6599731445312,704.3599853515625,682.8699951171875,698.6300048828125,0
2011-08-26,696.4600219726562,696.4600219726562,698.7000122070312,671.010009765625,682.739990234375,0
2011-08-29,718.0399780273438,718.0399780273438,718.1400146484375,700.0,700.0,0
2011-08-30,720.0900268554688,720.0900268554688,724.25,709.3800048828125,715.9199829101562,0
2011-08-31,723.1500244140625,723.1500244140625,730.7000122070312,717.4199829101562,721.719970703125,0
2011-09-01,713.510009765625,713.510009765625,729.3300170898438,713.1099853515625,723.510009765625,0
2011-09-02,694.5800170898438,694.5800170898438,712.530029296875,692.4400024414062,712.530029296875,0
2011-09-06,689.7000122070312,689.7000122070312,690.75,674.5399780273438,689.6699829101562,0
2011-09-07,710.8300170898438,710.8300170898438,710.8300170898438,693.5999755859375,693.5999755859375,0
2011-09-08,702.5800170898438,702.5800170898438,714.1500244140625,700.9000244140625,709.0499877929688,0
2011-09-09,683.5800170898438,683.5800170898438,700.25,679.8200073242188,700.25,0
2011-09-12,688.22998046875,688.22998046875,688.260009765625,672.77001953125,680.8099975585938,0
2011-09-13,695.510009765625,695.510009765625,697.4600219726562,685.719970703125,688.8499755859375,0
2011-09-14,705.4099731445312,705.4099731445312,713.4199829101562,689.3800048828125,697.8200073242188,0
2011-09-15,716.97998046875,716.97998046875,716.97998046875,705.989990234375,708.7000122070312,0
2011-09-16,720.3800048828125,720.3800048828125,723.1500244140625,713.75,717.4000244140625,0
2011-09-19,712.8400268554688,712.8400268554688,717.0800170898438,703.5,717.0800170898438,0
2011-09-20,709.9299926757812,709.9299926757812,722.2999877929688,709.9299926757812,714.7100219726562,0
2011-09-21,688.489990234375,688.489990234375,712.510009765625,688.239990234375,710.25,0
2011-09-22,665.9299926757812,665.9299926757812,682.3699951171875,656.8300170898438,682.3699951171875,0
2011-09-23,670.6799926757812,670.6799926757812,673.5399780273438,661.4500122070312,664.3800048828125,0
2011-09-26,685.739990234375,685.739990234375,686.4199829101562,666.3800048828125,672.719970703125,0
2011-09-27,694.0700073242188,694.0700073242188,706.6199951171875,689.3099975585938,689.3099975585938,0
2011-09-28,677.7899780273438,677.7899780273438,699.0399780273438,677.4400024414062,695.1300048828125,0
2011-09-29,683.3699951171875,683.3699951171875,692.5800170898438,670.75,678.6599731445312,0
2011-09-30,665.969970703125,665.969970703125,680.0599975585938,665.9299926757812,680.0599975585938,0
2011-10-03,644.4500122070312,644.4500122070312,670.3599853515625,644.3099975585938,664.1099853515625,0
2011-10-04,661.7899780273438,661.7899780273438,662.25,630.5900268554688,642.239990234375,0
2011-10-05,673.7999877929688,673.7999877929688,675.3400268554688,656.6799926757812,661.1599731445312,0
2011-10-06,687.0599975585938,687.0599975585938,687.3499755859375,668.8099975585938,673.1900024414062,0
2011-10-07,679.9500122070312,679.9500122070312,690.77001953125,677.0900268554688,688.1799926757812,0
2011-10-10,703.739990234375,703.739990234375,703.75,684.239990234375,684.239990234375,0
2011-10-11,704.4199829101562,704.4199829101562,706.6500244140625,698.9199829101562,701.22998046875,0
2011-10-12,711.8800048828125,711.8800048828125,719.3300170898438,706.8599853515625,706.8599853515625,0
2011-10-13,710.1799926757812,710.1799926757812,712.4400024414062,701.72998046875,710.6199951171875,0
2011-10-14,722.739990234375,722.739990234375,722.8699951171875,714.4199829101562,714.4199829101562,0
2011-10-17,707.5499877929688,707.5499877929688,720.780029296875,706.22998046875,720.780029296875,0
2011-10-18,722.719970703125,722.719970703125,727.2999877929688,701.52001953125,707.1799926757812,0
2011-10-19,712.8599853515625,712.8599853515625,726.1799926757812,710.8200073242188,721.1400146484375,0
2011-10-20,715.9400024414062,715.9400024414062,718.0999755859375,704.3499755859375,712.8599853515625,0
2011-10-21,729.8200073242188,729.8200073242188,730.219970703125,718.5499877929688,718.5499877929688,0
2011-10-24,741.5700073242188,741.5700073242188,742.7100219726562,730.5499877929688,730.5499877929688,0
2011-10-25,725.8599853515625,725.8599853515625,739.8900146484375,724.6099853515625,739.8900146484375,0
2011-10-26,734.1199951171875,734.1199951171875,736.6599731445312,720.7999877929688,728.0700073242188,0
2011-10-27,760.5599975585938,760.5599975585938,767.969970703125,738.9299926757812,738.9299926757812,0
2011-10-28,760.4400024414062,760.4400024414062,761.8099975585938,756.219970703125,758.5999755859375,0
2011-10-31,741.6599731445312,741.6599731445312,757.260009765625,741.5999755859375,757.260009765625,0
2011-11-01,720.2100219726562,720.2100219726562,736.0700073242188,718.3200073242188,736.0700073242188,0
2011-11-02,732.5800170898438,732.5800170898438,735.1799926757812,720.1599731445312,720.1599731445312,0
2011-11-03,746.9400024414062,746.9400024414062,748.0499877929688,730.219970703125,734.219970703125,0
2011-11-04,742.8800048828125,742.8800048828125,745.6799926757812,733.719970703125,745.6799926757812,0
2011-11-07,746.510009765625,746.510009765625,746.9199829101562,734.22998046875,745.760009765625,0
2011-11-08,755.1300048828125,755.1300048828125,756.0700073242188,742.0,748.5800170898438,0
2011-11-09,726.4400024414062,726.4400024414062,750.3099975585938,725.3599853515625,750.3099975585938,0
2011-11-10,732.3499755859375,732.3499755859375,736.3099975585938,725.3400268554688,727.280029296875,0
2011-11-11,747.1500244140625,747.1500244140625,748.8699951171875,735.6300048828125,735.6300048828125,0
2011-11-14,739.7899780273438,739.7899780273438,745.5800170898438,736.6799926757812,745.5800170898438,0
2011-11-15,744.0399780273438,744.0399780273438,747.719970703125,734.9600219726562,738.3400268554688,0
2011-11-16,731.780029296875,731.780029296875,745.6500244140625,731.1799926757812,740.6199951171875,0
2011-11-17,719.4199829101562,719.4199829101562,732.510009765625,715.5800170898438,731.22998046875,0
2011-11-18,719.0800170898438,719.0800170898438,723.6500244140625,716.4400024414062,719.97998046875,0
2011-11-21,705.6199951171875,705.6199951171875,715.9199829101562,699.8200073242188,715.9199829101562,0
2011-11-22,702.4299926757812,702.4299926757812,707.8300170898438,698.719970703125,705.5700073242188,0
2011-11-23,686.1699829101562,686.1699829101562,699.5800170898438,686.1699829101562,699.5800170898438,0
2011-11-25,683.8499755859375,683.8499755859375,692.3800048828125,683.8499755859375,684.9099731445312,0
2011-11-28,705.0499877929688,705.0499877929688,707.7100219726562,688.3099975585938,688.3099975585938,0
2011-11-29,706.1799926757812,706.1799926757812,711.0900268554688,704.260009765625,704.8400268554688,0
2011-11-30,737.780029296875,737.780029296875,737.7899780273438,710.97998046875,710.97998046875,0
2011-12-01,735.9199829101562,735.9199829101562,740.489990234375,733.47998046875,736.6099853515625,0
2011-12-02,736.280029296875,736.280029296875,745.72998046875,735.5700073242188,738.8099975585938,0
2011-12-05,744.260009765625,744.260009765625,750.0999755859375,739.8099975585938,739.8099975585938,0
2011-12-06,744.5900268554688,744.5900268554688,748.969970703125,741.4000244140625,744.3800048828125,0
2011-12-07,745.6300048828125,745.6300048828125,748.9299926757812,735.6400146484375,744.4299926757812,0
2011-12-08,728.8800048828125,728.8800048828125,742.969970703125,727.2100219726562,742.969970703125,0
2011-12-09,742.25,742.25,744.0999755859375,730.469970703125,730.469970703125,0
2011-12-12,730.969970703125,730.969970703125,738.4600219726562,725.3300170898438,738.4600219726562,0
2011-12-13,723.280029296875,723.280029296875,738.8400268554688,719.5800170898438,732.6300048828125,0
2011-12-14,714.5499877929688,714.5499877929688,721.9199829101562,713.0900268554688,721.7100219726562,0
2011-12-15,717.5599975585938,717.5599975585938,722.6699829101562,716.02001953125,717.9400024414062,0
2011-12-16,720.739990234375,720.739990234375,727.489990234375,717.8099975585938,718.780029296875,0
2011-12-19,711.4500122070312,711.4500122070312,724.0399780273438,709.8400268554688,721.989990234375,0
2011-12-20,733.52001953125,733.52001953125,734.280029296875,716.2000122070312,716.2000122070312,0
2011-12-21,735.030029296875,735.030029296875,735.9500122070312,726.02001953125,732.4099731445312,0
2011-12-22,741.239990234375,741.239990234375,742.1400146484375,736.1300048828125,736.2999877929688,0
2011-12-23,747.4099731445312,747.4099731445312,747.4299926757812,742.1599731445312,742.5499877929688,0
2011-12-27,747.8200073242188,747.8200073242188,749.8200073242188,745.2899780273438,746.3300170898438,0
2011-12-28,737.5499877929688,737.5499877929688,747.9099731445312,737.0499877929688,747.6799926757812,0
2011-12-29,745.7000122070312,745.7000122070312,746.0599975585938,738.8800048828125,738.8800048828125,0
2011-12-30,742.5800170898438,742.5800170898438,746.3599853515625,742.4600219726562,745.1300048828125,0
2012-01-03,753.739990234375,753.739990234375,758.8400268554688,746.969970703125,746.969970703125,0
2012-01-04,753.3099975585938,753.3099975585938,754.3499755859375,748.0,752.3900146484375,0
2012-01-05,756.1900024414062,756.1900024414062,757.4199829101562,745.8800048828125,752.1300048828125,0
2012-01-06,754.510009765625,754.510009765625,757.2000122070312,751.6199951171875,756.1699829101562,0
2012-01-09,756.5900268554688,756.5900268554688,757.3699951171875,752.6199951171875,755.8499755859375,0
2012-01-10,763.9400024414062,763.9400024414062,766.0599975585938,758.3499755859375,758.3499755859375,0
2012-01-11,764.719970703125,764.719970703125,765.4600219726562,760.27001953125,762.6599731445312,0
2012-01-12,766.7899780273438,766.7899780273438,767.4099731445312,760.5800170898438,765.6199951171875,0
2012-01-13,762.7000122070312,762.7000122070312,763.6400146484375,756.0599975585938,763.6400146484375,0
2012-01-17,765.219970703125,765.219970703125,770.8900146484375,763.6400146484375,765.9600219726562,0
2012-01-18,774.469970703125,774.469970703125,774.469970703125,763.75,765.3599853515625,0
2012-01-19,778.47998046875,778.47998046875,779.25,774.7899780273438,775.25,0
2012-01-20,778.9500122070312,778.9500122070312,778.9500122070312,775.5700073242188,777.1599731445312,0
2012-01-23,779.1099853515625,779.1099853515625,783.2100219726562,775.3599853515625,778.8699951171875,0
2012-01-24,779.2000122070312,779.2000122070312,779.27001953125,773.0599975585938,777.2000122070312,0
2012-01-25,786.489990234375,786.489990234375,787.6900024414062,775.3900146484375,779.8699951171875,0
2012-01-26,782.1500244140625,782.1500244140625,791.0800170898438,779.3200073242188,787.510009765625,0
2012-01-27,782.0599975585938,782.0599975585938,784.0599975585938,779.2999877929688,780.2899780273438,0
2012-01-30,779.5700073242188,779.5700073242188,781.8400268554688,772.3800048828125,781.8400268554688,0
2012-01-31,779.219970703125,779.219970703125,782.780029296875,775.8800048828125,781.9099731445312,0
2012-02-01,787.6199951171875,787.6199951171875,790.9099731445312,780.77001953125,780.77001953125,0
2012-02-02,788.8099975585938,788.8099975585938,791.0900268554688,786.4400024414062,788.219970703125,0
2012-02-03,801.0399780273438,801.0399780273438,801.2000122070312,792.0700073242188,792.0700073242188,0
2012-02-06,800.5599975585938,800.5599975585938,800.5900268554688,796.6199951171875,799.280029296875,0
2012-02-07,801.8599853515625,801.8599853515625,803.1099853515625,795.5900268554688,799.4099731445312,0
2012-02-08,803.469970703125,803.469970703125,804.6199951171875,798.5599975585938,801.6099853515625,0
2012-02-09,804.510009765625,804.510009765625,805.77001953125,799.9000244140625,804.27001953125,0
2012-02-10,798.239990234375,798.239990234375,803.8200073242188,795.3699951171875,803.8200073242188,0
2012-02-13,804.2899780273438,804.2899780273438,805.0900268554688,800.47998046875,800.8800048828125,0
2012-02-14,803.22998046875,803.22998046875,803.27001953125,797.7000122070312,802.8599853515625,0
2012-02-15,799.0800170898438,799.0800170898438,806.739990234375,797.6199951171875,804.1300048828125,0
2012-02-16,808.8300170898438,808.8300170898438,809.2999877929688,798.3499755859375,798.9000244140625,0
2012-02-17,810.0499877929688,810.0499877929688,811.8300170898438,808.010009765625,809.0999755859375,0
2012-02-21,809.72998046875,809.72998046875,813.4299926757812,807.25,810.8699951171875,0
2012-02-22,806.7000122070312,806.7000122070312,810.1699829101562,805.52001953125,808.8400268554688,0
2012-02-23,811.2000122070312,811.2000122070312,811.5900268554688,803.530029296875,806.6400146484375,0
2012-02-24,812.22998046875,812.22998046875,814.4000244140625,811.030029296875,811.719970703125,0
2012-02-27,813.0999755859375,813.0999755859375,815.6099853515625,805.030029296875,809.9000244140625,0
2012-02-28,814.969970703125,814.969970703125,816.1900024414062,811.8800048828125,813.3800048828125,0
2012-02-29,810.3599853515625,810.3599853515625,818.6400146484375,809.5599975585938,815.469970703125,0
2012-03-01,815.52001953125,815.52001953125,817.2999877929688,811.6699829101562,811.6699829101562,0
2012-03-02,811.7899780273438,811.7899780273438,816.0,809.780029296875,814.9299926757812,0
2012-03-05,808.72998046875,808.72998046875,811.6500244140625,805.4199829101562,811.6500244140625,0
2012-03-06,795.5700073242188,795.5700073242188,805.3900146484375,793.6199951171875,805.3900146484375,0
2012-03-07,801.6599731445312,801.6599731445312,802.8699951171875,796.77001953125,796.77001953125,0
2012-03-08,809.9099731445312,809.9099731445312,811.4000244140625,804.1099853515625,804.1099853515625,0
2012-03-09,813.7899780273438,813.7899780273438,816.1300048828125,810.469970703125,810.469970703125,0
2012-03-12,813.2899780273438,813.2899780273438,815.1400146484375,810.8900146484375,813.8300170898438,0
2012-03-13,828.2899780273438,828.2899780273438,828.3200073242188,815.969970703125,815.969970703125,0
2012-03-14,826.3400268554688,826.3400268554688,829.969970703125,823.8900146484375,828.4099731445312,0
2012-03-15,831.7100219726562,831.7100219726562,831.719970703125,825.3300170898438,827.1699829101562,0
2012-03-16,832.3099975585938,832.3099975585938,833.4099731445312,830.6400146484375,831.9099731445312,0
2012-03-19,835.8200073242188,835.8200073242188,838.6500244140625,831.1300048828125,832.239990234375,0
2012-03-20,832.469970703125,832.469970703125,833.6300048828125,828.1799926757812,833.3699951171875,0
2012-03-21,831.3200073242188,831.3200073242188,834.010009765625,829.77001953125,832.8400268554688,0
2012-03-22,824.8499755859375,824.8499755859375,828.3300170898438,822.239990234375,828.3300170898438,0
2012-03-23,828.1400146484375,828.1400146484375,829.1500244140625,821.0800170898438,825.219970703125,0
2012-03-26,839.989990234375,839.989990234375,839.989990234375,830.6099853515625,830.6099853515625,0
2012-03-27,837.1799926757812,837.1799926757812,841.510009765625,836.9299926757812,840.260009765625,0
2012-03-28,832.8099975585938,832.8099975585938,837.8900146484375,827.7000122070312,836.9199829101562,0
2012-03-29,831.5599975585938,831.5599975585938,832.3900146484375,824.1599731445312,830.3800048828125,0
2012-03-30,834.0800170898438,834.0800170898438,835.9199829101562,830.0900268554688,833.010009765625,0
2012-04-02,839.0700073242188,839.0700073242188,842.47998046875,831.5999755859375,833.3099975585938,0
2012-04-03,837.469970703125,837.469970703125,840.760009765625,832.4400024414062,840.3599853515625,0
2012-04-04,828.1699829101562,828.1699829101562,834.6300048828125,825.2899780273438,834.6300048828125,0
2012-04-05,827.4199829101562,827.4199829101562,829.7100219726562,824.8400268554688,826.4600219726562,0
2012-04-09,817.510009765625,817.510009765625,823.5,815.1199951171875,823.5,0
2012-04-10,802.530029296875,802.530029296875,817.969970703125,802.010009765625,816.8599853515625,0
2012-04-11,809.3699951171875,809.3699951171875,812.4400024414062,805.9500122070312,805.9500122070312,0
2012-04-12,820.989990234375,820.989990234375,821.4400024414062,809.7100219726562,809.7100219726562,0
2012-04-13,810.72998046875,810.72998046875,820.6599731445312,810.5999755859375,820.6599731445312,0
2012-04-16,810.3900146484375,810.3900146484375,816.3099975585938,807.489990234375,810.72998046875,0
2012-04-17,822.8800048828125,822.8800048828125,824.5499877929688,812.6599731445312,812.6599731445312,0
2012-04-18,819.3599853515625,819.3599853515625,822.4099731445312,818.1300048828125,822.4099731445312,0
2012-04-19,814.9199829101562,814.9199829101562,823.280029296875,810.969970703125,819.27001953125,0
2012-04-20,816.1300048828125,816.1300048828125,821.3900146484375,814.9099731445312,814.9099731445312,0
2012-04-23,808.6400146484375,808.6400146484375,812.6199951171875,803.3300170898438,812.6199951171875,0
2012-04-24,811.5800170898438,811.5800170898438,813.780029296875,808.6500244140625,808.75,0
2012-04-25,823.22998046875,823.22998046875,823.510009765625,816.6300048828125,816.6300048828125,0
2012-04-26,828.9400024414062,828.9400024414062,830.2100219726562,821.3400268554688,822.989990234375,0
2012-04-27,831.5900268554688,831.5900268554688,833.2999877929688,826.969970703125,830.4500122070312,0
2012-04-30,827.6799926757812,827.6799926757812,831.5800170898438,825.6300048828125,831.5800170898438,0
2012-05-01,831.7999877929688,831.7999877929688,838.3499755859375,826.52001953125,827.5700073242188,0
2012-05-02,830.4000244140625,830.4000244140625,831.0900268554688,824.8499755859375,829.5900268554688,0
2012-05-03,822.8699951171875,822.8699951171875,830.510009765625,821.0700073242188,830.469970703125,0
2012-05-04,809.52001953125,809.52001953125,820.2100219726562,808.7999877929688,820.2100219726562,0
2012-05-07,810.02001953125,810.02001953125,812.47998046875,806.5800170898438,807.9199829101562,0
2012-05-08,806.780029296875,806.780029296875,807.7999877929688,796.6900024414062,807.489990234375,0
2012-05-09,801.6799926757812,801.6799926757812,806.780029296875,794.469970703125,806.5399780273438,0
2012-05-10,803.7100219726562,803.7100219726562,808.27001953125,801.8800048828125,802.25,0
2012-05-11,801.4099731445312,801.4099731445312,808.1900024414062,798.260009765625,801.5700073242188,0
2012-05-14,792.1599731445312,792.1599731445312,801.3599853515625,791.0800170898438,801.3599853515625,0
2012-05-15,787.8499755859375,787.8499755859375,796.2100219726562,786.489990234375,792.3599853515625,0
2012-05-16,784.0499877929688,784.0499877929688,794.4400024414062,784.0499877929688,788.3800048828125,0
2012-05-17,770.72998046875,770.72998046875,784.9600219726562,770.72998046875,784.1500244140625,0
2012-05-18,764.489990234375,764.489990234375,775.1099853515625,762.7000122070312,770.72998046875,0
2012-05-21,777.8499755859375,777.8499755859375,778.0399780273438,764.8699951171875,765.3400268554688,0
2012-05-22,777.9500122070312,777.9500122070312,785.0900268554688,774.0399780273438,778.75,0
2012-05-23,779.8300170898438,779.8300170898438,780.8300170898438,766.010009765625,775.8900146484375,0
2012-05-24,780.9500122070312,780.9500122070312,782.8400268554688,774.5700073242188,780.77001953125,0
2012-05-25,779.510009765625,779.510009765625,782.8499755859375,777.3900146484375,781.02001953125,0
2012-05-29,788.489990234375,788.489990234375,789.9500122070312,782.3699951171875,782.3699951171875,0
2012-05-30,776.3800048828125,776.3800048828125,785.510009765625,775.0999755859375,785.510009765625,0
2012-05-31,774.6099853515625,774.6099853515625,779.8400268554688,767.3200073242188,776.4299926757812,0
2012-06-01,754.6199951171875,754.6199951171875,770.52001953125,754.239990234375,770.52001953125,0
2012-06-04,754.1099853515625,754.1099853515625,757.52001953125,747.1799926757812,755.3800048828125,0
2012-06-05,759.4400024414062,759.4400024414062,760.469970703125,751.6500244140625,752.5800170898438,0
2012-06-06,777.0700073242188,777.0700073242188,777.0700073242188,759.6099853515625,759.6099853515625,0
2012-06-07,776.1500244140625,776.1500244140625,785.6599731445312,775.0,780.0599975585938,0
2012-06-08,782.5599975585938,782.5599975585938,785.6599731445312,771.510009765625,776.1500244140625,0
2012-06-11,771.4500122070312,771.4500122070312,788.52001953125,770.7999877929688,785.4400024414062,0
2012-06-12,780.489990234375,780.489990234375,780.5900268554688,769.969970703125,773.0999755859375,0
2012-06-13,774.22998046875,774.22998046875,782.1500244140625,771.719970703125,778.8499755859375,0
2012-06-14,782.4000244140625,782.4000244140625,784.7899780273438,773.6300048828125,775.0599975585938,0
2012-06-15,790.5,790.5,790.760009765625,782.6400146484375,782.6400146484375,0
2012-06-18,792.1799926757812,792.1799926757812,794.0999755859375,785.3200073242188,788.6099853515625,0
2012-06-19,800.5800170898438,800.5800170898438,803.739990234375,793.9099731445312,793.9099731445312,0
2012-06-20,799.280029296875,799.280029296875,802.97998046875,794.1900024414062,801.1599731445312,0
2012-06-21,781.0,781.0,800.5599975585938,780.4099731445312,799.2999877929688,0
2012-06-22,786.8499755859375,786.8499755859375,788.4400024414062,782.0800170898438,782.9600219726562,0
2012-06-25,774.0399780273438,774.0399780273438,786.77001953125,771.4000244140625,786.77001953125,0
2012-06-26,777.9099731445312,777.9099731445312,780.4199829101562,771.9299926757812,775.4600219726562,0
2012-06-27,785.0599975585938,785.0599975585938,786.4199829101562,779.1199951171875,779.1199951171875,0
2012-06-28,783.6500244140625,783.6500244140625,783.969970703125,774.1400146484375,782.2999877929688,0
2012-06-29,803.6300048828125,803.6300048828125,803.6400146484375,788.8800048828125,788.8800048828125,0
2012-07-02,806.469970703125,806.469970703125,806.469970703125,800.1699829101562,804.1900024414062,0
2012-07-03,812.3599853515625,812.3599853515625,812.6500244140625,805.7000122070312,806.2100219726562,0
2012-07-05,809.1500244140625,809.1500244140625,812.6099853515625,806.0800170898438,811.239990234375,0
2012-07-06,801.0999755859375,801.0999755859375,806.2999877929688,797.3200073242188,806.2999877929688,0
2012-07-09,799.4600219726562,799.4600219726562,801.1099853515625,796.1699829101562,800.4199829101562,0
2012-07-10,792.469970703125,792.469970703125,804.8599853515625,789.4299926757812,801.7000122070312,0
2012-07-11,791.8800048828125,791.8800048828125,794.5499877929688,787.1799926757812,792.0999755859375,0
2012-07-12,788.239990234375,788.239990234375,791.1599731445312,781.8800048828125,789.25,0
2012-07-13,800.9299926757812,800.9299926757812,801.4600219726562,789.3400268554688,789.3400268554688,0
2012-07-16,798.6799926757812,798.6799926757812,800.9600219726562,795.6799926757812,799.8499755859375,0
2012-07-17,804.25,804.25,805.219970703125,793.3800048828125,798.9299926757812,0
2012-07-18,809.510009765625,809.510009765625,811.25,801.5399780273438,802.7100219726562,0
2012-07-19,811.3200073242188,811.3200073242188,813.72998046875,808.3300170898438,811.02001953125,0
2012-07-20,802.8699951171875,802.8699951171875,810.0800170898438,802.6799926757812,810.0800170898438,0
2012-07-23,794.969970703125,794.969970703125,797.4400024414062,787.6199951171875,797.4400024414062,0
2012-07-24,787.2100219726562,787.2100219726562,795.6500244140625,782.3200073242188,795.22998046875,0
2012-07-25,787.3900146484375,787.3900146484375,791.0499877929688,783.75,787.5499877929688,0
2012-07-26,799.6500244140625,799.6500244140625,801.3499755859375,792.02001953125,792.02001953125,0
2012-07-27,815.3099975585938,815.3099975585938,817.1900024414062,801.5,801.5,0
2012-07-30,814.3400268554688,814.3400268554688,818.5,812.1599731445312,815.2000122070312,0
2012-07-31,810.6500244140625,810.6500244140625,815.6300048828125,810.5599975585938,814.0800170898438,0
2012-08-01,806.8599853515625,806.8599853515625,814.1400146484375,806.5,812.8099975585938,0
2012-08-02,801.22998046875,801.22998046875,806.4199829101562,795.5999755859375,804.239990234375,0
2012-08-03,816.8499755859375,816.8499755859375,818.760009765625,805.4400024414062,805.4400024414062,0
2012-08-06,819.2899780273438,819.2899780273438,822.280029296875,817.6900024414062,817.6900024414062,0
2012-08-07,824.0399780273438,824.0399780273438,827.5900268554688,816.8400268554688,819.2899780273438,0
2012-08-08,824.4199829101562,824.4199829101562,825.6900024414062,821.010009765625,822.0499877929688,0
2012-08-09,825.1599731445312,825.1599731445312,826.8900146484375,822.8699951171875,823.8800048828125,0
2012-08-10,826.6699829101562,826.6699829101562,826.739990234375,821.1199951171875,823.5,0
2012-08-13,825.4600219726562,825.4600219726562,826.2000122070312,820.989990234375,825.77001953125,0
2012-08-14,825.0800170898438,825.0800170898438,829.1300048828125,823.1900024414062,826.77001953125,0
2012-08-15,826.9500122070312,826.9500122070312,827.8900146484375,823.8800048828125,824.52001953125,0
2012-08-16,833.1699829101562,833.1699829101562,834.2000122070312,825.9199829101562,827.4299926757812,0
2012-08-17,835.25,835.25,835.489990234375,832.6500244140625,833.489990234375,0
2012-08-20,834.760009765625,834.760009765625,834.760009765625,831.219970703125,834.5499877929688,0
2012-08-21,832.3300170898438,832.3300170898438,840.4000244140625,830.9400024414062,835.9000244140625,0
2012-08-22,832.25,832.25,833.7999877929688,828.3400268554688,831.760009765625,0
2012-08-23,825.760009765625,825.760009765625,830.989990234375,824.7000122070312,830.989990234375,0
2012-08-24,830.6599731445312,830.6599731445312,832.0599975585938,823.3599853515625,825.239990234375,0
2012-08-27,830.260009765625,830.260009765625,833.5800170898438,829.4500122070312,832.0700073242188,0
2012-08-28,830.3099975585938,830.3099975585938,832.530029296875,827.719970703125,829.4500122070312,0
2012-08-29,831.27001953125,831.27001953125,833.1900024414062,828.6599731445312,830.4199829101562,0
2012-08-30,824.6799926757812,824.6799926757812,831.1599731445312,823.1900024414062,831.1599731445312,0
2012-08-31,828.8599853515625,828.8599853515625,832.3099975585938,824.010009765625,827.3400268554688,0
2012-09-04,829.4299926757812,829.4299926757812,831.5900268554688,823.0999755859375,828.0999755859375,0
2012-09-05,828.6199951171875,828.6199951171875,831.6699829101562,827.1799926757812,829.1300048828125,0
2012-09-06,845.510009765625,845.510009765625,845.510009765625,831.030029296875,831.030029296875,0
2012-09-07,849.239990234375,849.239990234375,849.25,845.52001953125,845.52001953125,0
2012-09-10,844.2999877929688,844.2999877929688,849.6900024414062,844.25,848.6099853515625,0
2012-09-11,846.8200073242188,846.8200073242188,849.25,844.3499755859375,844.3499755859375,0
2012-09-12,848.8599853515625,848.8599853515625,850.1799926757812,846.6900024414062,847.3900146484375,0
2012-09-13,861.9299926757812,861.9299926757812,864.280029296875,847.8400268554688,848.9500122070312,0
2012-09-14,866.469970703125,866.469970703125,871.25,862.780029296875,862.9600219726562,0
2012-09-17,862.8599853515625,862.8599853515625,865.760009765625,860.8800048828125,865.760009765625,0
2012-09-18,861.3699951171875,861.3699951171875,862.5800170898438,859.6699829101562,862.1300048828125,0
2012-09-19,862.510009765625,862.510009765625,864.72998046875,860.5900268554688,861.5499877929688,0
2012-09-20,861.1699829101562,861.1699829101562,861.760009765625,855.4600219726562,860.3699951171875,0
2012-09-21,861.510009765625,861.510009765625,865.75,861.2000122070312,862.530029296875,0
2012-09-24,859.239990234375,859.239990234375,861.5999755859375,856.6599731445312,858.8499755859375,0
2012-09-25,849.52001953125,849.52001953125,862.77001953125,849.52001953125,860.239990234375,0
2012-09-26,844.6400146484375,844.6400146484375,849.1300048828125,842.760009765625,848.989990234375,0
2012-09-27,852.97998046875,852.97998046875,854.7100219726562,845.3599853515625,845.3599853515625,0
2012-09-28,849.280029296875,849.280029296875,852.3800048828125,846.1599731445312,851.0700073242188,0
2012-10-01,851.1900024414062,851.1900024414062,858.4600219726562,849.0700073242188,850.7899780273438,0
2012-10-02,852.2000122070312,852.2000122070312,855.1900024414062,848.4199829101562,852.8200073242188,0
2012-10-03,854.8599853515625,854.8599853515625,857.1099853515625,849.9000244140625,853.1900024414062,0
2012-10-04,861.0,861.0,861.5399780273438,856.030029296875,856.030029296875,0
2012-10-05,860.7100219726562,860.7100219726562,867.0599975585938,858.4600219726562,862.4500122070312,0
2012-10-08,857.5599975585938,857.5599975585938,858.9099731445312,856.030029296875,858.6099853515625,0
2012-10-09,848.8400268554688,848.8400268554688,855.469970703125,848.6500244140625,855.469970703125,0
2012-10-10,843.9500122070312,843.9500122070312,849.489990234375,842.6799926757812,848.9400024414062,0
2012-10-11,844.75,844.75,851.0599975585938,844.75,846.5700073242188,0
2012-10-12,841.6900024414062,841.6900024414062,847.7100219726562,840.1400146484375,844.8300170898438,0
2012-10-15,848.27001953125,848.27001953125,848.8499755859375,840.5800170898438,841.6799926757812,0
2012-10-16,856.9000244140625,856.9000244140625,857.1500244140625,849.6500244140625,849.6500244140625,0
2012-10-17,860.8400268554688,860.8400268554688,861.5499877929688,856.0800170898438,856.0800170898438,0
2012-10-18,858.739990234375,858.739990234375,862.5399780273438,856.22998046875,859.8300170898438,0
2012-10-19,844.6500244140625,844.6500244140625,857.75,842.6400146484375,857.75,0
2012-10-22,844.7000122070312,844.7000122070312,845.8200073242188,838.219970703125,843.8599853515625,0
2012-10-23,833.6799926757812,833.6799926757812,841.8699951171875,829.3400268554688,841.8699951171875,0
2012-10-24,831.1599731445312,831.1599731445312,837.8599853515625,830.1400146484375,835.5900268554688,0
2012-10-25,833.5399780273438,833.5399780273438,838.280029296875,828.8599853515625,834.030029296875,0
2012-10-26,832.52001953125,832.52001953125,835.7100219726562,827.4600219726562,833.4500122070312,0
2012-10-31,833.6099853515625,833.6099853515625,836.4199829101562,829.6099853515625,833.2000122070312,0
2012-11-01,843.5599975585938,843.5599975585938,843.7899780273438,834.6199951171875,835.0499877929688,0
2012-11-02,835.0499877929688,835.0499877929688,847.260009765625,834.77001953125,845.7999877929688,0
2012-11-05,837.219970703125,837.219970703125,839.0800170898438,831.8400268554688,839.0800170898438,0
2012-11-06,843.77001953125,843.77001953125,846.27001953125,838.1599731445312,838.1599731445312,0
2012-11-07,824.0499877929688,824.0499877929688,839.5499877929688,820.4000244140625,839.5499877929688,0
2012-11-08,813.9199829101562,813.9199829101562,827.6300048828125,813.9199829101562,824.510009765625,0
2012-11-09,815.239990234375,815.239990234375,821.8599853515625,811.1300048828125,813.8900146484375,0
2012-11-12,815.2000122070312,815.2000122070312,818.02001953125,813.719970703125,816.9099731445312,0
2012-11-13,811.8699951171875,811.8699951171875,819.9199829101562,810.0599975585938,814.72998046875,0
2012-11-14,799.9400024414062,799.9400024414062,815.0700073242188,798.3699951171875,813.3300170898438,0
2012-11-15,798.2899780273438,798.2899780273438,802.8200073242188,794.9000244140625,799.8599853515625,0
2012-11-16,802.8099975585938,802.8099975585938,803.9199829101562,792.8499755859375,798.22998046875,0
2012-11-19,818.6599731445312,818.6599731445312,818.6599731445312,805.8800048828125,805.8800048828125,0
2012-11-20,819.469970703125,819.469970703125,820.4099731445312,813.469970703125,818.030029296875,0
2012-11-21,821.75,821.75,821.8099975585938,818.77001953125,819.9500122070312,0
2012-11-23,832.1699829101562,832.1699829101562,832.1699829101562,824.030029296875,824.030029296875,0
2012-11-26,830.8400268554688,830.8400268554688,830.8699951171875,825.7999877929688,830.8699951171875,0
2012-11-27,827.02001953125,827.02001953125,832.6799926757812,826.5999755859375,830.3699951171875,0
2012-11-28,833.3200073242188,833.3200073242188,833.4600219726562,818.9600219726562,825.22998046875,0
2012-11-29,837.5900268554688,837.5900268554688,839.1599731445312,833.4099731445312,835.0900268554688,0
2012-11-30,837.8300170898438,837.8300170898438,839.1500244140625,835.030029296875,837.6900024414062,0
2012-12-03,834.1300048828125,834.1300048828125,842.219970703125,833.489990234375,839.9600219726562,0
2012-12-04,832.9400024414062,832.9400024414062,836.1699829101562,830.530029296875,833.8699951171875,0
2012-12-05,834.0499877929688,834.0499877929688,837.47998046875,827.8499755859375,832.7000122070312,0
2012-12-06,836.77001953125,836.77001953125,836.77001953125,832.219970703125,833.2100219726562,0
2012-12-07,839.010009765625,839.010009765625,840.4199829101562,835.0800170898438,838.1500244140625,0
2012-12-10,839.8900146484375,839.8900146484375,841.3599853515625,837.77001953125,838.0700073242188,0
2012-12-11,845.4400024414062,845.4400024414062,848.280029296875,842.0499877929688,842.0499877929688,0
2012-12-12,845.260009765625,845.260009765625,851.1599731445312,844.2999877929688,846.969970703125,0
2012-12-13,839.9600219726562,839.9600219726562,846.97998046875,838.0499877929688,844.530029296875,0
2012-12-14,836.8499755859375,836.8499755859375,839.7899780273438,835.8800048828125,838.4600219726562,0
2012-12-17,846.5999755859375,846.5999755859375,846.7000122070312,837.2000122070312,837.2000122070312,0
2012-12-18,856.6599731445312,856.6599731445312,857.22998046875,847.0499877929688,847.6599731445312,0
2012-12-19,851.3400268554688,851.3400268554688,857.3499755859375,851.3400268554688,857.0900268554688,0
2012-12-20,855.9099731445312,855.9099731445312,855.9099731445312,849.5800170898438,851.6199951171875,0
2012-12-21,848.2100219726562,848.2100219726562,852.6799926757812,844.010009765625,852.6799926757812,0
2012-12-24,846.1300048828125,846.1300048828125,847.030029296875,844.9500122070312,847.030029296875,0
2012-12-26,841.6400146484375,841.6400146484375,847.5999755859375,840.25,846.0700073242188,0
2012-12-27,840.7100219726562,840.7100219726562,843.3800048828125,831.22998046875,841.6199951171875,0
2012-12-28,832.0999755859375,832.0999755859375,839.510009765625,831.75,837.760009765625,0
2012-12-31,846.3699951171875,846.3699951171875,846.6799926757812,829.8200073242188,831.8699951171875,0
2013-01-02,867.9400024414062,867.9400024414062,867.9600219726562,846.719970703125,846.719970703125,0
2013-01-03,866.6799926757812,866.6799926757812,871.1599731445312,864.5700073242188,867.52001953125,0
2013-01-04,871.3800048828125,871.3800048828125,872.22998046875,866.5900268554688,866.7999877929688,0
2013-01-07,868.6900024414062,868.6900024414062,870.2100219726562,865.8300170898438,870.2100219726562,0
2013-01-08,866.1699829101562,866.1699829101562,868.1599731445312,862.8800048828125,867.9000244140625,0
2013-01-09,869.030029296875,869.030029296875,870.8300170898438,867.1799926757812,867.1799926757812,0
2013-01-10,874.7899780273438,874.7899780273438,874.9000244140625,868.75,871.5499877929688,0
2013-01-11,874.8499755859375,874.8499755859375,875.1699829101562,872.0999755859375,874.7000122070312,0
2013-01-14,874.280029296875,874.280029296875,874.9099731445312,871.3300170898438,874.8400268554688,0
2013-01-15,875.9199829101562,875.9199829101562,876.4299926757812,870.3499755859375,872.1300048828125,0
2013-01-16,875.5499877929688,875.5499877929688,876.3900146484375,873.0,875.280029296875,0
2013-01-17,880.8800048828125,880.8800048828125,883.1099853515625,877.1500244140625,877.1500244140625,0
2013-01-18,883.7100219726562,883.7100219726562,883.7100219726562,878.02001953125,880.1599731445312,0
2013-01-22,888.030029296875,888.030029296875,888.030029296875,881.25,883.6900024414062,0
2013-01-23,888.8900146484375,888.8900146484375,889.7100219726562,886.3800048828125,888.7000122070312,0
2013-01-24,889.6099853515625,889.6099853515625,893.8499755859375,886.8200073242188,886.8200073242188,0
2013-01-25,894.8599853515625,894.8599853515625,894.9299926757812,890.4099731445312,890.4299926757812,0
2013-01-28,893.3599853515625,893.3599853515625,895.1599731445312,890.780029296875,895.0599975585938,0
2013-01-29,896.97998046875,896.97998046875,897.52001953125,891.6199951171875,892.8200073242188,0
2013-01-30,892.969970703125,892.969970703125,898.010009765625,891.8800048828125,896.780029296875,0
2013-01-31,891.7899780273438,891.7899780273438,894.3699951171875,890.510009765625,892.739990234375,0
2013-02-01,900.5999755859375,900.5999755859375,901.3699951171875,893.9400024414062,893.9400024414062,0
2013-02-04,890.2899780273438,890.2899780273438,898.2000122070312,889.8499755859375,898.2000122070312,0
2013-02-05,899.3599853515625,899.3599853515625,901.27001953125,892.0499877929688,892.0499877929688,0
2013-02-06,900.4299926757812,900.4299926757812,900.4299926757812,895.5700073242188,897.4000244140625,0
2013-02-07,898.6400146484375,898.6400146484375,900.8599853515625,892.3699951171875,900.4199829101562,0
2013-02-08,903.9000244140625,903.9000244140625,903.9000244140625,900.02001953125,900.02001953125,0
2013-02-11,903.1900024414062,903.1900024414062,903.8800048828125,901.1900024414062,903.8800048828125,0
2013-02-12,904.97998046875,904.97998046875,906.4500122070312,902.5900268554688,903.2100219726562,0
2013-02-13,905.7899780273438,905.7899780273438,908.0399780273438,903.0599975585938,905.3200073242188,0
2013-02-14,906.6099853515625,906.6099853515625,907.5900268554688,902.3499755859375,904.02001953125,0
2013-02-15,905.77001953125,905.77001953125,908.3200073242188,902.72998046875,906.9000244140625,0
2013-02-19,912.3599853515625,912.3599853515625,912.3599853515625,906.510009765625,906.510009765625,0
2013-02-20,900.1599731445312,900.1599731445312,911.9400024414062,899.9400024414062,911.9400024414062,0
2013-02-21,893.8400268554688,893.8400268554688,898.780029296875,890.5800170898438,898.780029296875,0
2013-02-22,902.0499877929688,902.0499877929688,902.0499877929688,895.6599731445312,895.6599731445312,0
2013-02-25,885.469970703125,885.469970703125,907.5800170898438,885.469970703125,904.239990234375,0
2013-02-26,890.75,890.75,891.8900146484375,883.6799926757812,886.969970703125,0
2013-02-27,902.1099853515625,902.1099853515625,904.5999755859375,889.8900146484375,890.4400024414062,0
2013-02-28,901.6199951171875,901.6199951171875,907.6300048828125,901.3800048828125,901.9299926757812,0
2013-03-01,903.4500122070312,903.4500122070312,904.2000122070312,893.1400146484375,899.8900146484375,0
2013-03-04,907.469970703125,907.469970703125,907.489990234375,899.8200073242188,903.239990234375,0
2013-03-05,916.5,916.5,918.4099731445312,909.5999755859375,909.5999755859375,0
2013-03-06,917.72998046875,917.72998046875,919.8200073242188,915.75,917.6300048828125,0
2013-03-07,919.77001953125,919.77001953125,920.4500122070312,918.0399780273438,918.1099853515625,0
2013-03-08,924.4500122070312,924.4500122070312,925.0999755859375,919.219970703125,921.9199829101562,0
2013-03-11,927.0700073242188,927.0700073242188,927.0700073242188,922.0599975585938,923.530029296875,0
2013-03-12,924.9000244140625,924.9000244140625,927.3699951171875,922.4600219726562,926.3699951171875,0
2013-03-13,926.5,926.5,927.530029296875,922.5599975585938,924.7100219726562,0
2013-03-14,932.0499877929688,932.0499877929688,932.0599975585938,927.6599731445312,927.6599731445312,0
2013-03-15,930.5,930.5,932.2100219726562,927.75,932.2100219726562,0
2013-03-18,925.52001953125,925.52001953125,929.3099975585938,921.1300048828125,927.0700073242188,0
2013-03-19,923.030029296875,923.030029296875,928.6300048828125,917.3599853515625,926.77001953125,0
2013-03-20,929.77001953125,929.77001953125,931.22998046875,925.219970703125,925.219970703125,0
2013-03-21,922.0800170898438,922.0800170898438,927.5700073242188,920.6300048828125,926.9500122070312,0
2013-03-22,927.989990234375,927.989990234375,928.47998046875,924.0900268554688,924.0900268554688,0
2013-03-25,925.1400146484375,925.1400146484375,932.97998046875,921.7899780273438,929.5,0
2013-03-26,931.8900146484375,931.8900146484375,931.9099731445312,926.9500122070312,926.9500122070312,0
2013-03-27,931.6900024414062,931.6900024414062,932.3400268554688,924.739990234375,929.2999877929688,0
2013-03-28,935.52001953125,935.52001953125,936.2100219726562,930.8400268554688,931.739990234375,0
2013-04-01,930.2999877929688,930.2999877929688,936.1400146484375,928.0,935.3900146484375,0
2013-04-02,933.47998046875,933.47998046875,936.530029296875,930.8099975585938,931.9500122070312,0
2013-04-03,922.760009765625,922.760009765625,934.27001953125,920.5,933.75,0
2013-04-04,926.8300170898438,926.8300170898438,927.7100219726562,922.239990234375,923.1599731445312,0
2013-04-05,923.2000122070312,923.2000122070312,923.9199829101562,914.3599853515625,922.469970703125,0
2013-04-08,929.4099731445312,929.4099731445312,929.4099731445312,920.6500244140625,923.1699829101562,0
2013-04-09,932.0399780273438,932.0399780273438,935.280029296875,927.9500122070312,930.489990234375,0
2013-04-10,943.7999877929688,943.7999877929688,944.4600219726562,933.0700073242188,933.0700073242188,0
2013-04-11,947.1699829101562,947.1699829101562,949.5700073242188,943.0999755859375,943.239990234375,0
2013-04-12,944.4099731445312,944.4099731445312,945.8499755859375,939.1099853515625,945.8499755859375,0
2013-04-15,920.8900146484375,920.8900146484375,942.47998046875,920.8699951171875,942.47998046875,0
2013-04-16,934.4500122070312,934.4500122070312,934.8400268554688,923.3699951171875,923.3699951171875,0
2013-04-17,920.8200073242188,920.8200073242188,931.4099731445312,915.75,931.4099731445312,0
2013-04-18,914.6900024414062,914.6900024414062,922.3200073242188,911.4600219726562,922.0499877929688,0
2013-04-19,923.3900146484375,923.3900146484375,923.6599731445312,914.1199951171875,914.4500122070312,0
2013-04-22,927.3800048828125,927.3800048828125,929.1900024414062,918.5,924.5399780273438,0
2013-04-23,937.4299926757812,937.4299926757812,937.7000122070312,928.52001953125,929.8099975585938,0
2013-04-24,937.97998046875,937.97998046875,940.1099853515625,935.6300048828125,937.0999755859375,0
2013-04-25,942.1599731445312,942.1599731445312,946.530029296875,939.4400024414062,939.4400024414062,0
2013-04-26,940.0499877929688,940.0499877929688,942.4199829101562,937.25,941.239990234375,0
2013-04-29,946.7999877929688,946.7999877929688,948.469970703125,941.6799926757812,941.6900024414062,0
2013-04-30,949.8300170898438,949.8300170898438,949.8300170898438,942.8099975585938,946.780029296875,0
2013-05-01,939.510009765625,939.510009765625,949.1699829101562,938.9400024414062,949.1699829101562,0
2013-05-02,948.6400146484375,948.6400146484375,949.2000122070312,940.5900268554688,940.75,0
2013-05-03,958.7100219726562,958.7100219726562,961.469970703125,951.9500122070312,951.9500122070312,0
2013-05-06,961.0999755859375,961.0999755859375,962.27001953125,958.72998046875,958.9400024414062,0
2013-05-07,966.5399780273438,966.5399780273438,966.5399780273438,960.6099853515625,962.010009765625,0
2013-05-08,970.6199951171875,970.6199951171875,970.6199951171875,964.6400146484375,965.8099975585938,0
2013-05-09,967.0,967.0,971.8099975585938,965.1599731445312,970.030029296875,0
2013-05-10,971.75,971.75,971.75,965.9500122070312,967.5900268554688,0
2013-05-13,971.47998046875,971.47998046875,972.9000244140625,967.6500244140625,970.7999877929688,0
2013-05-14,981.5399780273438,981.5399780273438,981.8599853515625,971.510009765625,971.510009765625,0
2013-05-15,986.25,986.25,987.9199829101562,979.3800048828125,980.4400024414062,0
2013-05-16,981.3099975585938,981.3099975585938,987.3499755859375,980.1500244140625,985.5999755859375,0
2013-05-17,991.280029296875,991.280029296875,991.280029296875,982.3099975585938,982.3099975585938,0
2013-05-20,990.8400268554688,990.8400268554688,994.6400146484375,989.2100219726562,990.1300048828125,0
2013-05-21,992.510009765625,992.510009765625,995.6799926757812,988.8599853515625,990.8300170898438,0
2013-05-22,982.9099731445312,982.9099731445312,1002.5900268554688,979.010009765625,992.760009765625,0
2013-05-23,980.52001953125,980.52001953125,982.9199829101562,971.02001953125,978.8200073242188,0
2013-05-24,979.739990234375,979.739990234375,979.760009765625,972.010009765625,977.77001953125,0
2013-05-28,986.4400024414062,986.4400024414062,994.8300170898438,983.0999755859375,983.5,0
2013-05-29,979.030029296875,979.030029296875,983.6300048828125,973.77001953125,983.6300048828125,0
2013-05-30,983.22998046875,983.22998046875,987.2000122070312,979.5599975585938,979.8200073242188,0
2013-05-31,969.989990234375,969.989990234375,985.77001953125,969.97998046875,981.3499755859375,0
2013-06-03,974.77001953125,974.77001953125,974.77001953125,964.280029296875,970.9299926757812,0
2013-06-04,969.1300048828125,969.1300048828125,978.219970703125,964.469970703125,974.8099975585938,0
2013-06-05,955.7000122070312,955.7000122070312,967.6400146484375,954.8200073242188,967.489990234375,0
2013-06-06,964.3800048828125,964.3800048828125,964.3800048828125,950.1699829101562,955.4299926757812,0
2013-06-07,976.27001953125,976.27001953125,976.8499755859375,966.1599731445312,966.1599731445312,0
2013-06-10,976.3200073242188,976.3200073242188,979.3200073242188,973.7000122070312,977.1699829101562,0
2013-06-11,966.1900024414062,966.1900024414062,974.2999877929688,963.9500122070312,972.9099731445312,0
2013-06-12,957.9199829101562,957.9199829101562,972.97998046875,956.9600219726562,968.8499755859375,0
2013-06-13,972.52001953125,972.52001953125,974.1500244140625,955.3800048828125,957.3099975585938,0
2013-06-14,967.0399780273438,967.0399780273438,975.0900268554688,965.3699951171875,971.8300170898438,0
2013-06-17,974.02001953125,974.02001953125,978.1199951171875,969.0999755859375,969.469970703125,0
2013-06-18,981.8599853515625,981.8599853515625,983.3200073242188,974.2899780273438,974.2899780273438,0
2013-06-19,968.3300170898438,968.3300170898438,982.010009765625,968.3300170898438,981.8400268554688,0
2013-06-20,943.8300170898438,943.8300170898438,964.469970703125,941.5499877929688,964.469970703125,0
2013-06-21,945.8300170898438,945.8300170898438,949.8599853515625,937.0499877929688,944.530029296875,0
2013-06-24,934.3699951171875,934.3699951171875,943.02001953125,926.6199951171875,943.02001953125,0
2013-06-25,943.5999755859375,943.5999755859375,946.6400146484375,936.9400024414062,937.52001953125,0
2013-06-26,952.1400146484375,952.1400146484375,954.4500122070312,943.530029296875,943.530029296875,0
2013-06-27,959.47998046875,959.47998046875,962.4000244140625,954.9400024414062,954.9400024414062,0
2013-06-28,955.8499755859375,955.8499755859375,961.3200073242188,952.5800170898438,958.1699829101562,0
2013-07-01,962.219970703125,962.219970703125,968.5499877929688,959.1599731445312,959.1599731445312,0
2013-07-02,961.530029296875,961.530029296875,967.6699829101562,957.0999755859375,961.7100219726562,0
2013-07-03,962.3599853515625,962.3599853515625,964.47998046875,956.0999755859375,959.6599731445312,0
2013-07-05,972.530029296875,972.530029296875,972.530029296875,961.8599853515625,965.02001953125,0
2013-07-08,977.2000122070312,977.2000122070312,979.6699829101562,974.5599975585938,974.5599975585938,0
2013-07-09,984.6199951171875,984.6199951171875,985.7100219726562,979.2899780273438,979.75,0
2013-07-10,985.1300048828125,985.1300048828125,987.5900268554688,982.0499877929688,984.239990234375,0
2013-07-11,998.47998046875,998.47998046875,999.3099975585938,985.0399780273438,985.0399780273438,0
2013-07-12,1001.6500244140625,1001.6500244140625,1001.6500244140625,997.2000122070312,998.5800170898438,0
2013-07-15,1003.5999755859375,1003.5999755859375,1004.6099853515625,1000.4299926757812,1001.72998046875,0
2013-07-16,999.4600219726562,999.4600219726562,1004.3099975585938,996.9400024414062,1003.9400024414062,0
2013-07-17,1002.5399780273438,1002.5399780273438,1004.77001953125,1000.9299926757812,1000.9299926757812,0
2013-07-18,1007.97998046875,1007.97998046875,1010.0499877929688,1002.9000244140625,1002.9000244140625,0
2013-07-19,1009.1400146484375,1009.1400146484375,1009.1400146484375,1004.6500244140625,1005.8300170898438,0
2013-07-22,1011.489990234375,1011.489990234375,1012.530029296875,1008.4000244140625,1010.0900268554688,0
2013-07-23,1009.8300170898438,1009.8300170898438,1013.52001953125,1008.9500122070312,1012.4600219726562,0
2013-07-24,1005.3099975585938,1005.3099975585938,1013.3699951171875,1003.4199829101562,1012.6099853515625,0
2013-07-25,1009.3900146484375,1009.3900146484375,1009.6699829101562,1002.7999877929688,1005.280029296875,0
2013-07-26,1009.530029296875,1009.530029296875,1009.5800170898438,1000.8900146484375,1006.9099731445312,0
2013-07-29,1005.5599975585938,1005.5599975585938,1009.4299926757812,1003.530029296875,1008.030029296875,0
2013-07-30,1006.6900024414062,1006.6900024414062,1010.3099975585938,1004.3400268554688,1006.239990234375,0
2013-07-31,1007.030029296875,1007.030029296875,1014.5800170898438,1006.6699829101562,1008.1699829101562,0
2013-08-01,1020.4199829101562,1020.4199829101562,1021.1400146484375,1010.1199951171875,1010.1199951171875,0
2013-08-02,1021.8699951171875,1021.8699951171875,1021.8699951171875,1016.7100219726562,1020.0900268554688,0
2013-08-05,1020.9400024414062,1020.9400024414062,1022.0399780273438,1018.530029296875,1021.0999755859375,0
2013-08-06,1014.1099853515625,1014.1099853515625,1019.9299926757812,1011.8699951171875,1019.9299926757812,0
2013-08-07,1009.72998046875,1009.72998046875,1012.2000122070312,1006.27001953125,1012.2000122070312,0
2013-08-08,1014.0700073242188,1014.0700073242188,1015.5800170898438,1008.6900024414062,1011.9400024414062,0
2013-08-09,1011.1599731445312,1011.1599731445312,1015.4600219726562,1007.8499755859375,1012.9400024414062,0
2013-08-12,1010.6699829101562,1010.6699829101562,1011.6799926757812,1006.3099975585938,1008.7000122070312,0
2013-08-13,1012.4099731445312,1012.4099731445312,1013.8800048828125,1005.9500122070312,1011.27001953125,0
2013-08-14,1007.239990234375,1007.239990234375,1012.9099731445312,1007.1400146484375,1011.989990234375,0
2013-08-15,992.2899780273438,992.2899780273438,1002.6400146484375,990.72998046875,1002.6400146484375,0
2013-08-16,989.1199951171875,989.1199951171875,993.989990234375,987.5900268554688,991.5499877929688,0
2013-08-19,982.77001953125,982.77001953125,990.8900146484375,982.6799926757812,988.9099731445312,0
2013-08-20,988.2999877929688,988.2999877929688,991.72998046875,983.1699829101562,983.5599975585938,0
2013-08-21,982.5900268554688,982.5900268554688,991.0800170898438,980.47998046875,986.760009765625,0
2013-08-22,991.780029296875,991.780029296875,992.97998046875,984.0900268554688,984.0900268554688,0
2013-08-23,995.7100219726562,995.7100219726562,996.4099731445312,990.2899780273438,993.72998046875,0
2013-08-26,992.6799926757812,992.6799926757812,999.760009765625,991.9000244140625,996.260009765625,0
2013-08-27,975.75,975.75,992.3099975585938,974.9500122070312,992.3099975585938,0
2013-08-28,978.5,978.5,982.1300048828125,974.22998046875,975.489990234375,0
2013-08-29,981.6199951171875,981.6199951171875,986.0700073242188,976.489990234375,978.3699951171875,0
2013-08-30,976.8300170898438,976.8300170898438,982.5700073242188,974.1500244140625,981.7899780273438,0
2013-09-03,980.8499755859375,980.8499755859375,988.2899780273438,976.5499877929688,980.4099731445312,0
2013-09-04,988.8400268554688,988.8400268554688,990.1199951171875,979.4400024414062,981.1699829101562,0
2013-09-05,990.4000244140625,990.4000244140625,992.5599975585938,988.9600219726562,989.02001953125,0
2013-09-06,990.8599853515625,990.8599853515625,996.5,981.77001953125,990.2999877929688,0
2013-09-09,1001.719970703125,1001.719970703125,1001.8800048828125,992.3099975585938,992.3099975585938,0
2013-09-10,1009.3900146484375,1009.3900146484375,1009.4299926757812,1004.0399780273438,1004.0399780273438,0
2013-09-11,1012.22998046875,1012.22998046875,1012.22998046875,1006.1199951171875,1007.75,0
2013-09-12,1008.5599975585938,1008.5599975585938,1012.8499755859375,1007.8300170898438,1012.0499877929688,0
2013-09-13,1011.4099731445312,1011.4099731445312,1011.719970703125,1007.6300048828125,1009.6799926757812,0
2013-09-16,1016.6199951171875,1016.6199951171875,1021.1900024414062,1015.0,1015.0,0
2013-09-17,1021.8699951171875,1021.8699951171875,1021.9400024414062,1017.0,1017.0,0
2013-09-18,1033.8499755859375,1033.8499755859375,1036.02001953125,1018.469970703125,1021.8499755859375,0
2013-09-19,1032.27001953125,1032.27001953125,1036.6400146484375,1030.9100341796875,1035.0799560546875,0
2013-09-20,1025.18994140625,1025.18994140625,1033.93994140625,1024.47998046875,1032.8800048828125,0
2013-09-23,1020.5999755859375,1020.5999755859375,1025.739990234375,1017.1500244140625,1025.739990234375,0
2013-09-24,1018.969970703125,1018.969970703125,1025.1500244140625,1016.72998046875,1021.0800170898438,0
2013-09-25,1016.8300170898438,1016.8300170898438,1022.219970703125,1016.1500244140625,1019.4299926757812,0
2013-09-26,1020.780029296875,1020.780029296875,1023.6500244140625,1017.5,1017.8800048828125,0
2013-09-27,1016.7999877929688,1016.7999877929688,1020.7100219726562,1013.9099731445312,1020.7100219726562,0
2013-09-30,1011.5499877929688,1011.5499877929688,1014.4600219726562,1006.4199829101562,1012.9299926757812,0
2013-10-01,1020.760009765625,1020.760009765625,1021.47998046875,1011.8200073242188,1011.8699951171875,0
2013-10-02,1019.6400146484375,1019.6400146484375,1019.7000122070312,1012.1199951171875,1017.5399780273438,0
2013-10-03,1010.2999877929688,1010.2999877929688,1018.4600219726562,1005.1599731445312,1018.4600219726562,0
2013-10-04,1017.5700073242188,1017.5700073242188,1018.5999755859375,1009.7899780273438,1010.3400268554688,0
2013-10-07,1008.4400024414062,1008.4400024414062,1014.3900146484375,1008.2000122070312,1014.3900146484375,0
2013-10-08,994.72998046875,994.72998046875,1008.7899780273438,994.7100219726562,1008.3099975585938,0
2013-10-09,994.260009765625,994.260009765625,998.030029296875,988.3599853515625,996.530029296875,0
2013-10-10,1016.3400268554688,1016.3400268554688,1016.4299926757812,998.3599853515625,998.3599853515625,0
2013-10-11,1023.5700073242188,1023.5700073242188,1023.6900024414062,1013.97998046875,1015.22998046875,0
2013-10-14,1027.8399658203125,1027.8399658203125,1028.300048828125,1016.8800048828125,1020.5599975585938,0
2013-10-15,1020.3699951171875,1020.3699951171875,1028.449951171875,1018.9600219726562,1026.9200439453125,0
2013-10-16,1034.3299560546875,1034.3299560546875,1034.4100341796875,1022.969970703125,1022.969970703125,0
2013-10-17,1041.8699951171875,1041.8699951171875,1041.949951171875,1030.1700439453125,1032.260009765625,0
2013-10-18,1049.1600341796875,1049.1600341796875,1049.4000244140625,1043.52001953125,1044.6400146484375,0
2013-10-21,1048.989990234375,1048.989990234375,1051.1400146484375,1046.6300048828125,1049.77001953125,0
2013-10-22,1054.5999755859375,1054.5999755859375,1057.9300537109375,1050.22998046875,1050.9100341796875,0
2013-10-23,1049.4000244140625,1049.4000244140625,1052.4000244140625,1045.699951171875,1052.4000244140625,0
2013-10-24,1053.4000244140625,1053.4000244140625,1054.31005859375,1048.969970703125,1049.949951171875,0
2013-10-25,1057.280029296875,1057.280029296875,1057.2900390625,1052.8800048828125,1055.93994140625,0
2013-10-28,1057.989990234375,1057.989990234375,1059.4100341796875,1055.1099853515625,1056.93994140625,0
2013-10-29,1063.3599853515625,1063.3599853515625,1063.4300537109375,1058.97998046875,1059.699951171875,0
2013-10-30,1057.02001953125,1057.02001953125,1065.1600341796875,1053.6099853515625,1064.199951171875,0
2013-10-31,1053.300048828125,1053.300048828125,1060.510009765625,1052.1099853515625,1056.6500244140625,0
2013-11-01,1055.6099853515625,1055.6099853515625,1058.4300537109375,1049.9300537109375,1054.719970703125,0
2013-11-04,1060.300048828125,1060.300048828125,1060.7900390625,1056.219970703125,1057.4100341796875,0
2013-11-05,1057.18994140625,1057.18994140625,1059.5999755859375,1052.6300048828125,1058.6500244140625,0
2013-11-06,1060.06005859375,1060.06005859375,1063.4100341796875,1056.9200439453125,1059.050048828125,0
2013-11-07,1044.9000244140625,1044.9000244140625,1062.530029296875,1044.43994140625,1060.8800048828125,0
2013-11-08,1059.1800537109375,1059.1800537109375,1059.1800537109375,1045.6600341796875,1045.6800537109375,0
2013-11-11,1060.2900390625,1060.2900390625,1061.1199951171875,1057.6300048828125,1058.8599853515625,0
2013-11-12,1058.199951171875,1058.199951171875,1059.93994140625,1054.6199951171875,1058.699951171875,0
2013-11-13,1067.3299560546875,1067.3299560546875,1067.3299560546875,1053.81005859375,1055.6600341796875,0
2013-11-14,1071.93994140625,1071.93994140625,1072.469970703125,1065.739990234375,1066.949951171875,0
2013-11-15,1076.5,1076.5,1076.52001953125,1072.199951171875,1072.199951171875,0
2013-11-18,1071.18994140625,1071.18994140625,1078.8499755859375,1069.1400146484375,1077.06005859375,0
2013-11-19,1068.06005859375,1068.06005859375,1073.5799560546875,1066.18994140625,1070.530029296875,0
2013-11-20,1064.3900146484375,1064.3900146484375,1073.02001953125,1061.8399658203125,1069.1600341796875,0
2013-11-21,1074.300048828125,1074.300048828125,1074.9599609375,1066.3499755859375,1066.3499755859375,0
2013-11-22,1079.550048828125,1079.550048828125,1079.6099853515625,1073.7900390625,1075.050048828125,0
2013-11-25,1078.02001953125,1078.02001953125,1081.5699462890625,1076.8800048828125,1080.9100341796875,0
2013-11-26,1079.260009765625,1079.260009765625,1082.3499755859375,1076.949951171875,1078.4200439453125,0
2013-11-27,1082.3199462890625,1082.3199462890625,1082.699951171875,1079.4200439453125,1080.31005859375,0
2013-11-29,1081.5899658203125,1081.5899658203125,1085.969970703125,1080.760009765625,1083.6300048828125,0
2013-12-02,1078.050048828125,1078.050048828125,1083.8199462890625,1076.81005859375,1082.25,0
2013-12-03,1074.4100341796875,1074.4100341796875,1077.530029296875,1070.1800537109375,1076.8199462890625,0
2013-12-04,1073.199951171875,1073.199951171875,1077.3699951171875,1064.7900390625,1072.1199951171875,0
2013-12-05,1069.5699462890625,1069.5699462890625,1073.18994140625,1068.47998046875,1072.780029296875,0
2013-12-06,1080.5799560546875,1080.5799560546875,1081.4000244140625,1073.52001953125,1073.52001953125,0
2013-12-09,1082.3199462890625,1082.3199462890625,1084.489990234375,1081.010009765625,1081.6800537109375,0
2013-12-10,1078.739990234375,1078.739990234375,1083.1500244140625,1078.3900146484375,1081.31005859375,0
2013-12-11,1065.6099853515625,1065.6099853515625,1079.0799560546875,1064.3499755859375,1079.030029296875,0
2013-12-12,1062.780029296875,1062.780029296875,1066.81005859375,1060.6400146484375,1065.43994140625,0
2013-12-13,1063.550048828125,1063.550048828125,1066.489990234375,1061.469970703125,1064.5699462890625,0
2013-12-16,1070.6800537109375,1070.6800537109375,1073.5400390625,1065.530029296875,1065.530029296875,0
2013-12-17,1067.97998046875,1067.97998046875,1070.8800048828125,1064.969970703125,1070.7099609375,0
2013-12-18,1084.780029296875,1084.780029296875,1084.989990234375,1060.260009765625,1068.3699951171875,0
2013-12-19,1083.030029296875,1083.030029296875,1083.8599853515625,1079.02001953125,1083.25,0
2013-12-20,1090.1400146484375,1090.1400146484375,1092.6300048828125,1083.949951171875,1083.949951171875,0
2013-12-23,1096.510009765625,1096.510009765625,1122.030029296875,1094.06005859375,1119.9599609375,0
2013-12-24,1100.02001953125,1100.02001953125,1100.06005859375,1096.6700439453125,1096.6700439453125,0
2013-12-26,1104.52001953125,1104.52001953125,1105.1400146484375,1101.3399658203125,1101.3399658203125,0
2013-12-27,1103.9300537109375,1103.9300537109375,1106.300048828125,1102.8399658203125,1105.4000244140625,0
2013-12-30,1103.9100341796875,1103.9100341796875,1104.43994140625,1102.300048828125,1103.81005859375,0
2013-12-31,1108.2900390625,1108.2900390625,1109.050048828125,1104.969970703125,1104.969970703125,0
2014-01-02,1098.2900390625,1098.2900390625,1106.3900146484375,1095.5899658203125,1106.3900146484375,0
2014-01-03,1098.6800537109375,1098.6800537109375,1102.2099609375,1096.8699951171875,1099.27001953125,0
2014-01-06,1095.1300048828125,1095.1300048828125,1102.0799560546875,1093.75,1099.8499755859375,0
2014-01-07,1102.4100341796875,1102.4100341796875,1103.8599853515625,1097.010009765625,1097.010009765625,0
2014-01-08,1102.510009765625,1102.510009765625,1103.8699951171875,1098.4000244140625,1102.4599609375,0
2014-01-09,1102.949951171875,1102.949951171875,1106.260009765625,1098.1600341796875,1104.06005859375,0
2014-01-10,1106.3299560546875,1106.3299560546875,1106.4200439453125,1100.239990234375,1104.3699951171875,0
2014-01-13,1092.1800537109375,1092.1800537109375,1106.6099853515625,1089.699951171875,1105.3399658203125,0
2014-01-14,1104.510009765625,1104.510009765625,1104.739990234375,1093.75,1093.9100341796875,0
2014-01-15,1110.3199462890625,1110.3199462890625,1111.3900146484375,1105.9300537109375,1105.9300537109375,0
2014-01-16,1109.25,1109.25,1109.6800537109375,1105.8900146484375,1109.6800537109375,0
2014-01-17,1104.949951171875,1104.949951171875,1109.300048828125,1103.050048828125,1108.449951171875,0
2014-01-21,1108.469970703125,1108.469970703125,1111.530029296875,1101.7099609375,1107.760009765625,0
2014-01-22,1109.989990234375,1109.989990234375,1155.8900146484375,1107.0,1155.8900146484375,0
2014-01-23,1100.43994140625,1100.43994140625,1107.969970703125,1095.3599853515625,1107.969970703125,0
2014-01-24,1076.699951171875,1076.699951171875,1097.300048828125,1076.699951171875,1097.300048828125,0
2014-01-27,1070.0699462890625,1070.0699462890625,1079.9200439453125,1064.4599609375,1077.6099853515625,0
2014-01-28,1077.5999755859375,1077.5999755859375,1078.1600341796875,1069.3699951171875,1069.3699951171875,0
2014-01-29,1066.25,1066.25,1074.1500244140625,1064.25,1072.22998046875,0
2014-01-30,1079.030029296875,1079.030029296875,1081.8699951171875,1070.6199951171875,1070.6199951171875,0
2014-01-31,1072.280029296875,1072.280029296875,1079.030029296875,1066.1400146484375,1073.9599609375,0
2014-02-03,1046.219970703125,1046.219970703125,1073.4000244140625,1044.93994140625,1072.4100341796875,0
2014-02-04,1054.6199951171875,1054.6199951171875,1056.8199462890625,1047.699951171875,1049.2099609375,0
2014-02-05,1051.989990234375,1051.989990234375,1054.4000244140625,1043.0699462890625,1052.52001953125,0
2014-02-06,1064.800048828125,1064.800048828125,1065.1400146484375,1053.3399658203125,1053.3399658203125,0
2014-02-07,1078.6099853515625,1078.6099853515625,1079.0899658203125,1067.0899658203125,1068.030029296875,0
2014-02-10,1080.56005859375,1080.56005859375,1080.5999755859375,1075.3399658203125,1078.22998046875,0
2014-02-11,1092.1400146484375,1092.1400146484375,1094.3299560546875,1081.06005859375,1081.06005859375,0
2014-02-12,1092.760009765625,1092.760009765625,1096.8900146484375,1090.5,1092.8599853515625,0
2014-02-13,1100.1600341796875,1100.1600341796875,1100.4200439453125,1086.5699462890625,1088.72998046875,0
2014-02-14,1104.8599853515625,1104.8599853515625,1106.449951171875,1097.47998046875,1099.4100341796875,0
2014-02-18,1107.8499755859375,1107.8499755859375,1108.8599853515625,1103.4200439453125,1105.800048828125,0
2014-02-19,1100.2900390625,1100.2900390625,1111.4300537109375,1099.3399658203125,1105.93994140625,0
2014-02-20,1107.760009765625,1107.760009765625,1109.3499755859375,1098.31005859375,1100.7900390625,0
2014-02-21,1106.300048828125,1106.300048828125,1111.6300048828125,1105.8699951171875,1109.06005859375,0
2014-02-24,1113.3399658203125,1113.3399658203125,1119.8599853515625,1107.4200439453125,1107.4200439453125,0
2014-02-25,1112.0699462890625,1112.0699462890625,1116.8499755859375,1109.2099609375,1113.77001953125,0
2014-02-26,1113.010009765625,1113.010009765625,1117.4100341796875,1110.3199462890625,1113.52001953125,0
2014-02-27,1118.5799560546875,1118.5799560546875,1118.6099853515625,1110.56005859375,1112.3900146484375,0
2014-02-28,1120.6600341796875,1120.6600341796875,1126.1600341796875,1113.75,1119.02001953125,0
2014-03-03,1112.6500244140625,1112.6500244140625,1117.1600341796875,1105.3299560546875,1117.1600341796875,0
2014-03-04,1130.699951171875,1130.699951171875,1132.219970703125,1118.0,1118.0,0
2014-03-05,1130.22998046875,1130.22998046875,1131.75,1128.760009765625,1130.8399658203125,0
2014-03-06,1131.719970703125,1131.719970703125,1134.68994140625,1130.4200439453125,1131.6600341796875,0
2014-03-07,1131.9300537109375,1131.9300537109375,1135.77001953125,1127.5699462890625,1134.3199462890625,0
2014-03-10,1130.6099853515625,1130.6099853515625,1131.56005859375,1124.699951171875,1131.0999755859375,0
2014-03-11,1124.239990234375,1124.239990234375,1134.0999755859375,1121.8699951171875,1131.530029296875,0
2014-03-12,1125.1600341796875,1125.1600341796875,1125.1600341796875,1116.0400390625,1121.6300048828125,0
2014-03-13,1111.8399658203125,1111.8399658203125,1128.8599853515625,1108.8800048828125,1126.780029296875,0
2014-03-14,1110.0799560546875,1110.0799560546875,1115.949951171875,1109.0999755859375,1110.530029296875,0
2014-03-17,1119.9300537109375,1119.9300537109375,1122.800048828125,1113.6800537109375,1113.6800537109375,0
2014-03-18,1128.93994140625,1128.93994140625,1129.7099609375,1120.8599853515625,1120.8599853515625,0
2014-03-19,1121.7900390625,1121.7900390625,1129.800048828125,1115.6099853515625,1128.5699462890625,0
2014-03-20,1127.6700439453125,1127.6700439453125,1128.5699462890625,1117.6300048828125,1120.56005859375,0
2014-03-21,1124.1500244140625,1124.1500244140625,1134.43994140625,1122.489990234375,1129.56005859375,0
2014-03-24,1117.4000244140625,1117.4000244140625,1128.3299560546875,1112.3900146484375,1125.6700439453125,0
2014-03-25,1121.260009765625,1121.260009765625,1126.4200439453125,1115.6099853515625,1120.18994140625,0
2014-03-26,1111.68994140625,1111.68994140625,1127.47998046875,1111.68994140625,1123.6700439453125,0
2014-03-27,1109.52001953125,1109.52001953125,1113.9200439453125,1105.1800537109375,1110.989990234375,0
2014-03-28,1114.4000244140625,1114.4000244140625,1120.75,1111.3800048828125,1111.3800048828125,0
2014-03-31,1124.9000244140625,1124.9000244140625,1126.22998046875,1117.9200439453125,1117.9200439453125,0
2014-04-01,1133.9300537109375,1133.9300537109375,1134.0400390625,1127.27001953125,1129.6800537109375,0
2014-04-02,1137.1700439453125,1137.1700439453125,1138.3199462890625,1133.1700439453125,1134.9599609375,0
2014-04-03,1134.3499755859375,1134.3499755859375,1138.739990234375,1130.6199951171875,1138.050048828125,0
2014-04-04,1118.6300048828125,1118.6300048828125,1139.699951171875,1117.1800537109375,1137.530029296875,0
2014-04-07,1105.2900390625,1105.2900390625,1117.489990234375,1102.52001953125,1116.4100341796875,0
2014-04-08,1110.1400146484375,1110.1400146484375,1112.0699462890625,1100.5999755859375,1105.4300537109375,0
2014-04-09,1122.8599853515625,1122.8599853515625,1123.0,1110.6600341796875,1112.030029296875,0
2014-04-10,1098.489990234375,1098.489990234375,1122.8599853515625,1096.77001953125,1122.56005859375,0
2014-04-11,1087.1300048828125,1087.1300048828125,1099.5799560546875,1086.010009765625,1094.47998046875,0
2014-04-14,1095.0899658203125,1095.0899658203125,1098.1700439453125,1086.260009765625,1091.2900390625,0
2014-04-15,1102.0799560546875,1102.0799560546875,1102.989990234375,1085.1700439453125,1096.81005859375,0
2014-04-16,1114.02001953125,1114.02001953125,1114.02001953125,1105.030029296875,1105.5,0
2014-04-17,1116.06005859375,1116.06005859375,1118.8499755859375,1110.6800537109375,1113.510009765625,0
2014-04-21,1120.3800048828125,1120.3800048828125,1120.3900146484375,1114.5699462890625,1116.8800048828125,0
2014-04-22,1126.3299560546875,1126.3299560546875,1129.31005859375,1121.199951171875,1121.199951171875,0
2014-04-23,1123.1800537109375,1123.1800537109375,1126.510009765625,1122.469970703125,1125.989990234375,0
2014-04-24,1124.5,1124.5,1128.3199462890625,1118.8900146484375,1127.68994140625,0
2014-04-25,1113.75,1113.75,1121.75,1111.6600341796875,1121.72998046875,0
2014-04-28,1115.6400146484375,1115.6400146484375,1121.699951171875,1104.1600341796875,1116.1600341796875,0
2014-04-29,1121.1400146484375,1121.1400146484375,1122.6099853515625,1116.8299560546875,1117.550048828125,0
2014-04-30,1125.0799560546875,1125.0799560546875,1125.52001953125,1116.8499755859375,1119.4200439453125,0
2014-05-01,1125.5,1125.5,1128.8599853515625,1121.239990234375,1125.739990234375,0
2014-05-02,1124.6800537109375,1124.6800537109375,1130.719970703125,1123.2900390625,1126.280029296875,0
2014-05-05,1126.3800048828125,1126.3800048828125,1126.93994140625,1115.4100341796875,1121.02001953125,0
2014-05-06,1115.6700439453125,1115.6700439453125,1124.8399658203125,1115.6600341796875,1124.8399658203125,0
2014-05-07,1121.0799560546875,1121.0799560546875,1121.43994140625,1109.5,1116.9100341796875,0
2014-05-08,1118.219970703125,1118.219970703125,1127.9200439453125,1115.0899658203125,1119.81005859375,0
2014-05-09,1120.5799560546875,1120.5799560546875,1120.5799560546875,1113.030029296875,1117.2900390625,0
2014-05-12,1133.1199951171875,1133.1199951171875,1133.510009765625,1123.4000244140625,1123.4000244140625,0
2014-05-13,1132.1700439453125,1132.1700439453125,1136.2900390625,1131.6500244140625,1133.6199951171875,0
2014-05-14,1125.68994140625,1125.68994140625,1131.449951171875,1124.1400146484375,1131.449951171875,0
2014-05-15,1115.6400146484375,1115.6400146484375,1124.719970703125,1109.2099609375,1124.719970703125,0
2014-05-16,1119.9599609375,1119.9599609375,1120.050048828125,1111.510009765625,1115.9000244140625,0
2014-05-19,1125.1300048828125,1125.1300048828125,1125.6099853515625,1116.77001953125,1118.1500244140625,0
2014-05-20,1116.699951171875,1116.699951171875,1124.3599853515625,1113.6400146484375,1124.3599853515625,0
2014-05-21,1125.3299560546875,1125.3299560546875,1125.93994140625,1118.31005859375,1118.31005859375,0
2014-05-22,1128.8800048828125,1128.8800048828125,1131.27001953125,1124.1199951171875,1125.6400146484375,0
2014-05-23,1134.47998046875,1134.47998046875,1134.8900146484375,1129.3800048828125,1130.050048828125,0
2014-05-27,1141.97998046875,1141.97998046875,1142.1700439453125,1137.0,1137.0,0
2014-05-28,1140.300048828125,1140.300048828125,1142.9300537109375,1138.3599853515625,1141.9100341796875,0
2014-05-29,1146.1500244140625,1146.1500244140625,1146.1500244140625,1140.0999755859375,1142.0799560546875,0
2014-05-30,1147.1800537109375,1147.1800537109375,1147.52001953125,1143.4599609375,1145.8800048828125,0
2014-06-02,1147.9200439453125,1147.9200439453125,1148.530029296875,1141.949951171875,1148.1800537109375,0
2014-06-03,1147.3299560546875,1147.3299560546875,1147.8900146484375,1143.6500244140625,1146.0999755859375,0
2014-06-04,1150.0,1150.0,1150.3299560546875,1143.6600341796875,1145.6700439453125,0
2014-06-05,1158.8800048828125,1158.8800048828125,1159.5,1147.050048828125,1150.77001953125,0
2014-06-06,1164.72998046875,1164.72998046875,1164.9599609375,1160.75,1160.75,0
2014-06-09,1166.5699462890625,1166.5699462890625,1169.5999755859375,1163.8599853515625,1169.5999755859375,0
2014-06-10,1165.7900390625,1165.7900390625,1165.81005859375,1161.969970703125,1165.449951171875,0
2014-06-11,1161.6600341796875,1161.6600341796875,1163.56005859375,1159.0899658203125,1163.56005859375,0
2014-06-12,1153.5999755859375,1153.5999755859375,1160.8199462890625,1150.949951171875,1160.5999755859375,0
2014-06-13,1157.239990234375,1157.239990234375,1158.02001953125,1151.6500244140625,1155.27001953125,0
2014-06-16,1158.4100341796875,1158.4100341796875,1160.18994140625,1153.969970703125,1156.1400146484375,0
2014-06-17,1162.0,1162.0,1163.1800537109375,1155.9100341796875,1157.6199951171875,0
2014-06-18,1170.449951171875,1170.449951171875,1170.77001953125,1160.1300048828125,1162.300048828125,0
2014-06-19,1171.93994140625,1171.93994140625,1172.469970703125,1167.550048828125,1171.239990234375,0
2014-06-20,1174.260009765625,1174.260009765625,1174.530029296875,1172.3499755859375,1172.9000244140625,0
2014-06-23,1173.8800048828125,1173.8800048828125,1175.1800537109375,1171.93994140625,1174.4100341796875,0
2014-06-24,1165.75,1165.75,1177.7099609375,1164.8800048828125,1172.6400146484375,0
2014-06-25,1171.8399658203125,1171.8399658203125,1172.489990234375,1164.010009765625,1164.5699462890625,0
2014-06-26,1170.4100341796875,1170.4100341796875,1171.489990234375,1162.9200439453125,1171.3599853515625,0
2014-06-27,1173.5,1173.5,1173.739990234375,1168.1500244140625,1169.0999755859375,0
2014-06-30,1174.0699462890625,1174.0699462890625,1175.6400146484375,1172.3299560546875,1173.4599609375,0
2014-07-01,1182.4300537109375,1182.4300537109375,1186.02001953125,1176.22998046875,1176.27001953125,0
2014-07-02,1181.8699951171875,1181.8699951171875,1183.780029296875,1180.9100341796875,1182.3199462890625,0
2014-07-03,1188.3199462890625,1188.3199462890625,1188.3199462890625,1184.5699462890625,1185.93994140625,0
2014-07-07,1181.4200439453125,1181.4200439453125,1186.6300048828125,1180.1400146484375,1186.6300048828125,0
2014-07-08,1172.030029296875,1172.030029296875,1179.699951171875,1168.9200439453125,1179.699951171875,0
2014-07-09,1177.1300048828125,1177.1300048828125,1177.8900146484375,1172.3599853515625,1173.8599853515625,0
2014-07-10,1171.760009765625,1171.760009765625,1175.25,1163.93994140625,1171.489990234375,0
2014-07-11,1172.93994140625,1172.93994140625,1173.6800537109375,1168.3599853515625,1171.6300048828125,0
2014-07-14,1178.5699462890625,1178.5699462890625,1180.6099853515625,1176.760009765625,1176.760009765625,0
2014-07-15,1175.1099853515625,1175.1099853515625,1181.6700439453125,1170.31005859375,1178.93994140625,0
2014-07-16,1178.989990234375,1178.989990234375,1181.489990234375,1175.5699462890625,1178.6300048828125,0
2014-07-17,1164.8499755859375,1164.8499755859375,1179.300048828125,1163.280029296875,1176.5899658203125,0
2014-07-18,1177.6199951171875,1177.6199951171875,1178.469970703125,1166.25,1166.510009765625,0
2014-07-21,1174.7099609375,1174.7099609375,1175.9599609375,1169.8399658203125,1175.030029296875,0
2014-07-22,1180.989990234375,1180.989990234375,1182.9100341796875,1177.1600341796875,1177.260009765625,0
2014-07-23,1183.1300048828125,1183.1300048828125,1184.550048828125,1180.300048828125,1182.280029296875,0
2014-07-24,1183.5899658203125,1183.5899658203125,1186.1600341796875,1182.1800537109375,1184.219970703125,0
2014-07-25,1177.3299560546875,1177.3299560546875,1180.6500244140625,1175.1099853515625,1180.6500244140625,0
2014-07-28,1176.8399658203125,1176.8399658203125,1178.5999755859375,1170.1600341796875,1177.199951171875,0
2014-07-29,1172.25,1172.25,1180.8800048828125,1172.25,1177.72998046875,0
2014-07-30,1173.1700439453125,1173.1700439453125,1178.1600341796875,1168.77001953125,1175.5899658203125,0
2014-07-31,1149.5899658203125,1149.5899658203125,1167.739990234375,1149.5799560546875,1167.739990234375,0
2014-08-01,1146.300048828125,1146.300048828125,1153.5899658203125,1140.550048828125,1148.1400146484375,0
2014-08-04,1154.550048828125,1154.550048828125,1156.699951171875,1143.4599609375,1147.949951171875,0
2014-08-05,1144.510009765625,1144.510009765625,1153.469970703125,1140.3900146484375,1151.8800048828125,0
2014-08-06,1144.5400390625,1144.5400390625,1149.3800048828125,1138.7900390625,1141.4200439453125,0
2014-08-07,1138.5,1138.5,1149.550048828125,1135.6400146484375,1147.3299560546875,0
2014-08-08,1151.219970703125,1151.219970703125,1151.6600341796875,1138.0400390625,1139.5,0
2014-08-11,1155.4200439453125,1155.4200439453125,1160.3800048828125,1153.68994140625,1153.68994140625,0
2014-08-12,1152.6700439453125,1152.6700439453125,1156.949951171875,1149.3499755859375,1154.1500244140625,0
2014-08-13,1160.7900390625,1160.7900390625,1161.72998046875,1155.3199462890625,1155.8199462890625,0
2014-08-14,1165.6700439453125,1165.6700439453125,1165.6800537109375,1161.5400390625,1161.8800048828125,0
2014-08-15,1165.6199951171875,1165.6199951171875,1171.1600341796875,1157.52001953125,1168.5699462890625,0
2014-08-18,1176.4300537109375,1176.4300537109375,1176.4300537109375,1169.56005859375,1169.56005859375,0
2014-08-19,1181.97998046875,1181.97998046875,1182.47998046875,1177.780029296875,1177.780029296875,0
2014-08-20,1184.3299560546875,1184.3299560546875,1185.530029296875,1179.27001953125,1180.550048828125,0
2014-08-21,1187.4300537109375,1187.4300537109375,1188.72998046875,1183.43994140625,1184.8699951171875,0
2014-08-22,1185.68994140625,1185.68994140625,1188.02001953125,1182.949951171875,1187.010009765625,0
2014-08-25,1191.18994140625,1191.18994140625,1193.75,1189.3699951171875,1189.3699951171875,0
2014-08-26,1193.3900146484375,1193.3900146484375,1195.9599609375,1191.8299560546875,1191.8299560546875,0
2014-08-27,1193.18994140625,1193.18994140625,1194.780029296875,1190.969970703125,1194.050048828125,0
2014-08-28,1190.800048828125,1190.800048828125,1192.0699462890625,1187.1099853515625,1190.199951171875,0
2014-08-29,1195.4200439453125,1195.4200439453125,1195.449951171875,1189.68994140625,1192.739990234375,0
2014-09-02,1195.8800048828125,1195.8800048828125,1197.8499755859375,1191.25,1196.800048828125,0
2014-09-03,1194.1400146484375,1194.1400146484375,1200.0400390625,1192.6800537109375,1198.199951171875,0
2014-09-04,1191.75,1191.75,1200.300048828125,1188.9300537109375,1195.1400146484375,0
2014-09-05,1197.449951171875,1197.449951171875,1197.449951171875,1187.0899658203125,1191.280029296875,0
2014-09-08,1194.68994140625,1194.68994140625,1197.77001953125,1190.8299560546875,1196.8900146484375,0
2014-09-09,1186.1800537109375,1186.1800537109375,1194.0899658203125,1184.1300048828125,1194.0899658203125,0
2014-09-10,1190.5899658203125,1190.5899658203125,1190.97998046875,1182.7900390625,1186.5400390625,0
2014-09-11,1192.3800048828125,1192.3800048828125,1192.4200439453125,1185.1500244140625,1188.1300048828125,0
2014-09-12,1184.530029296875,1184.530029296875,1191.5699462890625,1181.43994140625,1191.5699462890625,0
2014-09-15,1181.47998046875,1181.47998046875,1184.4200439453125,1178.8800048828125,1184.4200439453125,0
2014-09-16,1189.97998046875,1189.97998046875,1191.8299560546875,1178.52001953125,1179.6600341796875,0
2014-09-17,1191.6300048828125,1191.6300048828125,1197.2099609375,1186.81005859375,1190.550048828125,0
2014-09-18,1197.02001953125,1197.02001953125,1197.52001953125,1193.52001953125,1193.52001953125,0
2014-09-19,1194.97998046875,1194.97998046875,1201.4100341796875,1192.4300537109375,1198.530029296875,0
2014-09-22,1183.6600341796875,1183.6600341796875,1193.300048828125,1181.8399658203125,1193.300048828125,0
2014-09-23,1176.300048828125,1176.300048828125,1184.56005859375,1176.300048828125,1181.06005859375,0
2014-09-24,1185.3800048828125,1185.3800048828125,1186.3499755859375,1173.7900390625,1176.93994140625,0
2014-09-25,1166.530029296875,1166.530029296875,1183.2900390625,1166.530029296875,1183.2900390625,0
2014-09-26,1176.3900146484375,1176.3900146484375,1178.25,1167.3299560546875,1167.5400390625,0
2014-09-29,1173.5999755859375,1173.5999755859375,1175.2900390625,1165.18994140625,1171.530029296875,0
2014-09-30,1168.7099609375,1168.7099609375,1177.02001953125,1167.31005859375,1174.260009765625,0
2014-10-01,1152.8699951171875,1152.8699951171875,1167.72998046875,1150.1300048828125,1167.72998046875,0
2014-10-02,1153.9599609375,1153.9599609375,1157.5,1140.8199462890625,1152.56005859375,0
2014-10-03,1166.489990234375,1166.489990234375,1168.469970703125,1157.31005859375,1157.31005859375,0
2014-10-06,1163.800048828125,1163.800048828125,1172.1300048828125,1160.5400390625,1168.8199462890625,0
2014-10-07,1145.9000244140625,1145.9000244140625,1160.68994140625,1145.800048828125,1160.68994140625,0
2014-10-08,1165.3599853515625,1165.3599853515625,1165.989990234375,1139.0799560546875,1145.780029296875,0
2014-10-09,1140.530029296875,1140.530029296875,1164.1500244140625,1140.530029296875,1164.0799560546875,0
2014-10-10,1126.0799560546875,1126.0799560546875,1145.449951171875,1126.0400390625,1139.7099609375,0
2014-10-13,1108.280029296875,1108.280029296875,1130.0899658203125,1107.9000244140625,1125.8199462890625,0
2014-10-14,1111.6300048828125,1111.6300048828125,1124.260009765625,1107.8800048828125,1112.1800537109375,0
2014-10-15,1105.27001953125,1105.27001953125,1109.31005859375,1079.8699951171875,1105.3900146484375,0
2014-10-16,1107.8299560546875,1107.8299560546875,1115.1400146484375,1090.02001953125,1097.72998046875,0
2014-10-17,1120.4100341796875,1120.4100341796875,1127.5899658203125,1112.97998046875,1112.97998046875,0
2014-10-20,1131.06005859375,1131.06005859375,1131.43994140625,1118.0799560546875,1119.5799560546875,0
2014-10-21,1153.6199951171875,1153.6199951171875,1154.27001953125,1135.6099853515625,1135.6099853515625,0
2014-10-22,1144.0,1144.0,1158.22998046875,1143.8599853515625,1154.6400146484375,0
2014-10-23,1158.719970703125,1158.719970703125,1165.3399658203125,1149.1199951171875,1149.1199951171875,0
2014-10-24,1166.260009765625,1166.260009765625,1166.6400146484375,1155.9200439453125,1159.7900390625,0
2014-10-27,1164.3699951171875,1164.3699951171875,1165.4000244140625,1157.3399658203125,1164.1800537109375,0
2014-10-28,1180.1500244140625,1180.1500244140625,1180.1500244140625,1167.050048828125,1167.050048828125,0
2014-10-29,1177.969970703125,1177.969970703125,1183.6600341796875,1170.030029296875,1179.3299560546875,0
2014-10-30,1185.1700439453125,1185.1700439453125,1187.949951171875,1173.0999755859375,1176.010009765625,0
2014-10-31,1199.5699462890625,1199.5699462890625,1199.6300048828125,1191.989990234375,1191.989990234375,0
2014-11-03,1199.4599609375,1199.4599609375,1204.0,1196.9000244140625,1200.1400146484375,0
2014-11-04,1195.3199462890625,1195.3199462890625,1198.1700439453125,1189.1300048828125,1197.68994140625,0
2014-11-05,1200.93994140625,1200.93994140625,1201.969970703125,1196.510009765625,1198.43994140625,0
2014-11-06,1206.06005859375,1206.06005859375,1206.1700439453125,1197.2900390625,1200.6199951171875,0
2014-11-07,1206.6300048828125,1206.6300048828125,1207.75,1202.25,1206.030029296875,0
2014-11-10,1210.5799560546875,1210.5799560546875,1210.6199951171875,1206.2099609375,1206.5899658203125,0
2014-11-11,1211.4200439453125,1211.4200439453125,1212.22998046875,1208.6300048828125,1210.3800048828125,0
2014-11-12,1211.5,1211.5,1212.6199951171875,1206.7900390625,1208.6700439453125,0
2014-11-13,1210.7900390625,1210.7900390625,1215.6400146484375,1206.2099609375,1212.0899658203125,0
2014-11-14,1211.0400390625,1211.0400390625,1212.6099853515625,1208.469970703125,1210.5400390625,0
2014-11-17,1210.68994140625,1210.68994140625,1212.1800537109375,1207.1800537109375,1209.530029296875,0
2014-11-18,1217.1500244140625,1217.1500244140625,1219.699951171875,1211.030029296875,1211.1199951171875,0
2014-11-19,1214.2099609375,1214.2099609375,1216.7099609375,1209.1700439453125,1216.0899658203125,0
2014-11-20,1217.8499755859375,1217.8499755859375,1218.0799560546875,1209.3299560546875,1211.22998046875,0
2014-11-21,1223.780029296875,1223.780029296875,1229.0699462890625,1220.56005859375,1222.760009765625,0
2014-11-24,1228.5400390625,1228.5400390625,1228.6600341796875,1225.469970703125,1225.469970703125,0
2014-11-25,1227.4100341796875,1227.4100341796875,1231.68994140625,1225.5699462890625,1230.0400390625,0
2014-11-26,1230.72998046875,1230.72998046875,1230.9599609375,1226.989990234375,1227.8299560546875,0
2014-11-28,1226.1199951171875,1226.1199951171875,1231.989990234375,1224.9300537109375,1231.989990234375,0
2014-12-01,1215.780029296875,1215.780029296875,1223.77001953125,1214.1300048828125,1223.77001953125,0
2014-12-02,1223.6099853515625,1223.6099853515625,1224.9000244140625,1216.1700439453125,1216.219970703125,0
2014-12-03,1229.27001953125,1229.27001953125,1230.5400390625,1223.5999755859375,1224.1099853515625,0
2014-12-04,1227.56005859375,1227.56005859375,1230.6300048828125,1222.2099609375,1228.1400146484375,0
2014-12-05,1230.280029296875,1230.280029296875,1232.6199951171875,1227.5400390625,1228.280029296875,0
2014-12-08,1220.5899658203125,1220.5899658203125,1231.1500244140625,1217.219970703125,1228.7900390625,0
2014-12-09,1222.1800537109375,1222.1800537109375,1222.5899658203125,1205.6800537109375,1214.3800048828125,0
2014-12-10,1201.3499755859375,1201.3499755859375,1219.8199462890625,1200.3800048828125,1219.8199462890625,0
2014-12-11,1206.75,1206.75,1218.510009765625,1203.9300537109375,1203.9300537109375,0
2014-12-12,1187.9599609375,1187.9599609375,1204.1600341796875,1187.9599609375,1201.81005859375,0
2014-12-15,1179.800048828125,1179.800048828125,1197.050048828125,1175.6500244140625,1191.5400390625,0
2014-12-16,1170.7099609375,1170.7099609375,1195.3399658203125,1170.6400146484375,1176.02001953125,0
2014-12-17,1195.7900390625,1195.7900390625,1197.6199951171875,1172.1099853515625,1172.260009765625,0
2014-12-18,1222.989990234375,1222.989990234375,1222.989990234375,1203.1400146484375,1203.1400146484375,0
2014-12-19,1228.56005859375,1228.56005859375,1232.449951171875,1222.52001953125,1223.5799560546875,0
2014-12-22,1233.239990234375,1233.239990234375,1233.3499755859375,1227.719970703125,1228.6199951171875,0
2014-12-23,1235.4300537109375,1235.4300537109375,1237.8299560546875,1233.9300537109375,1235.6500244140625,0
2014-12-24,1235.949951171875,1235.949951171875,1239.0699462890625,1235.949951171875,1236.5,0
2014-12-26,1240.530029296875,1240.530029296875,1242.8299560546875,1238.2900390625,1238.2900390625,0
2014-12-29,1242.0999755859375,1242.0999755859375,1243.5999755859375,1238.9000244140625,1239.5400390625,0
2014-12-30,1236.1400146484375,1236.1400146484375,1240.4100341796875,1235.6800537109375,1240.0899658203125,0
2014-12-31,1224.1099853515625,1224.1099853515625,1239.8699951171875,1223.68994140625,1238.219970703125,0
2015-01-02,1223.300048828125,1223.300048828125,1231.93994140625,1215.800048828125,1227.0999755859375,0
2015-01-05,1201.56005859375,1201.56005859375,1219.31005859375,1199.43994140625,1219.31005859375,0
2015-01-06,1190.050048828125,1190.050048828125,1206.22998046875,1183.72998046875,1203.3800048828125,0
2015-01-07,1204.0,1204.0,1205.3199462890625,1194.6099853515625,1194.6099853515625,0
2015-01-08,1225.260009765625,1225.260009765625,1226.1400146484375,1208.72998046875,1208.72998046875,0
2015-01-09,1215.0699462890625,1215.0699462890625,1226.3399658203125,1211.3299560546875,1226.3299560546875,0
2015-01-12,1205.9300537109375,1205.9300537109375,1217.4300537109375,1202.0699462890625,1216.6500244140625,0
2015-01-13,1203.52001953125,1203.52001953125,1223.27001953125,1194.4000244140625,1211.02001953125,0
2015-01-14,1196.77001953125,1196.77001953125,1197.6800537109375,1183.3900146484375,1197.3699951171875,0
2015-01-15,1184.5999755859375,1184.5999755859375,1202.510009765625,1184.02001953125,1199.2099609375,0
2015-01-16,1200.9300537109375,1200.9300537109375,1201.52001953125,1182.489990234375,1184.0400390625,0
2015-01-20,1201.780029296875,1201.780029296875,1206.219970703125,1191.3199462890625,1203.530029296875,0
2015-01-21,1206.9100341796875,1206.9100341796875,1210.77001953125,1195.72998046875,1199.25,0
2015-01-22,1226.1099853515625,1226.1099853515625,1226.77001953125,1203.6500244140625,1210.3399658203125,0
2015-01-23,1220.2099609375,1220.2099609375,1226.1800537109375,1219.530029296875,1225.6400146484375,0
2015-01-26,1225.31005859375,1225.31005859375,1225.47998046875,1214.300048828125,1220.2099609375,0
2015-01-27,1210.5899658203125,1210.5899658203125,1218.3299560546875,1204.31005859375,1218.3299560546875,0
2015-01-28,1193.9000244140625,1193.9000244140625,1217.93994140625,1193.22998046875,1216.489990234375,0
2015-01-29,1205.219970703125,1205.219970703125,1206.81005859375,1186.5699462890625,1194.0699462890625,0
2015-01-30,1188.9300537109375,1188.9300537109375,1205.239990234375,1188.260009765625,1202.68994140625,0
2015-02-02,1203.31005859375,1203.31005859375,1203.5899658203125,1179.8800048828125,1191.300048828125,0
2015-02-03,1221.1800537109375,1221.1800537109375,1221.27001953125,1205.780029296875,1205.780029296875,0
2015-02-04,1216.3800048828125,1216.3800048828125,1223.8599853515625,1213.8900146484375,1217.739990234375,0
2015-02-05,1229.52001953125,1229.52001953125,1230.1199951171875,1218.6400146484375,1218.6400146484375,0
2015-02-06,1225.43994140625,1225.43994140625,1235.1500244140625,1222.1700439453125,1230.4200439453125,0
2015-02-09,1219.6700439453125,1219.6700439453125,1225.4599609375,1217.1700439453125,1222.8499755859375,0
2015-02-10,1232.0,1232.0,1233.3399658203125,1220.06005859375,1223.719970703125,0
2015-02-11,1231.989990234375,1231.989990234375,1234.8699951171875,1225.800048828125,1231.280029296875,0
2015-02-12,1244.22998046875,1244.22998046875,1244.22998046875,1235.4599609375,1235.4599609375,0
2015-02-13,1249.760009765625,1249.760009765625,1249.760009765625,1243.449951171875,1245.010009765625,0
2015-02-17,1251.6099853515625,1251.6099853515625,1252.3800048828125,1245.72998046875,1248.6700439453125,0
2015-02-18,1252.1800537109375,1252.1800537109375,1252.22998046875,1247.2099609375,1250.1199951171875,0
2015-02-19,1251.06005859375,1251.06005859375,1253.699951171875,1247.22998046875,1250.8199462890625,0
2015-02-20,1258.6800537109375,1258.6800537109375,1258.72998046875,1243.97998046875,1250.0799560546875,0
2015-02-23,1258.239990234375,1258.239990234375,1258.239990234375,1253.989990234375,1258.030029296875,0
2015-02-24,1261.25,1261.25,1262.449951171875,1256.0,1257.56005859375,0
2015-02-25,1260.8599853515625,1260.8599853515625,1264.0699462890625,1258.4599609375,1260.0999755859375,0
2015-02-26,1259.260009765625,1259.260009765625,1260.8499755859375,1255.1600341796875,1260.3900146484375,0
2015-02-27,1255.0699462890625,1255.0699462890625,1260.0799560546875,1254.9599609375,1258.6700439453125,0
2015-03-02,1263.030029296875,1263.030029296875,1263.0400390625,1255.1300048828125,1255.530029296875,0
2015-03-03,1257.4300537109375,1257.4300537109375,1260.81005859375,1252.02001953125,1260.81005859375,0
2015-03-04,1251.9300537109375,1251.9300537109375,1256.9100341796875,1245.72998046875,1256.9100341796875,0
2015-03-05,1253.81005859375,1253.81005859375,1255.6700439453125,1250.2900390625,1253.3599853515625,0
2015-03-06,1236.3599853515625,1236.3599853515625,1251.1600341796875,1234.1400146484375,1251.1600341796875,0
2015-03-09,1241.1300048828125,1241.1300048828125,1243.1600341796875,1237.1300048828125,1237.6400146484375,0
2015-03-10,1221.1300048828125,1221.1300048828125,1235.81005859375,1221.1300048828125,1235.81005859375,0
2015-03-11,1220.5899658203125,1220.5899658203125,1224.8900146484375,1219.300048828125,1222.43994140625,0
2015-03-12,1236.239990234375,1236.239990234375,1236.5,1222.9200439453125,1222.9200439453125,0
2015-03-13,1229.18994140625,1229.18994140625,1235.199951171875,1221.52001953125,1234.5799560546875,0
2015-03-16,1244.5999755859375,1244.5999755859375,1244.6199951171875,1233.0899658203125,1233.0899658203125,0
2015-03-17,1241.8499755859375,1241.8499755859375,1244.1199951171875,1236.1600341796875,1241.52001953125,0
2015-03-18,1256.27001953125,1256.27001953125,1260.550048828125,1234.5899658203125,1239.6800537109375,0
2015-03-19,1251.3299560546875,1251.3299560546875,1255.43994140625,1248.8499755859375,1255.0699462890625,0
2015-03-20,1262.4200439453125,1262.4200439453125,1265.1400146484375,1254.739990234375,1254.739990234375,0
2015-03-23,1260.0799560546875,1260.0799560546875,1265.780029296875,1260.0799560546875,1262.449951171875,0
2015-03-24,1253.1600341796875,1253.1600341796875,1261.9300537109375,1253.1400146484375,1259.4300537109375,0
2015-03-25,1233.7900390625,1233.7900390625,1256.449951171875,1233.7900390625,1254.4000244140625,0
2015-03-26,1231.0400390625,1231.0400390625,1237.3399658203125,1224.77001953125,1229.5999755859375,0
2015-03-27,1234.8699951171875,1234.8699951171875,1235.780029296875,1229.3499755859375,1230.6800537109375,0
2015-03-30,1250.199951171875,1250.199951171875,1251.5799560546875,1240.0400390625,1240.0400390625,0
2015-03-31,1240.280029296875,1240.280029296875,1248.760009765625,1239.3399658203125,1246.0999755859375,0
2015-04-01,1235.6300048828125,1235.6300048828125,1239.1800537109375,1228.5799560546875,1239.1800537109375,0
2015-04-02,1240.0999755859375,1240.0999755859375,1243.260009765625,1234.5,1235.7099609375,0
2015-04-06,1248.0799560546875,1248.0799560546875,1251.550048828125,1234.0799560546875,1236.010009765625,0
2015-04-07,1244.760009765625,1244.760009765625,1253.0899658203125,1244.6600341796875,1248.1300048828125,0
2015-04-08,1248.949951171875,1248.949951171875,1251.1800537109375,1243.8800048828125,1245.25,0
2015-04-09,1253.219970703125,1253.219970703125,1254.18994140625,1243.43994140625,1248.6700439453125,0
2015-04-10,1259.3299560546875,1259.3299560546875,1259.5,1254.18994140625,1254.6800537109375,0
2015-04-13,1254.18994140625,1254.18994140625,1262.6500244140625,1254.1199951171875,1259.199951171875,0
2015-04-14,1255.8399658203125,1255.8399658203125,1257.3299560546875,1248.4200439453125,1254.1199951171875,0
2015-04-15,1262.5400390625,1262.5400390625,1265.6500244140625,1258.469970703125,1258.469970703125,0
2015-04-16,1261.550048828125,1261.550048828125,1265.050048828125,1258.5,1260.260009765625,0
2015-04-17,1246.6700439453125,1246.6700439453125,1256.9599609375,1241.719970703125,1256.9599609375,0
2015-04-20,1257.9300537109375,1257.9300537109375,1259.800048828125,1251.0400390625,1251.0400390625,0
2015-04-21,1256.5899658203125,1256.5899658203125,1263.3900146484375,1254.9100341796875,1261.260009765625,0
2015-04-22,1262.3199462890625,1262.3199462890625,1263.3699951171875,1252.489990234375,1258.0400390625,0
2015-04-23,1265.7900390625,1265.7900390625,1269.93994140625,1259.7900390625,1260.4000244140625,0
2015-04-24,1267.3499755859375,1267.3499755859375,1269.18994140625,1265.18994140625,1268.8699951171875,0
2015-04-27,1260.97998046875,1260.97998046875,1272.6099853515625,1259.8499755859375,1269.780029296875,0
2015-04-28,1264.18994140625,1264.18994140625,1265.27001953125,1252.2900390625,1260.6199951171875,0
2015-04-29,1258.800048828125,1258.800048828125,1262.8199462890625,1253.5999755859375,1260.1300048828125,0
2015-04-30,1244.719970703125,1244.719970703125,1257.31005859375,1240.1300048828125,1255.239990234375,0
2015-05-01,1257.3900146484375,1257.3900146484375,1257.3900146484375,1247.800048828125,1247.800048828125,0
2015-05-04,1261.2099609375,1261.2099609375,1265.31005859375,1259.5799560546875,1259.6600341796875,0
2015-05-05,1245.81005859375,1245.81005859375,1261.760009765625,1244.8800048828125,1259.3299560546875,0
2015-05-06,1241.5400390625,1241.5400390625,1251.3499755859375,1234.4000244140625,1248.260009765625,0
2015-05-07,1246.469970703125,1246.469970703125,1249.22998046875,1238.4100341796875,1241.1500244140625,0
2015-05-08,1262.030029296875,1262.030029296875,1263.489990234375,1253.6099853515625,1253.6099853515625,0
2015-05-11,1256.6300048828125,1256.6300048828125,1263.5400390625,1256.1099853515625,1261.489990234375,0
2015-05-12,1253.1700439453125,1253.1700439453125,1256.5699462890625,1244.52001953125,1252.8599853515625,0
2015-05-13,1252.81005859375,1252.81005859375,1259.530029296875,1251.530029296875,1255.1800537109375,0
2015-05-14,1265.97998046875,1265.97998046875,1266.1600341796875,1257.6099853515625,1257.8399658203125,0
2015-05-15,1267.02001953125,1267.02001953125,1267.530029296875,1263.1800537109375,1266.8399658203125,0
2015-05-18,1272.1300048828125,1272.1300048828125,1273.3900146484375,1265.1600341796875,1265.800048828125,0
2015-05-19,1271.010009765625,1271.010009765625,1273.8699951171875,1269.030029296875,1272.3499755859375,0
2015-05-20,1270.1600341796875,1270.1600341796875,1275.1099853515625,1267.97998046875,1271.56005859375,0
2015-05-21,1272.780029296875,1272.780029296875,1274.6800537109375,1268.530029296875,1269.43994140625,0
2015-05-22,1269.97998046875,1269.97998046875,1273.1500244140625,1269.6300048828125,1271.4100341796875,0
2015-05-26,1257.030029296875,1257.030029296875,1267.9100341796875,1254.06005859375,1267.9100341796875,0
2015-05-27,1268.530029296875,1268.530029296875,1269.989990234375,1258.0999755859375,1258.949951171875,0
2015-05-28,1266.9200439453125,1266.9200439453125,1267.6600341796875,1262.0999755859375,1266.8199462890625,0
2015-05-29,1259.260009765625,1259.260009765625,1266.4300537109375,1257.3800048828125,1266.3499755859375,0
2015-06-01,1261.8299560546875,1261.8299560546875,1266.0999755859375,1255.77001953125,1262.6800537109375,0
2015-06-02,1261.010009765625,1261.010009765625,1265.68994140625,1254.6600341796875,1259.4000244140625,0
2015-06-03,1264.719970703125,1264.719970703125,1268.7900390625,1261.31005859375,1263.6300048828125,0
2015-06-04,1253.72998046875,1253.72998046875,1263.72998046875,1252.280029296875,1260.75,0
2015-06-05,1253.530029296875,1253.530029296875,1256.68994140625,1247.3199462890625,1252.68994140625,0
2015-06-08,1245.219970703125,1245.219970703125,1253.5799560546875,1245.219970703125,1253.030029296875,0
2015-06-09,1245.1099853515625,1245.1099853515625,1248.25,1239.989990234375,1244.719970703125,0
2015-06-10,1259.93994140625,1259.93994140625,1261.8499755859375,1248.22998046875,1248.22998046875,0
2015-06-11,1262.5899658203125,1262.5899658203125,1265.6300048828125,1260.9200439453125,1261.760009765625,0
2015-06-12,1254.489990234375,1254.489990234375,1259.27001953125,1252.81005859375,1259.27001953125,0
2015-06-15,1248.739990234375,1248.739990234375,1250.22998046875,1241.1199951171875,1248.6400146484375,0
2015-06-16,1255.8199462890625,1255.8199462890625,1256.5699462890625,1247.31005859375,1248.1600341796875,0
2015-06-17,1257.969970703125,1257.969970703125,1261.52001953125,1251.8199462890625,1257.97998046875,0
2015-06-18,1270.5899658203125,1270.5899658203125,1273.800048828125,1260.97998046875,1260.989990234375,0
2015-06-19,1264.8499755859375,1264.8499755859375,1270.8299560546875,1264.68994140625,1270.8299560546875,0
2015-06-22,1272.27001953125,1272.27001953125,1275.8900146484375,1269.97998046875,1269.97998046875,0
2015-06-23,1273.3900146484375,1273.3900146484375,1274.93994140625,1270.550048828125,1273.8199462890625,0
2015-06-24,1263.3499755859375,1263.3499755859375,1273.22998046875,1263.3499755859375,1271.8199462890625,0
2015-06-25,1259.8800048828125,1259.8800048828125,1267.2900390625,1259.0400390625,1265.550048828125,0
2015-06-26,1259.0799560546875,1259.0799560546875,1263.5,1255.1500244140625,1261.3699951171875,0
2015-06-29,1232.1400146484375,1232.1400146484375,1252.75,1231.77001953125,1250.739990234375,0
2015-06-30,1236.1199951171875,1236.1199951171875,1242.31005859375,1232.1199951171875,1238.1099853515625,0
2015-07-01,1243.75,1243.75,1247.47998046875,1238.8699951171875,1242.6600341796875,0
2015-07-02,1242.6800537109375,1242.6800537109375,1247.8399658203125,1239.2900390625,1246.3599853515625,0
2015-07-06,1238.3299560546875,1238.3299560546875,1244.199951171875,1231.6300048828125,1236.239990234375,0
2015-07-07,1245.18994140625,1245.18994140625,1246.4599609375,1222.8699951171875,1239.6199951171875,0
2015-07-08,1224.4300537109375,1224.4300537109375,1239.469970703125,1223.989990234375,1239.469970703125,0
2015-07-09,1227.4599609375,1227.4599609375,1240.510009765625,1227.050048828125,1232.6600341796875,0
2015-07-10,1242.6300048828125,1242.6300048828125,1244.949951171875,1235.300048828125,1235.300048828125,0
2015-07-13,1256.0799560546875,1256.0799560546875,1256.72998046875,1248.6300048828125,1248.6300048828125,0
2015-07-14,1262.0899658203125,1262.0899658203125,1263.760009765625,1254.27001953125,1256.239990234375,0
2015-07-15,1259.8199462890625,1259.8199462890625,1264.469970703125,1257.0899658203125,1262.800048828125,0
2015-07-16,1269.2900390625,1269.2900390625,1269.300048828125,1265.52001953125,1265.52001953125,0
2015-07-17,1269.449951171875,1269.449951171875,1271.010009765625,1266.0400390625,1270.97998046875,0
2015-07-20,1269.550048828125,1269.550048828125,1271.9599609375,1267.1700439453125,1270.6400146484375,0
2015-07-21,1263.7900390625,1263.7900390625,1270.0699462890625,1261.719970703125,1269.3399658203125,0
2015-07-22,1261.6600341796875,1261.6600341796875,1263.6300048828125,1258.8499755859375,1258.9599609375,0
2015-07-23,1254.1700439453125,1254.1700439453125,1263.8299560546875,1252.199951171875,1262.449951171875,0
2015-07-24,1240.6700439453125,1240.6700439453125,1255.8599853515625,1239.300048828125,1255.1600341796875,0
2015-07-27,1232.4000244140625,1232.4000244140625,1237.77001953125,1230.2900390625,1236.300048828125,0
2015-07-28,1247.2900390625,1247.2900390625,1248.760009765625,1232.4599609375,1236.4100341796875,0
2015-07-29,1256.3699951171875,1256.3699951171875,1257.3499755859375,1247.18994140625,1247.7900390625,0
2015-07-30,1257.0,1257.0,1257.9300537109375,1248.4000244140625,1254.1600341796875,0
2015-07-31,1255.43994140625,1255.43994140625,1261.6199951171875,1254.3599853515625,1260.1199951171875,0
2015-08-03,1251.550048828125,1251.550048828125,1256.27001953125,1245.2099609375,1256.1700439453125,0
2015-08-04,1249.02001953125,1249.02001953125,1254.81005859375,1246.260009765625,1251.3499755859375,0
2015-08-05,1252.81005859375,1252.81005859375,1261.0899658203125,1251.2900390625,1253.1500244140625,0
2015-08-06,1242.1099853515625,1242.1099853515625,1254.4599609375,1236.699951171875,1253.68994140625,0
2015-08-07,1238.280029296875,1238.280029296875,1241.010009765625,1232.469970703125,1240.3800048828125,0
2015-08-10,1254.2099609375,1254.2099609375,1254.8900146484375,1243.68994140625,1243.68994140625,0
2015-08-11,1242.3699951171875,1242.3699951171875,1248.9000244140625,1238.0,1248.9000244140625,0
2015-08-12,1243.010009765625,1243.010009765625,1244.8199462890625,1222.949951171875,1236.0,0
2015-08-13,1241.3599853515625,1241.3599853515625,1246.989990234375,1238.510009765625,1242.989990234375,0
2015-08-14,1246.56005859375,1246.56005859375,1247.010009765625,1239.280029296875,1240.47998046875,0
2015-08-17,1254.1400146484375,1254.1400146484375,1254.219970703125,1239.530029296875,1243.3199462890625,0
2015-08-18,1250.010009765625,1250.010009765625,1254.27001953125,1248.530029296875,1252.8800048828125,0
2015-08-19,1239.3299560546875,1239.3299560546875,1248.8499755859375,1233.77001953125,1245.8499755859375,0
2015-08-20,1212.02001953125,1212.02001953125,1232.780029296875,1212.02001953125,1232.780029296875,0
2015-08-21,1176.22998046875,1176.22998046875,1205.9100341796875,1176.22998046875,1203.469970703125,0
2015-08-24,1129.81005859375,1129.81005859375,1165.8399658203125,1117.6500244140625,1132.2099609375,0
2015-08-25,1115.8199462890625,1115.8199462890625,1160.6199951171875,1115.8199462890625,1143.22998046875,0
2015-08-26,1156.47998046875,1156.47998046875,1157.8599853515625,1121.699951171875,1127.3399658203125,0
2015-08-27,1184.3499755859375,1184.3499755859375,1186.06005859375,1162.239990234375,1164.18994140625,0
2015-08-28,1186.5999755859375,1186.5999755859375,1189.06005859375,1178.6600341796875,1181.6099853515625,0
2015-08-31,1177.1300048828125,1177.1300048828125,1185.81005859375,1174.3900146484375,1184.3599853515625,0
2015-09-01,1142.969970703125,1142.969970703125,1173.530029296875,1136.9599609375,1171.43994140625,0
2015-09-02,1163.3599853515625,1163.3599853515625,1163.3699951171875,1142.969970703125,1142.969970703125,0
2015-09-03,1164.8900146484375,1164.8900146484375,1178.5999755859375,1161.31005859375,1166.22998046875,0
2015-09-04,1148.25,1148.25,1155.8599853515625,1142.469970703125,1155.8299560546875,0
2015-09-08,1176.52001953125,1176.52001953125,1177.1300048828125,1150.31005859375,1150.31005859375,0
2015-09-09,1160.6800537109375,1160.6800537109375,1187.550048828125,1158.469970703125,1178.239990234375,0
2015-09-10,1166.27001953125,1166.27001953125,1173.6099853515625,1158.02001953125,1160.530029296875,0
2015-09-11,1171.489990234375,1171.489990234375,1171.489990234375,1158.3499755859375,1165.949951171875,0
2015-09-14,1166.760009765625,1166.760009765625,1172.3499755859375,1164.2099609375,1171.5899658203125,0
2015-09-15,1181.239990234375,1181.239990234375,1183.9300537109375,1167.22998046875,1167.22998046875,0
2015-09-16,1191.52001953125,1191.52001953125,1192.5899658203125,1181.0899658203125,1181.260009765625,0
2015-09-17,1189.7099609375,1189.7099609375,1207.1300048828125,1187.8699951171875,1191.3900146484375,0
2015-09-18,1170.9000244140625,1170.9000244140625,1186.699951171875,1168.25,1186.699951171875,0
2015-09-21,1175.0799560546875,1175.0799560546875,1184.18994140625,1169.22998046875,1171.5899658203125,0
2015-09-22,1159.97998046875,1159.97998046875,1172.8499755859375,1152.260009765625,1172.8499755859375,0
2015-09-23,1157.219970703125,1157.219970703125,1164.1500244140625,1153.9000244140625,1160.0799560546875,0
2015-09-24,1152.9599609375,1152.9599609375,1155.6600341796875,1139.4100341796875,1155.6600341796875,0
2015-09-25,1150.6800537109375,1150.6800537109375,1163.5400390625,1144.97998046875,1154.3499755859375,0
2015-09-28,1119.8800048828125,1119.8800048828125,1149.9599609375,1118.47998046875,1149.9599609375,0
2015-09-29,1120.050048828125,1120.050048828125,1130.030029296875,1113.1300048828125,1120.239990234375,0
2015-09-30,1140.8199462890625,1140.8199462890625,1141.199951171875,1122.5999755859375,1122.5999755859375,0
2015-10-01,1142.469970703125,1142.469970703125,1144.06005859375,1128.8699951171875,1141.050048828125,0
2015-10-02,1159.300048828125,1159.300048828125,1159.300048828125,1125.0400390625,1140.8800048828125,0
2015-10-05,1180.989990234375,1180.989990234375,1181.989990234375,1160.0799560546875,1160.0799560546875,0
2015-10-06,1176.06005859375,1176.06005859375,1183.3499755859375,1171.0899658203125,1180.68994140625,0
2015-10-07,1186.739990234375,1186.739990234375,1187.739990234375,1174.3900146484375,1176.72998046875,0
2015-10-08,1197.1400146484375,1197.1400146484375,1199.030029296875,1182.0899658203125,1186.510009765625,0
2015-10-09,1198.300048828125,1198.300048828125,1201.1400146484375,1194.3299560546875,1197.31005859375,0
2015-10-12,1199.1199951171875,1199.1199951171875,1200.010009765625,1195.0899658203125,1198.31005859375,0
2015-10-13,1189.9100341796875,1189.9100341796875,1202.52001953125,1189.0,1197.8599853515625,0
2015-10-14,1183.739990234375,1183.739990234375,1193.77001953125,1181.8299560546875,1189.97998046875,0
2015-10-15,1201.989990234375,1201.989990234375,1202.030029296875,1184.989990234375,1184.989990234375,0
2015-10-16,1206.5,1206.5,1206.739990234375,1198.9599609375,1202.27001953125,0
2015-10-19,1207.0,1207.0,1208.1400146484375,1200.3699951171875,1206.1500244140625,0
2015-10-20,1205.3599853515625,1205.3599853515625,1210.7099609375,1202.719970703125,1206.97998046875,0
2015-10-21,1196.5999755859375,1196.5999755859375,1209.3900146484375,1195.68994140625,1206.1700439453125,0
2015-10-22,1214.530029296875,1214.530029296875,1216.68994140625,1197.949951171875,1197.949951171875,0
2015-10-23,1227.0999755859375,1227.0999755859375,1229.260009765625,1220.25,1220.9599609375,0
2015-10-26,1224.5400390625,1224.5400390625,1227.0400390625,1221.8699951171875,1227.0400390625,0
2015-10-27,1220.0,1220.0,1223.7099609375,1215.52001953125,1223.7099609375,0
2015-10-28,1236.8199462890625,1236.8199462890625,1236.8299560546875,1219.97998046875,1220.1199951171875,0
2015-10-29,1234.6099853515625,1234.6099853515625,1236.6199951171875,1231.6600341796875,1236.6199951171875,0
2015-10-30,1229.52001953125,1229.52001953125,1237.8199462890625,1229.5,1234.6099853515625,0
2015-11-02,1245.3599853515625,1245.3599853515625,1246.550048828125,1229.6300048828125,1229.6300048828125,0
2015-11-03,1248.6500244140625,1248.6500244140625,1252.75,1241.52001953125,1245.06005859375,0
2015-11-04,1244.77001953125,1244.77001953125,1251.780029296875,1241.2900390625,1249.0899658203125,0
2015-11-05,1243.3399658203125,1243.3399658203125,1247.97998046875,1236.8800048828125,1244.8199462890625,0
2015-11-06,1243.56005859375,1243.56005859375,1244.3199462890625,1233.719970703125,1242.8900146484375,0
2015-11-09,1231.199951171875,1231.199951171875,1243.25,1224.9200439453125,1243.25,0
2015-11-10,1233.280029296875,1233.280029296875,1234.0899658203125,1225.800048828125,1230.6099853515625,0
2015-11-11,1228.3900146484375,1228.3900146484375,1235.8299560546875,1228.3399658203125,1233.8900146484375,0
2015-11-12,1210.280029296875,1210.280029296875,1227.9200439453125,1210.1700439453125,1227.9200439453125,0
2015-11-13,1197.6700439453125,1197.6700439453125,1210.030029296875,1197.219970703125,1210.030029296875,0
2015-11-16,1214.3599853515625,1214.3599853515625,1214.3599853515625,1195.469970703125,1197.530029296875,0
2015-11-17,1212.56005859375,1212.56005859375,1222.5400390625,1210.1600341796875,1214.5999755859375,0
2015-11-18,1232.1500244140625,1232.1500244140625,1233.010009765625,1212.6400146484375,1212.6400146484375,0
2015-11-19,1230.3900146484375,1230.3900146484375,1233.8900146484375,1228.800048828125,1232.1600341796875,0
2015-11-20,1235.1800537109375,1235.1800537109375,1239.56005859375,1231.1800537109375,1231.1800537109375,0
2015-11-23,1234.5699462890625,1234.5699462890625,1239.3900146484375,1231.5899658203125,1235.22998046875,0
2015-11-24,1237.050048828125,1237.050048828125,1239.6800537109375,1225.2099609375,1233.5899658203125,0
2015-11-25,1238.0999755859375,1238.0999755859375,1240.1500244140625,1235.550048828125,1237.18994140625,0
2015-11-27,1239.300048828125,1239.300048828125,1240.9599609375,1235.239990234375,1238.22998046875,0
2015-11-30,1233.56005859375,1233.56005859375,1241.4599609375,1233.550048828125,1239.530029296875,0
2015-12-01,1245.8499755859375,1245.8499755859375,1246.239990234375,1234.300048828125,1234.300048828125,0
2015-12-02,1232.300048828125,1232.300048828125,1246.6199951171875,1230.949951171875,1245.6500244140625,0
2015-12-03,1214.1300048828125,1214.1300048828125,1235.6099853515625,1209.8399658203125,1232.9100341796875,0
2015-12-04,1236.9000244140625,1236.9000244140625,1238.050048828125,1214.530029296875,1214.530029296875,0
2015-12-07,1226.6600341796875,1226.6600341796875,1236.530029296875,1221.5899658203125,1236.530029296875,0
2015-12-08,1218.989990234375,1218.989990234375,1225.239990234375,1212.1400146484375,1225.239990234375,0
2015-12-09,1208.9599609375,1208.9599609375,1228.469970703125,1203.239990234375,1218.2900390625,0
2015-12-10,1211.9100341796875,1211.9100341796875,1220.47998046875,1207.9599609375,1209.0899658203125,0
2015-12-11,1188.1199951171875,1188.1199951171875,1210.3499755859375,1185.97998046875,1210.3499755859375,0
2015-12-14,1191.43994140625,1191.43994140625,1192.4200439453125,1176.0699462890625,1188.280029296875,0
2015-12-15,1204.5999755859375,1204.5999755859375,1209.949951171875,1192.0,1192.0,0
2015-12-16,1222.1500244140625,1222.1500244140625,1224.0899658203125,1205.31005859375,1206.31005859375,0
2015-12-17,1204.25,1204.25,1223.9000244140625,1204.199951171875,1222.3199462890625,0
2015-12-18,1184.0799560546875,1184.0799560546875,1203.9300537109375,1184.0,1203.9300537109375,0
2015-12-21,1192.75,1192.75,1193.8800048828125,1184.0799560546875,1185.0,0
2015-12-22,1203.1700439453125,1203.1700439453125,1205.3900146484375,1192.0999755859375,1193.3399658203125,0
2015-12-23,1218.4599609375,1218.4599609375,1218.6400146484375,1204.5799560546875,1204.5799560546875,0
2015-12-24,1217.050048828125,1217.050048828125,1220.8800048828125,1215.31005859375,1218.31005859375,0
2015-12-28,1213.9000244140625,1213.9000244140625,1216.3299560546875,1206.3800048828125,1216.3299560546875,0
2015-12-29,1226.3900146484375,1226.3900146484375,1227.9300537109375,1214.4599609375,1214.4599609375,0
2015-12-30,1217.300048828125,1217.300048828125,1225.8599853515625,1216.760009765625,1225.8599853515625,0
2015-12-31,1206.0999755859375,1206.0999755859375,1217.1199951171875,1205.949951171875,1216.9100341796875,0
2016-01-04,1187.1300048828125,1187.1300048828125,1202.2900390625,1174.1600341796875,1202.2900390625,0
2016-01-05,1189.22998046875,1189.22998046875,1192.06005859375,1182.22998046875,1187.219970703125,0
2016-01-06,1173.1400146484375,1173.1400146484375,1188.77001953125,1166.6400146484375,1188.77001953125,0
2016-01-07,1144.6199951171875,1144.6199951171875,1171.2900390625,1142.43994140625,1171.2900390625,0
2016-01-08,1131.5799560546875,1131.5799560546875,1154.510009765625,1129.719970703125,1145.4200439453125,0
2016-01-11,1131.3199462890625,1131.3199462890625,1139.1800537109375,1118.6300048828125,1131.7900390625,0
2016-01-12,1139.06005859375,1139.06005859375,1145.47998046875,1124.3900146484375,1133.010009765625,0
2016-01-13,1109.3900146484375,1109.3900146484375,1145.68994140625,1106.800048828125,1140.010009765625,0
2016-01-14,1127.02001953125,1127.02001953125,1134.4100341796875,1101.4100341796875,1109.6700439453125,0
2016-01-15,1103.3399658203125,1103.3399658203125,1124.5899658203125,1088.6700439453125,1124.5899658203125,0
2016-01-19,1101.68994140625,1101.68994140625,1115.1300048828125,1091.989990234375,1105.6600341796875,0
2016-01-20,1090.510009765625,1090.510009765625,1100.25,1060.6099853515625,1099.949951171875,0
2016-01-21,1095.1500244140625,1095.1500244140625,1108.1400146484375,1084.3800048828125,1090.68994140625,0
2016-01-22,1118.280029296875,1118.280029296875,1118.97998046875,1097.5400390625,1097.5400390625,0
2016-01-25,1099.6800537109375,1099.6800537109375,1117.8900146484375,1098.989990234375,1117.8900146484375,0
2016-01-26,1116.5,1116.5,1118.02001953125,1100.1800537109375,1100.1800537109375,0
2016-01-27,1103.75,1103.75,1123.780029296875,1098.010009765625,1116.1400146484375,0
2016-01-28,1108.219970703125,1108.219970703125,1115.1199951171875,1097.989990234375,1104.760009765625,0
2016-01-29,1136.8399658203125,1136.8399658203125,1136.8399658203125,1108.3599853515625,1108.3599853515625,0
2016-02-01,1136.4599609375,1136.4599609375,1141.030029296875,1124.8399658203125,1135.0400390625,0
2016-02-02,1114.219970703125,1114.219970703125,1135.530029296875,1110.8800048828125,1135.530029296875,0
2016-02-03,1119.7099609375,1119.7099609375,1122.6199951171875,1095.8499755859375,1114.7099609375,0
2016-02-04,1122.4599609375,1122.4599609375,1129.7099609375,1113.800048828125,1119.0799560546875,0
2016-02-05,1099.56005859375,1099.56005859375,1122.0400390625,1096.0999755859375,1122.0400390625,0
2016-02-08,1082.22998046875,1082.22998046875,1096.6800537109375,1067.6500244140625,1096.6800537109375,0
2016-02-09,1080.6099853515625,1080.6099853515625,1089.9000244140625,1070.8499755859375,1081.2900390625,0
2016-02-10,1080.81005859375,1080.81005859375,1098.47998046875,1080.0699462890625,1082.719970703125,0
2016-02-11,1067.3399658203125,1067.3399658203125,1078.0899658203125,1056.449951171875,1078.0899658203125,0
2016-02-12,1088.260009765625,1088.260009765625,1088.260009765625,1068.3299560546875,1068.3299560546875,0
2016-02-16,1107.6199951171875,1107.6199951171875,1107.6800537109375,1088.4100341796875,1088.4100341796875,0
2016-02-17,1126.280029296875,1126.280029296875,1128.6600341796875,1109.219970703125,1109.219970703125,0
2016-02-18,1121.02001953125,1121.02001953125,1128.0,1119.3199462890625,1126.780029296875,0
2016-02-19,1121.43994140625,1121.43994140625,1121.9100341796875,1111.760009765625,1120.199951171875,0
2016-02-22,1137.6099853515625,1137.6099853515625,1138.5,1121.6500244140625,1121.6500244140625,0
2016-02-23,1123.989990234375,1123.989990234375,1137.030029296875,1123.3199462890625,1137.030029296875,0
2016-02-24,1129.6300048828125,1129.6300048828125,1130.9000244140625,1106.449951171875,1122.72998046875,0
2016-02-25,1142.4000244140625,1142.4000244140625,1142.4200439453125,1127.3299560546875,1130.030029296875,0
2016-02-26,1141.8299560546875,1141.8299560546875,1149.0799560546875,1140.1400146484375,1142.75,0
2016-02-29,1133.56005859375,1133.56005859375,1148.1700439453125,1133.4100341796875,1141.7099609375,0
2016-03-01,1160.030029296875,1160.030029296875,1160.030029296875,1134.8199462890625,1134.8199462890625,0
2016-03-02,1165.8900146484375,1165.8900146484375,1165.9000244140625,1154.8699951171875,1159.72998046875,0
2016-03-03,1171.4300537109375,1171.4300537109375,1171.56005859375,1161.5699462890625,1165.6199951171875,0
2016-03-04,1175.8199462890625,1175.8199462890625,1181.43994140625,1168.010009765625,1171.6800537109375,0
2016-03-07,1178.25,1178.25,1180.6700439453125,1170.010009765625,1175.22998046875,0
2016-03-08,1162.800048828125,1162.800048828125,1177.1300048828125,1161.7900390625,1177.1300048828125,0
2016-03-09,1168.6099853515625,1168.6099853515625,1170.3499755859375,1162.8599853515625,1163.2099609375,0
2016-03-10,1167.5999755859375,1167.5999755859375,1177.3399658203125,1155.97998046875,1168.8800048828125,0
2016-03-11,1187.7900390625,1187.7900390625,1187.9100341796875,1169.4200439453125,1169.4200439453125,0
2016-03-14,1185.9300537109375,1185.9300537109375,1188.800048828125,1181.6199951171875,1187.31005859375,0
2016-03-15,1181.6400146484375,1181.6400146484375,1184.5899658203125,1176.5,1184.5899658203125,0
2016-03-16,1189.030029296875,1189.030029296875,1191.56005859375,1178.8499755859375,1181.1700439453125,0
2016-03-17,1198.02001953125,1198.02001953125,1201.0,1186.1800537109375,1188.68994140625,0
2016-03-18,1203.8399658203125,1203.8399658203125,1205.300048828125,1198.25,1198.25,0
2016-03-21,1204.81005859375,1204.81005859375,1206.3499755859375,1200.1500244140625,1203.52001953125,0
2016-03-22,1204.050048828125,1204.050048828125,1207.9000244140625,1198.06005859375,1203.8399658203125,0
2016-03-23,1194.1800537109375,1194.1800537109375,1203.7900390625,1193.6600341796875,1203.7900390625,0
2016-03-24,1194.27001953125,1194.27001953125,1194.300048828125,1185.4300537109375,1193.3299560546875,0
2016-03-28,1195.010009765625,1195.010009765625,1198.3499755859375,1191.5699462890625,1194.3900146484375,0
2016-03-29,1207.75,1207.75,1208.0999755859375,1189.8900146484375,1194.6700439453125,0
2016-03-30,1212.43994140625,1212.43994140625,1217.5799560546875,1208.68994140625,1208.68994140625,0
2016-03-31,1211.1700439453125,1211.1700439453125,1215.5699462890625,1209.8299560546875,1212.3299560546875,0
2016-04-01,1218.2900390625,1218.2900390625,1219.47998046875,1201.2900390625,1210.550048828125,0
2016-04-04,1213.52001953125,1213.52001953125,1218.9300537109375,1211.719970703125,1218.3900146484375,0
2016-04-05,1201.300048828125,1201.300048828125,1211.81005859375,1199.9100341796875,1211.81005859375,0
2016-04-06,1214.22998046875,1214.22998046875,1214.5799560546875,1200.239990234375,1201.4599609375,0
2016-04-07,1199.43994140625,1199.43994140625,1213.5,1194.5899658203125,1213.5,0
2016-04-08,1203.1600341796875,1203.1600341796875,1210.8900146484375,1199.75,1200.1700439453125,0
2016-04-11,1199.8199462890625,1199.8199462890625,1212.760009765625,1199.800048828125,1203.489990234375,0
2016-04-12,1211.3800048828125,1211.3800048828125,1213.3199462890625,1198.239990234375,1199.949951171875,0
2016-04-13,1225.530029296875,1225.530029296875,1225.8399658203125,1212.219970703125,1212.219970703125,0
2016-04-14,1225.3399658203125,1225.3399658203125,1228.199951171875,1222.6400146484375,1225.5400390625,0
2016-04-15,1224.8199462890625,1224.8199462890625,1225.77001953125,1222.25,1225.300048828125,0
2016-04-18,1232.56005859375,1232.56005859375,1232.739990234375,1220.22998046875,1224.0799560546875,0
2016-04-19,1236.300048828125,1236.300048828125,1238.81005859375,1230.9200439453125,1232.9200439453125,0
2016-04-20,1237.4599609375,1237.4599609375,1242.699951171875,1233.6199951171875,1236.4200439453125,0
2016-04-21,1231.010009765625,1231.010009765625,1238.4599609375,1229.25,1237.5,0
2016-04-22,1232.81005859375,1232.81005859375,1233.9000244140625,1226.5799560546875,1228.260009765625,0
2016-04-25,1229.7099609375,1229.7099609375,1232.52001953125,1224.3399658203125,1232.52001953125,0
2016-04-26,1233.4300537109375,1233.4300537109375,1235.47998046875,1228.739990234375,1230.18994140625,0
2016-04-27,1235.75,1235.75,1238.3699951171875,1228.25,1233.550048828125,0
2016-04-28,1223.8599853515625,1223.8599853515625,1237.969970703125,1221.5400390625,1234.8900146484375,0
2016-04-29,1217.3699951171875,1217.3699951171875,1223.3599853515625,1209.6500244140625,1222.4000244140625,0
2016-05-02,1226.93994140625,1226.93994140625,1227.8900146484375,1217.4000244140625,1217.6600341796875,0
2016-05-03,1214.81005859375,1214.81005859375,1226.0,1209.6400146484375,1226.0,0
2016-05-04,1207.3599853515625,1207.3599853515625,1214.2099609375,1203.97998046875,1214.2099609375,0
2016-05-05,1206.3599853515625,1206.3599853515625,1212.75,1203.8299560546875,1207.7900390625,0
2016-05-06,1210.550048828125,1210.550048828125,1210.6800537109375,1199.7900390625,1206.1500244140625,0
2016-05-09,1211.6199951171875,1211.6199951171875,1215.0,1208.6099853515625,1210.530029296875,0
2016-05-10,1226.510009765625,1226.510009765625,1226.739990234375,1212.1700439453125,1212.1700439453125,0
2016-05-11,1214.510009765625,1214.510009765625,1226.199951171875,1214.510009765625,1226.199951171875,0
2016-05-12,1213.4000244140625,1213.4000244140625,1220.27001953125,1207.22998046875,1214.5899658203125,0
2016-05-13,1203.530029296875,1203.530029296875,1215.0,1201.2900390625,1213.25,0
2016-05-16,1215.56005859375,1215.56005859375,1218.7099609375,1203.6600341796875,1203.6700439453125,0
2016-05-17,1203.739990234375,1203.739990234375,1215.06005859375,1199.989990234375,1215.06005859375,0
2016-05-18,1204.1400146484375,1204.1400146484375,1211.949951171875,1196.5699462890625,1203.199951171875,0
2016-05-19,1199.1500244140625,1199.1500244140625,1204.1500244140625,1190.8499755859375,1203.5,0
2016-05-20,1208.0799560546875,1208.0799560546875,1210.8800048828125,1199.4200439453125,1199.4200439453125,0
2016-05-23,1205.6700439453125,1205.6700439453125,1210.3499755859375,1205.25,1208.1400146484375,0
2016-05-24,1222.9000244140625,1222.9000244140625,1224.8900146484375,1206.219970703125,1206.219970703125,0
2016-05-25,1231.3399658203125,1231.3399658203125,1233.5799560546875,1223.969970703125,1223.969970703125,0
2016-05-26,1230.699951171875,1230.699951171875,1233.52001953125,1229.1400146484375,1231.530029296875,0
2016-05-27,1236.6199951171875,1236.6199951171875,1236.6199951171875,1230.800048828125,1230.800048828125,0
2016-05-31,1236.219970703125,1236.219970703125,1239.6300048828125,1231.4100341796875,1236.7099609375,0
2016-06-01,1238.56005859375,1238.56005859375,1239.3900146484375,1229.1600341796875,1235.9300537109375,0
2016-06-02,1242.969970703125,1242.969970703125,1242.969970703125,1232.5999755859375,1238.3900146484375,0
2016-06-03,1238.8199462890625,1238.8199462890625,1243.0999755859375,1230.6700439453125,1243.0999755859375,0
2016-06-06,1245.72998046875,1245.72998046875,1247.8699951171875,1238.969970703125,1238.969970703125,0
2016-06-07,1247.6800537109375,1247.6800537109375,1251.6700439453125,1246.199951171875,1246.199951171875,0
2016-06-08,1252.199951171875,1252.199951171875,1252.97998046875,1248.1099853515625,1248.1099853515625,0
2016-06-09,1249.27001953125,1249.27001953125,1251.6099853515625,1244.969970703125,1251.6099853515625,0
2016-06-10,1236.3900146484375,1236.3900146484375,1247.22998046875,1232.9300537109375,1247.22998046875,0
2016-06-13,1226.1099853515625,1226.1099853515625,1237.9599609375,1225.6600341796875,1235.199951171875,0
2016-06-14,1223.550048828125,1223.550048828125,1227.6500244140625,1217.0699462890625,1225.2099609375,0
2016-06-15,1222.1800537109375,1222.1800537109375,1230.52001953125,1221.25,1223.7900390625,0
2016-06-16,1225.0899658203125,1225.0899658203125,1225.8599853515625,1208.9200439453125,1221.010009765625,0
2016-06-17,1221.5699462890625,1221.5699462890625,1224.9200439453125,1217.1300048828125,1224.9200439453125,0
2016-06-20,1229.7099609375,1229.7099609375,1239.5400390625,1222.6099853515625,1222.6099853515625,0
2016-06-21,1232.0699462890625,1232.0699462890625,1234.800048828125,1228.52001953125,1230.06005859375,0
2016-06-22,1229.6400146484375,1229.6400146484375,1238.3699951171875,1229.050048828125,1232.2900390625,0
2016-06-23,1247.0999755859375,1247.0999755859375,1247.0999755859375,1233.050048828125,1233.050048828125,0
2016-06-24,1201.6199951171875,1201.6199951171875,1241.8199462890625,1199.010009765625,1241.8199462890625,0
2016-06-27,1177.3499755859375,1177.3499755859375,1198.969970703125,1172.3599853515625,1198.969970703125,0
2016-06-28,1198.449951171875,1198.449951171875,1198.449951171875,1180.219970703125,1180.219970703125,0
2016-06-29,1219.6099853515625,1219.6099853515625,1220.97998046875,1198.969970703125,1198.969970703125,0
2016-06-30,1236.6199951171875,1236.6199951171875,1236.6600341796875,1218.8599853515625,1219.72998046875,0
2016-07-01,1239.52001953125,1239.52001953125,1242.8800048828125,1236.0899658203125,1236.6199951171875,0
2016-07-05,1229.75,1229.75,1236.6800537109375,1224.8499755859375,1236.6800537109375,0
2016-07-06,1236.469970703125,1236.469970703125,1236.989990234375,1221.6400146484375,1227.800048828125,0
2016-07-07,1236.1199951171875,1236.1199951171875,1242.72998046875,1231.1500244140625,1236.8499755859375,0
2016-07-08,1255.969970703125,1255.969970703125,1256.989990234375,1238.5999755859375,1238.5999755859375,0
2016-07-11,1261.18994140625,1261.18994140625,1264.3900146484375,1257.0999755859375,1257.0999755859375,0
2016-07-12,1270.72998046875,1270.72998046875,1273.0799560546875,1263.6199951171875,1263.6199951171875,0
2016-07-13,1270.1500244140625,1270.1500244140625,1273.4100341796875,1266.489990234375,1271.260009765625,0
2016-07-14,1276.030029296875,1276.030029296875,1279.27001953125,1272.0899658203125,1272.0899658203125,0
2016-07-15,1275.3299560546875,1275.3299560546875,1279.3299560546875,1272.030029296875,1277.0400390625,0
2016-07-18,1278.31005859375,1278.31005859375,1279.1500244140625,1273.81005859375,1275.4100341796875,0
2016-07-19,1275.8900146484375,1275.8900146484375,1277.0899658203125,1273.1300048828125,1277.0899658203125,0
2016-07-20,1281.969970703125,1281.969970703125,1283.489990234375,1276.0999755859375,1276.81005859375,0
2016-07-21,1277.260009765625,1277.260009765625,1283.0899658203125,1274.1500244140625,1281.7900390625,0
2016-07-22,1283.5699462890625,1283.5699462890625,1283.6600341796875,1276.1800537109375,1277.72998046875,0
2016-07-25,1279.7900390625,1279.7900390625,1283.010009765625,1276.219970703125,1283.010009765625,0
2016-07-26,1281.2900390625,1281.2900390625,1283.25,1275.550048828125,1279.6300048828125,0
2016-07-27,1279.6099853515625,1279.6099853515625,1284.3499755859375,1275.25,1283.8399658203125,0
2016-07-28,1281.780029296875,1281.780029296875,1283.4599609375,1275.8599853515625,1279.550048828125,0
2016-07-29,1284.27001953125,1284.27001953125,1286.43994140625,1277.5799560546875,1281.6500244140625,0
2016-08-01,1282.4599609375,1282.4599609375,1287.1400146484375,1279.8499755859375,1284.47998046875,0
2016-08-02,1273.010009765625,1273.010009765625,1282.0400390625,1267.6400146484375,1282.0400390625,0
2016-08-03,1277.969970703125,1277.969970703125,1277.969970703125,1270.1600341796875,1272.6099853515625,0
2016-08-04,1278.3699951171875,1278.3699951171875,1280.8299560546875,1275.469970703125,1277.8399658203125,0
2016-08-05,1289.5999755859375,1289.5999755859375,1289.5999755859375,1280.6199951171875,1280.6199951171875,0
2016-08-08,1288.5699462890625,1288.5699462890625,1291.6199951171875,1286.9100341796875,1289.8599853515625,0
2016-08-09,1289.300048828125,1289.300048828125,1292.3299560546875,1287.5400390625,1288.9200439453125,0
2016-08-10,1285.1300048828125,1285.1300048828125,1290.27001953125,1283.1500244140625,1289.550048828125,0
2016-08-11,1291.02001953125,1291.02001953125,1292.52001953125,1286.5799560546875,1286.5799560546875,0
2016-08-12,1290.1700439453125,1290.1700439453125,1291.6800537109375,1287.25,1290.0699462890625,0
2016-08-15,1294.989990234375,1294.989990234375,1297.02001953125,1290.8499755859375,1290.8499755859375,0
2016-08-16,1287.0999755859375,1287.0999755859375,1293.2099609375,1287.0799560546875,1293.2099609375,0
2016-08-17,1288.510009765625,1288.510009765625,1288.989990234375,1280.6099853515625,1286.9300537109375,0
2016-08-18,1292.27001953125,1292.27001953125,1292.27001953125,1287.7900390625,1288.5699462890625,0
2016-08-19,1290.5899658203125,1290.5899658203125,1291.3599853515625,1285.52001953125,1291.3599853515625,0
2016-08-22,1290.43994140625,1290.43994140625,1291.4200439453125,1286.0999755859375,1289.6500244140625,0
2016-08-23,1293.8199462890625,1293.8199462890625,1297.260009765625,1292.72998046875,1292.72998046875,0
2016-08-24,1286.31005859375,1286.31005859375,1293.6300048828125,1283.949951171875,1293.25,0
2016-08-25,1285.3299560546875,1285.3299560546875,1289.1600341796875,1283.449951171875,1285.6500244140625,0
2016-08-26,1283.030029296875,1283.030029296875,1294.06005859375,1277.739990234375,1286.260009765625,0
2016-08-29,1289.8499755859375,1289.8499755859375,1291.9000244140625,1283.5699462890625,1283.5699462890625,0
2016-08-30,1287.780029296875,1287.780029296875,1291.0899658203125,1284.1800537109375,1289.9300537109375,0
2016-08-31,1284.47998046875,1284.47998046875,1286.8599853515625,1278.6099853515625,1286.8599853515625,0
2016-09-01,1284.719970703125,1284.719970703125,1286.27001953125,1276.280029296875,1284.5400390625,0
2016-09-02,1291.219970703125,1291.219970703125,1293.510009765625,1286.4300537109375,1286.4300537109375,0
2016-09-06,1294.760009765625,1294.760009765625,1294.7900390625,1287.989990234375,1291.8499755859375,0
2016-09-07,1295.72998046875,1295.72998046875,1295.969970703125,1290.989990234375,1294.22998046875,0
2016-09-08,1292.719970703125,1292.719970703125,1294.949951171875,1290.5400390625,1294.5799560546875,0
2016-09-09,1259.93994140625,1259.93994140625,1288.550048828125,1259.93994140625,1288.550048828125,0
2016-09-12,1278.0,1278.0,1280.239990234375,1254.3800048828125,1258.4300537109375,0
2016-09-13,1258.2900390625,1258.2900390625,1277.1500244140625,1253.97998046875,1277.1500244140625,0
2016-09-14,1257.5,1257.5,1266.6099853515625,1254.25,1258.75,0
2016-09-15,1270.4000244140625,1270.4000244140625,1272.6099853515625,1255.8699951171875,1257.4599609375,0
2016-09-16,1265.8699951171875,1265.8699951171875,1270.1800537109375,1261.3199462890625,1270.1800537109375,0
2016-09-19,1267.0899658203125,1267.0899658203125,1275.4200439453125,1264.6400146484375,1267.4100341796875,0
2016-09-20,1266.6800537109375,1266.6800537109375,1273.550048828125,1266.4599609375,1269.1199951171875,0
2016-09-21,1280.8499755859375,1280.8499755859375,1281.9000244140625,1266.489990234375,1267.9300537109375,0
2016-09-22,1290.510009765625,1290.510009765625,1291.7900390625,1283.800048828125,1283.800048828125,0
2016-09-23,1283.0699462890625,1283.0699462890625,1289.239990234375,1282.7900390625,1289.239990234375,0
2016-09-26,1272.31005859375,1272.31005859375,1280.72998046875,1271.760009765625,1280.72998046875,0
2016-09-27,1279.6400146484375,1279.6400146484375,1280.3900146484375,1269.68994140625,1272.2900390625,0
2016-09-28,1286.9000244140625,1286.9000244140625,1287.449951171875,1274.6600341796875,1280.0899658203125,0
2016-09-29,1274.280029296875,1274.280029296875,1287.3399658203125,1271.06005859375,1285.969970703125,0
2016-09-30,1284.5999755859375,1284.5999755859375,1288.6199951171875,1275.93994140625,1275.93994140625,0
2016-10-03,1280.25,1280.25,1283.5799560546875,1276.489990234375,1283.5799560546875,0
2016-10-04,1273.9000244140625,1273.9000244140625,1282.75,1270.030029296875,1280.93994140625,0
2016-10-05,1279.5999755859375,1279.5999755859375,1282.0899658203125,1275.550048828125,1275.550048828125,0
2016-10-06,1279.4300537109375,1279.4300537109375,1280.6800537109375,1273.1400146484375,1279.0899658203125,0
2016-10-07,1274.5999755859375,1274.5999755859375,1282.06005859375,1269.3900146484375,1279.6800537109375,0
2016-10-10,1281.31005859375,1281.31005859375,1284.8900146484375,1277.27001953125,1277.27001953125,0
2016-10-11,1264.6099853515625,1264.6099853515625,1281.1800537109375,1259.93994140625,1281.1800537109375,0
2016-10-12,1265.8800048828125,1265.8800048828125,1269.5899658203125,1262.1500244140625,1264.8199462890625,0
2016-10-13,1261.4000244140625,1261.4000244140625,1264.800048828125,1250.97998046875,1262.9300537109375,0
2016-10-14,1261.0899658203125,1261.0899658203125,1271.2900390625,1261.0899658203125,1263.280029296875,0
2016-10-17,1257.56005859375,1257.56005859375,1262.5799560546875,1256.5,1261.030029296875,0
2016-10-18,1265.3199462890625,1265.3199462890625,1268.2900390625,1262.739990234375,1262.739990234375,0
2016-10-19,1268.5699462890625,1268.5699462890625,1271.0699462890625,1264.1400146484375,1265.9599609375,0
2016-10-20,1266.469970703125,1266.469970703125,1270.030029296875,1261.6800537109375,1267.9100341796875,0
2016-10-21,1266.239990234375,1266.239990234375,1266.969970703125,1259.3699951171875,1264.8900146484375,0
2016-10-24,1272.4300537109375,1272.4300537109375,1275.050048828125,1268.780029296875,1268.780029296875,0
2016-10-25,1266.56005859375,1266.56005859375,1272.010009765625,1265.8599853515625,1271.5899658203125,0
2016-10-26,1263.2900390625,1263.2900390625,1267.6099853515625,1259.9100341796875,1265.31005859375,0
2016-10-27,1258.030029296875,1258.030029296875,1267.6300048828125,1257.6600341796875,1264.6700439453125,0
2016-10-28,1254.6600341796875,1254.6600341796875,1263.1099853515625,1250.9599609375,1258.4200439453125,0
2016-10-31,1255.4200439453125,1255.4200439453125,1258.4599609375,1254.0699462890625,1255.31005859375,0
2016-11-01,1246.31005859375,1246.31005859375,1258.3900146484375,1238.22998046875,1255.8900146484375,0
2016-11-02,1236.989990234375,1236.989990234375,1245.8399658203125,1234.989990234375,1245.2099609375,0
2016-11-03,1231.6199951171875,1231.6199951171875,1240.030029296875,1229.949951171875,1238.3299560546875,0
2016-11-04,1230.72998046875,1230.72998046875,1239.2099609375,1230.010009765625,1230.010009765625,0
2016-11-07,1258.010009765625,1258.010009765625,1258.1099853515625,1236.06005859375,1236.06005859375,0
2016-11-08,1262.5400390625,1262.5400390625,1266.9599609375,1252.9200439453125,1257.3499755859375,0
2016-11-09,1278.8800048828125,1278.8800048828125,1282.5899658203125,1254.6099853515625,1262.0999755859375,0
2016-11-10,1282.3699951171875,1282.3699951171875,1291.239990234375,1272.7099609375,1280.3699951171875,0
2016-11-11,1283.93994140625,1283.93994140625,1284.760009765625,1275.3399658203125,1281.030029296875,0
2016-11-14,1286.6800537109375,1286.6800537109375,1290.43994140625,1281.4200439453125,1284.4200439453125,0
2016-11-15,1295.719970703125,1295.719970703125,1296.22998046875,1287.02001953125,1287.02001953125,0
2016-11-16,1293.93994140625,1293.93994140625,1295.47998046875,1291.1099853515625,1294.8499755859375,0
2016-11-17,1300.4200439453125,1300.4200439453125,1301.219970703125,1294.239990234375,1294.77001953125,0
2016-11-18,1298.2099609375,1298.2099609375,1302.0999755859375,1297.06005859375,1300.469970703125,0
2016-11-21,1307.6099853515625,1307.6099853515625,1307.75,1299.4100341796875,1299.4100341796875,0
2016-11-22,1311.4200439453125,1311.4200439453125,1312.4200439453125,1305.8399658203125,1310.4200439453125,0
2016-11-23,1313.43994140625,1313.43994140625,1313.4599609375,1306.3599853515625,1311.4200439453125,0
2016-11-25,1318.550048828125,1318.550048828125,1318.56005859375,1313.47998046875,1313.47998046875,0
2016-11-28,1310.31005859375,1310.31005859375,1317.52001953125,1309.489990234375,1317.52001953125,0
2016-11-29,1311.739990234375,1311.739990234375,1315.510009765625,1308.260009765625,1310.06005859375,0
2016-11-30,1308.2900390625,1308.2900390625,1317.6800537109375,1308.2900390625,1312.27001953125,0
2016-12-01,1303.0699462890625,1303.0699462890625,1311.1800537109375,1300.6600341796875,1308.6800537109375,0
2016-12-02,1303.5799560546875,1303.5799560546875,1307.4000244140625,1301.530029296875,1303.1099853515625,0
2016-12-05,1312.9599609375,1312.9599609375,1315.1400146484375,1305.6700439453125,1305.6700439453125,0
2016-12-06,1318.969970703125,1318.969970703125,1319.2099609375,1311.469970703125,1313.1199951171875,0
2016-12-07,1335.4599609375,1335.4599609375,1335.800048828125,1316.81005859375,1318.9100341796875,0
2016-12-08,1340.47998046875,1340.47998046875,1343.489990234375,1333.7099609375,1335.68994140625,0
2016-12-09,1346.949951171875,1346.949951171875,1347.0,1341.780029296875,1341.780029296875,0
2016-12-12,1343.5799560546875,1343.5799560546875,1349.18994140625,1340.9599609375,1346.449951171875,0
2016-12-13,1351.1600341796875,1351.1600341796875,1354.4100341796875,1344.1099853515625,1344.1099853515625,0
2016-12-14,1339.3299560546875,1339.3299560546875,1352.8299560546875,1336.77001953125,1350.4599609375,0
2016-12-15,1344.7900390625,1344.7900390625,1350.989990234375,1339.3299560546875,1339.3299560546875,0
2016-12-16,1342.68994140625,1342.68994140625,1348.77001953125,1340.4200439453125,1345.8199462890625,0
2016-12-19,1345.8699951171875,1345.8699951171875,1348.68994140625,1343.1700439453125,1343.27001953125,0
2016-12-20,1351.5,1351.5,1352.3499755859375,1347.030029296875,1347.030029296875,0
2016-12-21,1347.6400146484375,1347.6400146484375,1351.7099609375,1347.6400146484375,1351.6400146484375,0
2016-12-22,1343.77001953125,1343.77001953125,1347.280029296875,1341.06005859375,1347.280029296875,0
2016-12-23,1346.280029296875,1346.280029296875,1346.280029296875,1343.239990234375,1343.5400390625,0
2016-12-27,1349.6199951171875,1349.6199951171875,1352.469970703125,1346.72998046875,1346.72998046875,0
2016-12-28,1337.699951171875,1337.699951171875,1351.0799560546875,1337.1600341796875,1350.0899658203125,0
2016-12-29,1337.68994140625,1337.68994140625,1340.699951171875,1334.7099609375,1337.6400146484375,0
2016-12-30,1331.719970703125,1331.719970703125,1340.1300048828125,1328.9599609375,1338.510009765625,0
2017-01-03,1342.68994140625,1342.68994140625,1346.72998046875,1334.43994140625,1334.43994140625,0
2017-01-04,1352.97998046875,1352.97998046875,1354.02001953125,1343.2900390625,1343.2900390625,0
2017-01-05,1350.31005859375,1350.31005859375,1352.97998046875,1345.1800537109375,1352.7099609375,0
2017-01-06,1354.050048828125,1354.050048828125,1357.31005859375,1347.6600341796875,1350.77001953125,0
2017-01-09,1348.739990234375,1348.739990234375,1353.5799560546875,1348.739990234375,1353.5799560546875,0
2017-01-10,1350.4300537109375,1350.4300537109375,1355.6800537109375,1347.530029296875,1348.8800048828125,0
2017-01-11,1354.0400390625,1354.0400390625,1354.0400390625,1345.8399658203125,1350.489990234375,0
2017-01-12,1350.300048828125,1350.300048828125,1353.2900390625,1340.239990234375,1353.2900390625,0
2017-01-13,1353.9000244140625,1353.9000244140625,1356.22998046875,1350.9000244140625,1350.9000244140625,0
2017-01-17,1348.1199951171875,1348.1199951171875,1353.6600341796875,1345.3699951171875,1353.6600341796875,0
2017-01-18,1351.18994140625,1351.18994140625,1351.25,1345.7900390625,1348.4000244140625,0
2017-01-19,1345.5799560546875,1345.5799560546875,1352.8299560546875,1342.3499755859375,1351.1500244140625,0
2017-01-20,1350.0999755859375,1350.0999755859375,1353.239990234375,1346.56005859375,1346.8399658203125,0
2017-01-23,1346.5899658203125,1346.5899658203125,1350.3800048828125,1341.5999755859375,1349.4100341796875,0
2017-01-24,1357.1300048828125,1357.1300048828125,1359.3800048828125,1347.0899658203125,1347.0899658203125,0
2017-01-25,1367.989990234375,1367.989990234375,1368.68994140625,1359.6800537109375,1359.6800537109375,0
2017-01-26,1366.3699951171875,1366.3699951171875,1369.550048828125,1364.9599609375,1368.3699951171875,0
2017-01-27,1364.489990234375,1364.489990234375,1368.1400146484375,1362.72998046875,1367.1099853515625,0
2017-01-30,1355.199951171875,1355.199951171875,1362.3399658203125,1347.06005859375,1362.3399658203125,0
2017-01-31,1355.469970703125,1355.469970703125,1355.77001953125,1348.0,1354.1800537109375,0
2017-02-01,1355.530029296875,1355.530029296875,1362.3199462890625,1351.719970703125,1357.6800537109375,0
2017-02-02,1356.1800537109375,1356.1800537109375,1358.31005859375,1351.0,1354.9200439453125,0
2017-02-03,1367.2900390625,1367.2900390625,1367.699951171875,1357.4100341796875,1357.4100341796875,0
2017-02-06,1363.75,1363.75,1366.77001953125,1361.3800048828125,1366.77001953125,0
2017-02-07,1363.300048828125,1363.300048828125,1367.75,1361.510009765625,1364.0899658203125,0
2017-02-08,1364.1199951171875,1364.1199951171875,1364.780029296875,1357.989990234375,1362.2900390625,0
2017-02-09,1373.25,1373.25,1374.8599853515625,1364.31005859375,1364.31005859375,0
2017-02-10,1378.5799560546875,1378.5799560546875,1380.3900146484375,1374.72998046875,1374.72998046875,0
2017-02-13,1385.27001953125,1385.27001953125,1387.3399658203125,1379.5999755859375,1379.5999755859375,0
2017-02-14,1390.6300048828125,1390.6300048828125,1390.6300048828125,1381.9000244140625,1384.8900146484375,0
2017-02-15,1397.4300537109375,1397.4300537109375,1398.5999755859375,1389.02001953125,1390.1199951171875,0
2017-02-16,1395.7900390625,1395.7900390625,1398.81005859375,1390.7900390625,1397.8599853515625,0
2017-02-17,1398.0400390625,1398.0400390625,1398.0400390625,1391.18994140625,1395.0699462890625,0
2017-02-21,1406.780029296875,1406.780029296875,1407.4100341796875,1398.18994140625,1398.18994140625,0
2017-02-22,1404.550048828125,1404.550048828125,1406.260009765625,1402.5899658203125,1405.5400390625,0
2017-02-23,1403.6500244140625,1403.6500244140625,1407.5799560546875,1398.4100341796875,1405.969970703125,0
2017-02-24,1405.5999755859375,1405.5999755859375,1405.5999755859375,1396.550048828125,1401.7099609375,0
2017-02-27,1408.5699462890625,1408.5699462890625,1409.3199462890625,1402.4300537109375,1405.1800537109375,0
2017-02-28,1402.8299560546875,1402.8299560546875,1407.8699951171875,1400.8299560546875,1407.8699951171875,0
2017-03-01,1422.3299560546875,1422.3299560546875,1424.9599609375,1407.1400146484375,1407.1400146484375,0
2017-03-02,1412.760009765625,1412.760009765625,1421.800048828125,1411.8699951171875,1421.800048828125,0
2017-03-03,1413.550048828125,1413.550048828125,1413.969970703125,1408.75,1412.3800048828125,0
2017-03-06,1408.1300048828125,1408.1300048828125,1411.449951171875,1403.8199462890625,1411.449951171875,0
2017-03-07,1403.25,1403.25,1407.9000244140625,1401.8699951171875,1407.1400146484375,0
2017-03-08,1399.3399658203125,1399.3399658203125,1406.4599609375,1398.47998046875,1403.030029296875,0
2017-03-09,1399.3699951171875,1399.3699951171875,1403.0699462890625,1393.510009765625,1399.56005859375,0
2017-03-10,1404.0400390625,1404.0400390625,1406.6400146484375,1398.2099609375,1401.8399658203125,0
2017-03-13,1405.1400146484375,1405.1400146484375,1405.6800537109375,1402.3499755859375,1403.949951171875,0
2017-03-14,1400.0899658203125,1400.0899658203125,1403.75,1395.3299560546875,1403.75,0
2017-03-15,1412.949951171875,1412.949951171875,1415.7099609375,1401.300048828125,1401.300048828125,0
2017-03-16,1411.3699951171875,1411.3699951171875,1415.219970703125,1409.050048828125,1413.3199462890625,0
2017-03-17,1410.3800048828125,1410.3800048828125,1413.949951171875,1409.0999755859375,1411.510009765625,0
2017-03-20,1406.8299560546875,1406.8299560546875,1410.4300537109375,1404.5799560546875,1410.3800048828125,0
2017-03-21,1386.9000244140625,1386.9000244140625,1411.6700439453125,1385.8599853515625,1408.0699462890625,0
2017-03-22,1389.199951171875,1389.199951171875,1390.8199462890625,1382.1300048828125,1387.010009765625,0
2017-03-23,1388.800048828125,1388.800048828125,1396.3900146484375,1386.260009765625,1389.0,0
2017-03-24,1387.9599609375,1387.9599609375,1395.260009765625,1383.1300048828125,1390.2099609375,0
2017-03-27,1386.97998046875,1386.97998046875,1388.8699951171875,1374.510009765625,1384.9100341796875,0
2017-03-28,1397.1400146484375,1397.1400146484375,1399.8599853515625,1384.699951171875,1386.719970703125,0
2017-03-29,1399.0899658203125,1399.0899658203125,1400.3299560546875,1393.68994140625,1396.719970703125,0
2017-03-30,1403.739990234375,1403.739990234375,1404.6300048828125,1398.0699462890625,1398.93994140625,0
2017-03-31,1401.5,1401.5,1405.800048828125,1400.8399658203125,1403.010009765625,0
2017-04-03,1397.6500244140625,1397.6500244140625,1403.52001953125,1390.0899658203125,1402.0400390625,0
2017-04-04,1398.219970703125,1398.219970703125,1398.3800048828125,1393.5899658203125,1397.1500244140625,0
2017-04-05,1392.4599609375,1392.4599609375,1408.8699951171875,1391.22998046875,1399.5999755859375,0
2017-04-06,1396.6500244140625,1396.6500244140625,1399.9599609375,1390.3499755859375,1392.81005859375,0
2017-04-07,1395.6300048828125,1395.6300048828125,1400.0699462890625,1392.4599609375,1396.1099853515625,0
2017-04-10,1397.0400390625,1397.0400390625,1402.6600341796875,1393.5699462890625,1395.9100341796875,0
2017-04-11,1396.5,1396.5,1396.5400390625,1386.030029296875,1395.9100341796875,0
2017-04-12,1389.68994140625,1389.68994140625,1396.280029296875,1387.9599609375,1396.280029296875,0
2017-04-13,1379.77001953125,1379.77001953125,1391.449951171875,1379.77001953125,1388.760009765625,0
2017-04-17,1392.1600341796875,1392.1600341796875,1392.18994140625,1381.4200439453125,1381.4200439453125,0
2017-04-18,1388.7900390625,1388.7900390625,1391.6300048828125,1383.6500244140625,1390.81005859375,0
2017-04-19,1387.4300537109375,1387.4300537109375,1395.2900390625,1385.6800537109375,1390.3599853515625,0
2017-04-20,1398.469970703125,1398.469970703125,1401.030029296875,1389.27001953125,1389.27001953125,0
2017-04-21,1394.2900390625,1394.2900390625,1397.4100341796875,1392.0,1397.3399658203125,0
2017-04-24,1409.4599609375,1409.4599609375,1411.1099853515625,1397.8399658203125,1397.8399658203125,0
2017-04-25,1418.4000244140625,1418.4000244140625,1420.699951171875,1410.81005859375,1410.81005859375,0
2017-04-26,1418.6800537109375,1418.6800537109375,1424.6400146484375,1417.989990234375,1418.7099609375,0
2017-04-27,1419.3800048828125,1419.3800048828125,1421.3599853515625,1415.800048828125,1419.0400390625,0
2017-04-28,1414.8399658203125,1414.8399658203125,1421.4100341796875,1414.0799560546875,1420.0899658203125,0
2017-05-01,1417.9100341796875,1417.9100341796875,1421.5899658203125,1414.93994140625,1416.280029296875,0
2017-05-02,1418.52001953125,1418.52001953125,1420.5999755859375,1415.739990234375,1418.77001953125,0
2017-05-03,1415.510009765625,1415.510009765625,1416.8299560546875,1410.9599609375,1416.8299560546875,0
2017-05-04,1415.5400390625,1415.5400390625,1417.0400390625,1409.760009765625,1415.949951171875,0
2017-05-05,1422.280029296875,1422.280029296875,1422.280029296875,1415.56005859375,1416.5799560546875,0
2017-05-08,1421.3199462890625,1421.3199462890625,1423.22998046875,1417.949951171875,1422.06005859375,0
2017-05-09,1420.1400146484375,1420.1400146484375,1423.8699951171875,1417.3199462890625,1421.550048828125,0
2017-05-10,1422.4599609375,1422.4599609375,1422.5899658203125,1417.97998046875,1420.1800537109375,0
2017-05-11,1418.489990234375,1418.489990234375,1421.6300048828125,1410.7900390625,1421.6300048828125,0
2017-05-12,1415.75,1415.75,1418.02001953125,1413.699951171875,1418.02001953125,0
2017-05-15,1423.1199951171875,1423.1199951171875,1424.5899658203125,1416.4300537109375,1416.4300537109375,0
2017-05-16,1422.1500244140625,1422.1500244140625,1425.0699462890625,1418.739990234375,1424.02001953125,0
2017-05-17,1395.280029296875,1395.280029296875,1419.449951171875,1394.8900146484375,1419.449951171875,0
2017-05-18,1400.3399658203125,1400.3399658203125,1405.81005859375,1392.510009765625,1395.300048828125,0
2017-05-19,1409.9000244140625,1409.9000244140625,1414.4300537109375,1400.8800048828125,1400.8800048828125,0
2017-05-22,1417.5400390625,1417.5400390625,1418.3199462890625,1411.3299560546875,1411.3299560546875,0
2017-05-23,1420.06005859375,1420.06005859375,1421.6600341796875,1416.8299560546875,1418.1199951171875,0
2017-05-24,1423.5799560546875,1423.5799560546875,1424.2900390625,1419.81005859375,1420.9100341796875,0
2017-05-25,1429.1500244140625,1429.1500244140625,1431.239990234375,1424.800048828125,1424.800048828125,0
2017-05-26,1429.3800048828125,1429.3800048828125,1429.6099853515625,1427.31005859375,1429.260009765625,0
2017-05-30,1426.510009765625,1426.510009765625,1428.760009765625,1424.8699951171875,1428.760009765625,0
2017-05-31,1426.0999755859375,1426.0999755859375,1428.4100341796875,1419.9000244140625,1427.1099853515625,0
2017-06-01,1439.050048828125,1439.050048828125,1439.050048828125,1427.1600341796875,1427.1600341796875,0
2017-06-02,1444.530029296875,1444.530029296875,1445.6600341796875,1437.7900390625,1439.760009765625,0
2017-06-05,1441.780029296875,1441.780029296875,1444.4100341796875,1441.4300537109375,1443.8900146484375,0
2017-06-06,1437.8199462890625,1437.8199462890625,1442.0999755859375,1436.3499755859375,1440.47998046875,0
2017-06-07,1439.7900390625,1439.7900390625,1441.199951171875,1435.1099853515625,1438.9000244140625,0
2017-06-08,1441.949951171875,1441.949951171875,1444.6199951171875,1437.5699462890625,1439.989990234375,0
2017-06-09,1441.25,1441.25,1450.1099853515625,1432.989990234375,1442.780029296875,0
2017-06-12,1439.969970703125,1439.969970703125,1440.5799560546875,1434.5400390625,1438.81005859375,0
2017-06-13,1446.989990234375,1446.989990234375,1447.449951171875,1441.81005859375,1442.0400390625,0
2017-06-14,1444.739990234375,1444.739990234375,1448.9200439453125,1439.31005859375,1448.31005859375,0
2017-06-15,1440.93994140625,1440.93994140625,1441.989990234375,1433.2900390625,1441.989990234375,0
2017-06-16,1440.8499755859375,1440.8499755859375,1440.8499755859375,1434.780029296875,1440.030029296875,0
2017-06-19,1452.8199462890625,1452.8199462890625,1453.0799560546875,1434.780029296875,1440.030029296875,0
2017-06-20,1442.3299560546875,1442.3299560546875,1451.2099609375,1442.0799560546875,1451.2099609375,0
2017-06-21,1440.989990234375,1440.989990234375,1445.9599609375,1438.5799560546875,1443.31005859375,0
2017-06-22,1441.0899658203125,1441.0899658203125,1445.02001953125,1439.550048828125,1441.3699951171875,0
2017-06-23,1444.550048828125,1444.550048828125,1445.9200439453125,1439.3599853515625,1441.239990234375,0
2017-06-26,1445.52001953125,1445.52001953125,1451.6400146484375,1443.3900146484375,1446.8199462890625,0
2017-06-27,1433.43994140625,1433.43994140625,1446.280029296875,1433.43994140625,1444.800048828125,0
2017-06-28,1446.969970703125,1446.969970703125,1448.219970703125,1435.8299560546875,1435.8299560546875,0
2017-06-29,1434.75,1434.75,1448.219970703125,1425.9200439453125,1446.949951171875,0
2017-06-30,1436.8199462890625,1436.8199462890625,1442.1800537109375,1435.469970703125,1437.1099853515625,0
2017-07-03,1441.0,1441.0,1446.260009765625,1440.6500244140625,1440.6500244140625,0
2017-07-05,1441.800048828125,1441.800048828125,1443.0799560546875,1436.1199951171875,1441.1600341796875,0
2017-07-06,1427.1600341796875,1427.1600341796875,1440.1199951171875,1425.969970703125,1440.1199951171875,0
2017-07-07,1437.1099853515625,1437.1099853515625,1437.8599853515625,1429.0899658203125,1429.0899658203125,0
2017-07-10,1437.4300537109375,1437.4300537109375,1440.27001953125,1435.0899658203125,1436.7900390625,0
2017-07-11,1437.239990234375,1437.239990234375,1439.199951171875,1429.5899658203125,1437.3299560546875,0
2017-07-12,1447.81005859375,1447.81005859375,1449.4200439453125,1440.97998046875,1440.97998046875,0
2017-07-13,1450.3599853515625,1450.3599853515625,1450.949951171875,1446.0999755859375,1448.3800048828125,0
2017-07-14,1456.72998046875,1456.72998046875,1459.3499755859375,1449.8599853515625,1450.8499755859375,0
2017-07-17,1456.969970703125,1456.969970703125,1459.0899658203125,1455.3599853515625,1457.0400390625,0
2017-07-18,1457.239990234375,1457.239990234375,1457.43994140625,1451.489990234375,1456.1700439453125,0
2017-07-19,1466.02001953125,1466.02001953125,1466.02001953125,1458.0899658203125,1458.0899658203125,0
2017-07-20,1465.780029296875,1465.780029296875,1468.1500244140625,1462.97998046875,1466.550048828125,0
2017-07-21,1464.68994140625,1464.68994140625,1464.72998046875,1461.0400390625,1464.72998046875,0
2017-07-24,1463.989990234375,1463.989990234375,1465.550048828125,1461.4300537109375,1464.6600341796875,0
2017-07-25,1469.2099609375,1469.2099609375,1471.5,1465.6199951171875,1465.6199951171875,0
2017-07-26,1468.56005859375,1468.56005859375,1471.1500244140625,1467.219970703125,1469.72998046875,0
2017-07-27,1465.8800048828125,1465.8800048828125,1471.8699951171875,1457.3499755859375,1470.510009765625,0
2017-07-28,1463.6400146484375,1463.6400146484375,1464.9100341796875,1459.969970703125,1464.9100341796875,0
2017-07-31,1462.3199462890625,1462.3199462890625,1466.949951171875,1460.739990234375,1464.25,0
2017-08-01,1465.8499755859375,1465.8499755859375,1467.25,1462.8299560546875,1463.969970703125,0
2017-08-02,1464.489990234375,1464.489990234375,1467.6400146484375,1458.1300048828125,1465.4200439453125,0
2017-08-03,1461.0999755859375,1461.0999755859375,1464.469970703125,1459.239990234375,1464.469970703125,0
2017-08-04,1464.469970703125,1464.469970703125,1465.5699462890625,1461.3800048828125,1461.760009765625,0
2017-08-07,1466.6800537109375,1466.6800537109375,1466.75,1463.550048828125,1464.9200439453125,0
2017-08-08,1462.97998046875,1462.97998046875,1473.02001953125,1460.3599853515625,1465.72998046875,0
2017-08-09,1460.8599853515625,1460.8599853515625,1461.030029296875,1455.2099609375,1460.5,0
2017-08-10,1439.1600341796875,1439.1600341796875,1458.3599853515625,1438.93994140625,1458.3599853515625,0
2017-08-11,1441.3399658203125,1441.3399658203125,1444.7099609375,1438.93994140625,1439.449951171875,0
2017-08-14,1456.3399658203125,1456.3399658203125,1457.449951171875,1444.739990234375,1444.739990234375,0
2017-08-15,1454.4599609375,1454.4599609375,1457.9599609375,1453.3499755859375,1457.0999755859375,0
2017-08-16,1456.760009765625,1456.760009765625,1461.06005859375,1454.6400146484375,1455.6700439453125,0
2017-08-17,1434.0400390625,1434.0400390625,1455.5999755859375,1434.0400390625,1455.5999755859375,0
2017-08-18,1431.52001953125,1431.52001953125,1439.530029296875,1428.260009765625,1433.510009765625,0
2017-08-21,1432.9000244140625,1432.9000244140625,1434.010009765625,1426.6199951171875,1431.6199951171875,0
2017-08-22,1447.2099609375,1447.2099609375,1448.469970703125,1434.6400146484375,1434.6400146484375,0
2017-08-23,1442.8499755859375,1442.8499755859375,1445.72998046875,1440.780029296875,1445.3399658203125,0
2017-08-24,1440.7900390625,1440.7900390625,1447.030029296875,1439.449951171875,1444.0,0
2017-08-25,1443.3599853515625,1443.3599853515625,1449.1700439453125,1441.56005859375,1441.56005859375,0
2017-08-28,1444.18994140625,1444.18994140625,1447.0,1441.050048828125,1444.699951171875,0
2017-08-29,1445.1400146484375,1445.1400146484375,1446.77001953125,1435.010009765625,1441.2099609375,0
2017-08-30,1452.3900146484375,1452.3900146484375,1453.6300048828125,1443.75,1445.02001953125,0
2017-08-31,1461.81005859375,1461.81005859375,1463.5699462890625,1453.699951171875,1453.699951171875,0
2017-09-01,1465.449951171875,1465.449951171875,1467.22998046875,1462.75,1462.75,0
2017-09-05,1453.699951171875,1453.699951171875,1464.3199462890625,1447.260009765625,1464.3199462890625,0
2017-09-06,1457.77001953125,1457.77001953125,1460.2900390625,1454.3800048828125,1454.9300537109375,0
2017-09-07,1456.8299560546875,1456.8299560546875,1459.5899658203125,1454.050048828125,1458.3800048828125,0
2017-09-08,1455.25,1455.25,1458.260009765625,1453.4300537109375,1456.260009765625,0
2017-09-11,1471.199951171875,1471.199951171875,1471.6400146484375,1458.31005859375,1458.31005859375,0
2017-09-12,1476.6800537109375,1476.6800537109375,1476.760009765625,1472.18994140625,1472.18994140625,0
2017-09-13,1477.7099609375,1477.7099609375,1477.7099609375,1474.43994140625,1476.1700439453125,0
2017-09-14,1476.0999755859375,1476.0999755859375,1477.760009765625,1473.47998046875,1476.9200439453125,0
2017-09-15,1479.280029296875,1479.280029296875,1479.2900390625,1474.6800537109375,1476.0699462890625,0
2017-09-18,1482.530029296875,1482.530029296875,1484.6300048828125,1479.8399658203125,1479.8399658203125,0
2017-09-19,1483.800048828125,1483.800048828125,1484.489990234375,1482.030029296875,1482.6099853515625,0
2017-09-20,1485.489990234375,1485.489990234375,1485.699951171875,1479.199951171875,1484.0,0
2017-09-21,1481.260009765625,1481.260009765625,1484.72998046875,1480.3599853515625,1484.7099609375,0
2017-09-22,1482.8599853515625,1482.8599853515625,1483.5,1479.27001953125,1479.52001953125,0
2017-09-25,1480.030029296875,1480.030029296875,1483.550048828125,1475.27001953125,1482.6600341796875,0
2017-09-26,1480.4599609375,1480.4599609375,1483.8699951171875,1479.5999755859375,1481.1400146484375,0
2017-09-27,1488.3699951171875,1488.3699951171875,1491.1099853515625,1480.4200439453125,1480.5699462890625,0
2017-09-28,1490.3399658203125,1490.3399658203125,1490.52001953125,1485.3499755859375,1487.77001953125,0
2017-09-29,1495.4300537109375,1495.4300537109375,1495.489990234375,1489.4599609375,1490.4599609375,0
2017-10-02,1502.6300048828125,1502.6300048828125,1502.6600341796875,1495.800048828125,1495.800048828125,0
2017-10-03,1506.010009765625,1506.010009765625,1506.1199951171875,1502.0799560546875,1502.8800048828125,0
2017-10-04,1507.43994140625,1507.43994140625,1509.31005859375,1504.18994140625,1505.7900390625,0
2017-10-05,1515.31005859375,1515.31005859375,1515.550048828125,1507.5,1507.5,0
2017-10-06,1513.68994140625,1513.68994140625,1515.31005859375,1510.469970703125,1515.31005859375,0
2017-10-09,1510.489990234375,1510.489990234375,1515.280029296875,1508.7900390625,1514.8399658203125,0
2017-10-10,1513.9599609375,1513.9599609375,1516.9300537109375,1510.760009765625,1511.9300537109375,0
2017-10-11,1516.2900390625,1516.2900390625,1516.2900390625,1512.550048828125,1513.77001953125,0
2017-10-12,1514.0,1514.0,1516.4599609375,1512.7099609375,1516.260009765625,0
2017-10-13,1514.8900146484375,1514.8900146484375,1517.8699951171875,1514.4200439453125,1514.6800537109375,0
2017-10-16,1517.1500244140625,1517.1500244140625,1518.719970703125,1514.469970703125,1514.8299560546875,0
2017-10-17,1517.5,1517.5,1517.8399658203125,1515.31005859375,1517.1400146484375,0
2017-10-18,1519.1300048828125,1519.1300048828125,1520.97998046875,1517.6300048828125,1517.6300048828125,0
2017-10-19,1519.3499755859375,1519.3499755859375,1519.489990234375,1510.510009765625,1517.260009765625,0
2017-10-20,1527.18994140625,1527.18994140625,1527.4599609375,1519.8399658203125,1519.8399658203125,0
2017-10-23,1520.3900146484375,1520.3900146484375,1528.949951171875,1520.050048828125,1528.3399658203125,0
2017-10-24,1522.8800048828125,1522.8800048828125,1524.9100341796875,1520.800048828125,1520.800048828125,0
2017-10-25,1515.4300537109375,1515.4300537109375,1522.9100341796875,1507.3599853515625,1522.9100341796875,0
2017-10-26,1518.02001953125,1518.02001953125,1521.43994140625,1515.6099853515625,1515.6099853515625,0
2017-10-27,1529.8299560546875,1529.8299560546875,1530.4300537109375,1518.3900146484375,1518.3900146484375,0
2017-10-30,1523.6300048828125,1523.6300048828125,1529.22998046875,1521.3699951171875,1529.22998046875,0
2017-10-31,1526.5,1526.5,1528.4100341796875,1523.97998046875,1524.25,0
2017-11-01,1527.510009765625,1527.510009765625,1534.4000244140625,1524.5,1527.3699951171875,0
2017-11-02,1527.9200439453125,1527.9200439453125,1528.75,1520.489990234375,1527.550048828125,0
2017-11-03,1532.27001953125,1532.27001953125,1532.469970703125,1525.8599853515625,1529.5799560546875,0
2017-11-06,1534.6199951171875,1534.6199951171875,1535.9200439453125,1531.3299560546875,1532.550048828125,0
2017-11-07,1532.1400146484375,1532.1400146484375,1537.5400390625,1528.75,1534.5899658203125,0
2017-11-08,1534.449951171875,1534.449951171875,1535.1400146484375,1528.780029296875,1532.0999755859375,0
2017-11-09,1528.4000244140625,1528.4000244140625,1533.93994140625,1517.8599853515625,1533.93994140625,0
2017-11-10,1527.489990234375,1527.489990234375,1528.5899658203125,1523.93994140625,1527.5799560546875,0
2017-11-13,1528.8499755859375,1528.8499755859375,1530.43994140625,1522.5999755859375,1525.52001953125,0
2017-11-14,1525.27001953125,1525.27001953125,1528.5400390625,1518.989990234375,1528.5400390625,0
2017-11-15,1517.0899658203125,1517.0899658203125,1522.6700439453125,1512.0999755859375,1522.6700439453125,0
2017-11-16,1530.530029296875,1530.530029296875,1533.1500244140625,1517.9000244140625,1517.9000244140625,0
2017-11-17,1528.3299560546875,1528.3299560546875,1530.6300048828125,1527.239990234375,1530.199951171875,0
2017-11-20,1531.18994140625,1531.18994140625,1532.25,1528.0899658203125,1528.6300048828125,0
2017-11-21,1541.7900390625,1541.7900390625,1542.4300537109375,1531.5699462890625,1531.5699462890625,0
2017-11-22,1540.68994140625,1540.68994140625,1543.1800537109375,1539.989990234375,1542.1700439453125,0
2017-11-24,1543.75,1543.75,1544.5,1541.550048828125,1541.550048828125,0
2017-11-27,1542.2900390625,1542.2900390625,1545.8599853515625,1541.1099853515625,1543.5,0
2017-11-28,1557.9000244140625,1557.9000244140625,1558.1199951171875,1542.97998046875,1542.97998046875,0
2017-11-29,1557.699951171875,1557.699951171875,1563.1300048828125,1554.239990234375,1558.030029296875,0
2017-11-30,1569.219970703125,1569.219970703125,1575.0799560546875,1559.3499755859375,1559.3499755859375,0
2017-12-01,1565.8800048828125,1565.8800048828125,1570.489990234375,1543.1600341796875,1568.1500244140625,0
2017-12-04,1563.699951171875,1563.699951171875,1580.3699951171875,1563.56005859375,1568.68994140625,0
2017-12-05,1556.800048828125,1556.800048828125,1568.5,1555.97998046875,1564.1300048828125,0
2017-12-06,1555.510009765625,1555.510009765625,1558.489990234375,1553.6400146484375,1555.6700439453125,0
2017-12-07,1561.3399658203125,1561.3399658203125,1563.3499755859375,1554.25,1555.5999755859375,0
2017-12-08,1569.3599853515625,1569.3599853515625,1570.02001953125,1563.010009765625,1563.010009765625,0
2017-12-11,1573.5400390625,1573.5400390625,1573.699951171875,1569.719970703125,1569.719970703125,0
2017-12-12,1574.9200439453125,1574.9200439453125,1578.6099853515625,1573.530029296875,1573.530029296875,0
2017-12-13,1574.8199462890625,1574.8199462890625,1580.4300537109375,1574.8199462890625,1575.449951171875,0
2017-12-14,1567.260009765625,1567.260009765625,1577.8499755859375,1567.260009765625,1575.1600341796875,0
2017-12-15,1582.0799560546875,1582.0799560546875,1584.780029296875,1568.9000244140625,1568.9000244140625,0
2017-12-18,1591.9599609375,1591.9599609375,1594.3299560546875,1584.1099853515625,1584.1099853515625,0
2017-12-19,1586.1600341796875,1586.1600341796875,1594.1300048828125,1585.8499755859375,1592.3399658203125,0
2017-12-20,1585.4200439453125,1585.4200439453125,1591.7900390625,1583.31005859375,1587.7099609375,0
2017-12-21,1589.030029296875,1589.030029296875,1593.2900390625,1586.1500244140625,1586.1500244140625,0
2017-12-22,1588.25,1588.25,1589.699951171875,1585.4200439453125,1589.0699462890625,0
2017-12-26,1587.0,1587.0,1588.300048828125,1585.6300048828125,1587.52001953125,0
2017-12-27,1588.1600341796875,1588.1600341796875,1590.280029296875,1586.300048828125,1587.18994140625,0
2017-12-28,1591.449951171875,1591.449951171875,1591.530029296875,1587.949951171875,1588.6099853515625,0
2017-12-29,1582.77001953125,1582.77001953125,1594.1500244140625,1582.77001953125,1591.9599609375,0
2018-01-02,1595.8699951171875,1595.8699951171875,1595.93994140625,1585.0899658203125,1585.0899658203125,0
2018-01-03,1605.18994140625,1605.18994140625,1605.8900146484375,1595.8399658203125,1595.8399658203125,0
2018-01-04,1611.02001953125,1611.02001953125,1613.8399658203125,1605.699951171875,1605.699951171875,0
2018-01-05,1621.3699951171875,1621.3699951171875,1621.47998046875,1612.1400146484375,1612.1400146484375,0
2018-01-08,1624.3499755859375,1624.3499755859375,1624.780029296875,1617.6400146484375,1621.280029296875,0
2018-01-09,1625.9200439453125,1625.9200439453125,1630.6300048828125,1624.3499755859375,1624.3499755859375,0
2018-01-10,1623.9599609375,1623.9599609375,1625.5799560546875,1617.02001953125,1625.5799560546875,0
2018-01-11,1637.3800048828125,1637.3800048828125,1637.3800048828125,1623.9599609375,1623.9599609375,0
2018-01-12,1647.3699951171875,1647.3699951171875,1648.1300048828125,1637.6800537109375,1637.6800537109375,0
2018-01-16,1639.8599853515625,1639.8599853515625,1659.1300048828125,1635.72998046875,1648.5699462890625,0
2018-01-17,1654.989990234375,1654.989990234375,1657.5999755859375,1641.469970703125,1642.3499755859375,0
2018-01-18,1651.5400390625,1651.5400390625,1656.31005859375,1648.9300537109375,1654.699951171875,0
2018-01-19,1660.6800537109375,1660.6800537109375,1660.6800537109375,1652.3499755859375,1652.3499755859375,0
2018-01-22,1673.6800537109375,1673.6800537109375,1673.699951171875,1660.0999755859375,1660.7099609375,0
2018-01-23,1677.719970703125,1677.719970703125,1678.93994140625,1672.1800537109375,1673.8699951171875,0
2018-01-24,1675.52001953125,1675.52001953125,1685.0799560546875,1668.469970703125,1678.530029296875,0
2018-01-25,1676.3299560546875,1676.3299560546875,1681.949951171875,1671.4100341796875,1676.5999755859375,0
2018-01-26,1694.22998046875,1694.22998046875,1694.22998046875,1677.9000244140625,1677.9000244140625,0
2018-01-29,1682.739990234375,1682.739990234375,1693.8199462890625,1681.68994140625,1693.8199462890625,0
2018-01-30,1664.75,1664.75,1681.5999755859375,1662.6400146484375,1681.5999755859375,0
2018-01-31,1664.6800537109375,1664.6800537109375,1674.7099609375,1658.8199462890625,1664.949951171875,0
2018-02-01,1664.3699951171875,1664.3699951171875,1671.6300048828125,1659.1199951171875,1664.199951171875,0
2018-02-02,1629.56005859375,1629.56005859375,1660.52001953125,1628.5400390625,1660.52001953125,0
2018-02-05,1564.6600341796875,1564.6600341796875,1630.1300048828125,1560.31005859375,1627.1199951171875,0
2018-02-06,1589.780029296875,1589.780029296875,1593.530029296875,1538.5400390625,1562.699951171875,0
2018-02-07,1583.1800537109375,1583.1800537109375,1607.9200439453125,1583.1199951171875,1589.780029296875,0
2018-02-08,1525.260009765625,1525.260009765625,1584.6300048828125,1525.260009765625,1584.1500244140625,0
2018-02-09,1546.550048828125,1546.550048828125,1557.1300048828125,1496.93994140625,1525.780029296875,0
2018-02-12,1567.1600341796875,1567.1600341796875,1576.510009765625,1547.0,1547.52001953125,0
2018-02-13,1571.52001953125,1571.52001953125,1574.68994140625,1557.1099853515625,1566.969970703125,0
2018-02-14,1593.6700439453125,1593.6700439453125,1595.5699462890625,1563.2099609375,1568.27001953125,0
2018-02-15,1612.530029296875,1612.530029296875,1612.6300048828125,1588.8299560546875,1596.9100341796875,0
2018-02-16,1613.550048828125,1613.550048828125,1625.8900146484375,1609.719970703125,1611.81005859375,0
2018-02-20,1603.97998046875,1603.97998046875,1616.81005859375,1598.9300537109375,1612.8299560546875,0
2018-02-21,1596.3299560546875,1596.3299560546875,1622.6700439453125,1596.3199462890625,1603.989990234375,0
2018-02-22,1597.1099853515625,1597.1099853515625,1613.1300048828125,1593.97998046875,1597.68994140625,0
2018-02-23,1621.739990234375,1621.739990234375,1621.949951171875,1597.75,1597.75,0
2018-02-26,1639.1700439453125,1639.1700439453125,1639.81005859375,1624.27001953125,1624.2900390625,0
2018-02-27,1618.0899658203125,1618.0899658203125,1644.31005859375,1618.06005859375,1639.06005859375,0
2018-02-28,1600.1500244140625,1600.1500244140625,1627.4000244140625,1599.97998046875,1618.9200439453125,0
2018-03-01,1581.1700439453125,1581.1700439453125,1609.5999755859375,1570.4300537109375,1600.239990234375,0
2018-03-02,1591.3800048828125,1591.3800048828125,1594.06005859375,1563.9300537109375,1578.8599853515625,0
2018-03-05,1608.6099853515625,1608.6099853515625,1612.68994140625,1582.800048828125,1589.5,0
2018-03-06,1614.5699462890625,1614.5699462890625,1615.550048828125,1603.8399658203125,1608.6099853515625,0
2018-03-07,1615.3299560546875,1615.3299560546875,1617.489990234375,1601.219970703125,1608.9200439453125,0
2018-03-08,1621.239990234375,1621.239990234375,1622.1400146484375,1612.1400146484375,1616.3699951171875,0
2018-03-09,1648.4599609375,1648.4599609375,1648.469970703125,1623.8900146484375,1623.8900146484375,0
2018-03-12,1647.4100341796875,1647.4100341796875,1654.3299560546875,1644.8299560546875,1649.469970703125,0
2018-03-13,1637.18994140625,1637.18994140625,1657.6700439453125,1633.6400146484375,1650.97998046875,0
2018-03-14,1628.18994140625,1628.18994140625,1643.8499755859375,1625.5699462890625,1638.8299560546875,0
2018-03-15,1625.9000244140625,1625.9000244140625,1634.8900146484375,1622.6800537109375,1628.22998046875,0
2018-03-16,1629.6800537109375,1629.6800537109375,1634.56005859375,1626.97998046875,1626.97998046875,0
2018-03-19,1607.68994140625,1607.68994140625,1625.7099609375,1596.9200439453125,1625.7099609375,0
2018-03-20,1609.97998046875,1609.97998046875,1614.18994140625,1606.1700439453125,1608.06005859375,0
2018-03-21,1608.5699462890625,1608.5699462890625,1623.0,1607.3299560546875,1609.989990234375,0
2018-03-22,1568.719970703125,1568.719970703125,1605.0699462890625,1568.260009765625,1605.0699462890625,0
2018-03-23,1536.27001953125,1536.27001953125,1576.22998046875,1535.2099609375,1569.0400390625,0
2018-03-26,1576.5,1576.5,1577.9200439453125,1537.5899658203125,1537.5899658203125,0
2018-03-27,1549.02001953125,1549.02001953125,1584.3399658203125,1540.280029296875,1578.31005859375,0
2018-03-28,1544.780029296875,1544.780029296875,1559.300048828125,1538.0699462890625,1547.6800537109375,0
2018-03-29,1565.56005859375,1565.56005859375,1575.75,1548.1800537109375,1548.1800537109375,0
2018-04-02,1530.280029296875,1530.280029296875,1563.68994140625,1515.050048828125,1562.260009765625,0
2018-04-03,1549.3299560546875,1549.3299560546875,1552.010009765625,1527.5899658203125,1530.8699951171875,0
2018-04-04,1567.0899658203125,1567.0899658203125,1569.93994140625,1527.780029296875,1545.199951171875,0
2018-04-05,1578.02001953125,1578.02001953125,1582.949951171875,1570.489990234375,1570.489990234375,0
2018-04-06,1544.280029296875,1544.280029296875,1574.530029296875,1533.699951171875,1573.780029296875,0
2018-04-09,1548.510009765625,1548.510009765625,1571.6500244140625,1547.3699951171875,1547.47998046875,0
2018-04-10,1574.6700439453125,1574.6700439453125,1579.5899658203125,1550.7900390625,1550.7900390625,0
2018-04-11,1567.5,1567.5,1577.75,1565.77001953125,1571.9100341796875,0
2018-04-12,1579.6800537109375,1579.6800537109375,1585.72998046875,1569.8199462890625,1569.8199462890625,0
2018-04-13,1574.5899658203125,1574.5899658203125,1588.7099609375,1568.4300537109375,1582.8499755859375,0
2018-04-16,1587.5799560546875,1587.5799560546875,1592.31005859375,1578.0899658203125,1578.0899658203125,0
2018-04-17,1604.510009765625,1604.510009765625,1608.43994140625,1590.780029296875,1590.780029296875,0
2018-04-18,1606.4599609375,1606.4599609375,1611.739990234375,1603.5899658203125,1605.219970703125,0
2018-04-19,1597.25,1597.25,1605.449951171875,1591.030029296875,1605.449951171875,0
2018-04-20,1584.3800048828125,1584.3800048828125,1597.47998046875,1579.3199462890625,1597.1099853515625,0
2018-04-23,1584.050048828125,1584.050048828125,1591.6400146484375,1577.1099853515625,1585.7900390625,0
2018-04-24,1564.3599853515625,1564.3599853515625,1592.1700439453125,1554.56005859375,1585.6600341796875,0
2018-04-25,1566.31005859375,1566.31005859375,1570.030029296875,1551.8499755859375,1564.22998046875,0
2018-04-26,1581.469970703125,1581.469970703125,1586.8299560546875,1568.5899658203125,1568.5899658203125,0
2018-04-27,1582.6400146484375,1582.6400146484375,1587.43994140625,1576.239990234375,1584.6800537109375,0
2018-04-30,1569.9100341796875,1569.9100341796875,1590.0999755859375,1569.9000244140625,1583.300048828125,0
2018-05-01,1574.1800537109375,1574.1800537109375,1574.4000244140625,1557.4200439453125,1568.7900390625,0
2018-05-02,1564.5699462890625,1564.5699462890625,1578.8499755859375,1562.56005859375,1573.3499755859375,0
2018-05-03,1560.6199951171875,1560.6199951171875,1565.0,1540.75,1563.010009765625,0
2018-05-04,1580.760009765625,1580.760009765625,1585.3699951171875,1552.8800048828125,1559.5400390625,0
2018-05-07,1587.43994140625,1587.43994140625,1593.72998046875,1581.239990234375,1581.239990234375,0
2018-05-08,1588.06005859375,1588.06005859375,1590.02001953125,1578.8800048828125,1587.1800537109375,0
2018-05-09,1602.5799560546875,1602.5799560546875,1604.6600341796875,1589.1600341796875,1589.5899658203125,0
2018-05-10,1616.3800048828125,1616.3800048828125,1618.6600341796875,1604.239990234375,1604.239990234375,0
2018-05-11,1618.8599853515625,1618.8599853515625,1622.0799560546875,1613.050048828125,1616.6099853515625,0
2018-05-14,1619.4000244140625,1619.4000244140625,1627.06005859375,1617.030029296875,1619.7900390625,0
2018-05-15,1609.6500244140625,1609.6500244140625,1618.31005859375,1604.6600341796875,1618.31005859375,0
2018-05-16,1617.030029296875,1617.030029296875,1620.27001953125,1609.739990234375,1609.739990234375,0
2018-05-17,1616.81005859375,1616.81005859375,1623.280029296875,1611.7099609375,1616.6700439453125,0
2018-05-18,1613.47998046875,1613.47998046875,1616.8800048828125,1611.2900390625,1616.5899658203125,0
2018-05-21,1625.3499755859375,1625.3499755859375,1628.47998046875,1614.4599609375,1614.4599609375,0
2018-05-22,1619.25,1619.25,1630.260009765625,1618.010009765625,1625.5999755859375,0
2018-05-23,1624.0,1624.0,1624.0,1611.47998046875,1619.0699462890625,0
2018-05-24,1621.3699951171875,1621.3699951171875,1623.800048828125,1609.6199951171875,1623.800048828125,0
2018-05-25,1618.010009765625,1618.010009765625,1620.949951171875,1614.489990234375,1620.949951171875,0
2018-05-29,1601.6199951171875,1601.6199951171875,1616.1500244140625,1594.1800537109375,1616.1500244140625,0
2018-05-30,1622.1400146484375,1622.1400146484375,1625.3699951171875,1603.5799560546875,1603.5799560546875,0
2018-05-31,1610.6700439453125,1610.6700439453125,1622.06005859375,1608.219970703125,1622.06005859375,0
2018-06-01,1627.4000244140625,1627.4000244140625,1628.510009765625,1613.949951171875,1613.949951171875,0
2018-06-04,1634.989990234375,1634.989990234375,1635.739990234375,1628.77001953125,1628.77001953125,0
2018-06-05,1637.3800048828125,1637.3800048828125,1638.9100341796875,1631.4599609375,1635.0,0
2018-06-06,1651.260009765625,1651.260009765625,1651.260009765625,1637.510009765625,1638.6400146484375,0
2018-06-07,1649.4200439453125,1649.4200439453125,1655.760009765625,1643.3900146484375,1651.3699951171875,0
2018-06-08,1654.739990234375,1654.739990234375,1655.02001953125,1645.8900146484375,1649.3499755859375,0
2018-06-11,1656.4300537109375,1656.4300537109375,1660.469970703125,1654.760009765625,1654.760009765625,0
2018-06-12,1660.030029296875,1660.030029296875,1662.0999755859375,1655.4000244140625,1657.3399658203125,0
2018-06-13,1653.1600341796875,1653.1600341796875,1662.52001953125,1652.760009765625,1660.7900390625,0
2018-06-14,1657.6300048828125,1657.6300048828125,1660.800048828125,1653.56005859375,1654.9100341796875,0
2018-06-15,1656.1800537109375,1656.1800537109375,1657.6600341796875,1645.6800537109375,1656.1700439453125,0
2018-06-18,1654.3299560546875,1654.3299560546875,1654.800048828125,1643.3499755859375,1653.06005859375,0
2018-06-19,1648.1099853515625,1648.1099853515625,1653.22998046875,1635.8299560546875,1653.22998046875,0
2018-06-20,1652.449951171875,1652.449951171875,1656.219970703125,1649.4200439453125,1650.300048828125,0
2018-06-21,1640.9300537109375,1640.9300537109375,1653.0699462890625,1637.8199462890625,1652.4100341796875,0
2018-06-22,1643.3900146484375,1643.3900146484375,1648.77001953125,1642.31005859375,1643.4000244140625,0
2018-06-25,1619.780029296875,1619.780029296875,1640.18994140625,1609.97998046875,1640.18994140625,0
2018-06-26,1624.0899658203125,1624.0899658203125,1629.300048828125,1618.739990234375,1621.3599853515625,0
2018-06-27,1608.3900146484375,1608.3900146484375,1636.449951171875,1608.3800048828125,1625.469970703125,0
2018-06-28,1617.9599609375,1617.9599609375,1622.3699951171875,1603.31005859375,1607.7900390625,0
2018-06-29,1618.989990234375,1618.989990234375,1633.0999755859375,1618.22998046875,1618.22998046875,0
2018-07-02,1624.3900146484375,1624.3900146484375,1624.550048828125,1608.1600341796875,1618.31005859375,0
2018-07-03,1618.0400390625,1618.0400390625,1630.22998046875,1616.969970703125,1625.06005859375,0
2018-07-05,1632.1700439453125,1632.1700439453125,1632.52001953125,1619.6400146484375,1619.72998046875,0
2018-07-06,1646.300048828125,1646.300048828125,1648.449951171875,1630.7099609375,1632.1400146484375,0
2018-07-09,1660.4300537109375,1660.4300537109375,1660.6700439453125,1648.0999755859375,1648.0999755859375,0
2018-07-10,1664.530029296875,1664.530029296875,1666.489990234375,1659.9000244140625,1660.4300537109375,0
2018-07-11,1652.8599853515625,1652.8599853515625,1661.6099853515625,1651.2099609375,1661.6099853515625,0
2018-07-12,1666.280029296875,1666.280029296875,1666.719970703125,1656.18994140625,1656.18994140625,0
2018-07-13,1667.3599853515625,1667.3599853515625,1670.25,1662.6099853515625,1666.260009765625,0
2018-07-16,1664.3499755859375,1664.3499755859375,1668.75,1661.5699462890625,1667.6800537109375,0
2018-07-17,1671.530029296875,1671.530029296875,1674.010009765625,1658.989990234375,1662.2099609375,0
2018-07-18,1675.4599609375,1675.4599609375,1676.0,1668.81005859375,1671.43994140625,0
2018-07-19,1670.7900390625,1670.7900390625,1674.800048828125,1666.5699462890625,1674.1099853515625,0
2018-07-20,1668.43994140625,1668.43994140625,1672.8299560546875,1667.800048828125,1670.2099609375,0
2018-07-23,1670.949951171875,1670.949951171875,1672.010009765625,1664.1300048828125,1667.8399658203125,0
2018-07-24,1674.47998046875,1674.47998046875,1682.469970703125,1669.300048828125,1672.02001953125,0
2018-07-25,1688.5999755859375,1688.5999755859375,1689.4200439453125,1673.27001953125,1674.43994140625,0
2018-07-26,1685.5999755859375,1685.5999755859375,1689.9599609375,1682.949951171875,1688.530029296875,0
2018-07-27,1672.0,1672.0,1689.2900390625,1666.0899658203125,1685.5999755859375,0
2018-07-30,1661.449951171875,1661.449951171875,1673.739990234375,1659.3800048828125,1672.43994140625,0
2018-07-31,1670.9599609375,1670.9599609375,1675.699951171875,1661.530029296875,1661.530029296875,0
2018-08-01,1669.4000244140625,1669.4000244140625,1676.27001953125,1664.6500244140625,1673.5400390625,0
2018-08-02,1679.31005859375,1679.31005859375,1680.5899658203125,1660.8499755859375,1669.4000244140625,0
2018-08-03,1685.030029296875,1685.030029296875,1685.0400390625,1678.780029296875,1679.3599853515625,0
2018-08-06,1691.8499755859375,1691.8499755859375,1693.2900390625,1682.9300537109375,1684.8699951171875,0
2018-08-07,1696.800048828125,1696.800048828125,1699.449951171875,1692.43994140625,1692.43994140625,0
2018-08-08,1695.949951171875,1695.949951171875,1698.6800537109375,1692.8399658203125,1696.800048828125,0
2018-08-09,1694.5400390625,1694.5400390625,1700.030029296875,1693.6800537109375,1695.949951171875,0
2018-08-10,1683.68994140625,1683.68994140625,1692.3399658203125,1680.1400146484375,1692.3399658203125,0
2018-08-13,1676.3399658203125,1676.3399658203125,1689.18994140625,1674.8299560546875,1684.1199951171875,0
2018-08-14,1687.6099853515625,1687.6099853515625,1689.300048828125,1676.550048828125,1676.550048828125,0
2018-08-15,1673.5999755859375,1673.5999755859375,1685.72998046875,1664.6199951171875,1685.72998046875,0
2018-08-16,1686.9300537109375,1686.9300537109375,1692.6199951171875,1676.56005859375,1676.56005859375,0
2018-08-17,1692.6300048828125,1692.6300048828125,1695.43994140625,1682.75,1686.9300537109375,0
2018-08-20,1697.0699462890625,1697.0699462890625,1698.6300048828125,1692.6300048828125,1693.949951171875,0
2018-08-21,1702.6400146484375,1702.6400146484375,1708.2099609375,1697.989990234375,1697.989990234375,0
2018-08-22,1702.760009765625,1702.760009765625,1705.469970703125,1699.2900390625,1702.1500244140625,0
2018-08-23,1699.530029296875,1699.530029296875,1706.4100341796875,1697.7099609375,1702.77001953125,0
2018-08-24,1710.1300048828125,1710.1300048828125,1710.9200439453125,1700.81005859375,1700.81005859375,0
2018-08-27,1722.1300048828125,1722.1300048828125,1723.4599609375,1713.1099853515625,1713.1099853515625,0
2018-08-28,1722.8399658203125,1722.8399658203125,1726.3699951171875,1719.780029296875,1723.4000244140625,0
2018-08-29,1732.1199951171875,1732.1199951171875,1733.699951171875,1723.2099609375,1723.800048828125,0
2018-08-30,1724.81005859375,1724.81005859375,1731.4300537109375,1721.8599853515625,1730.6500244140625,0
2018-08-31,1726.0899658203125,1726.0899658203125,1727.6300048828125,1720.25,1724.300048828125,0
2018-09-04,1723.239990234375,1723.239990234375,1725.969970703125,1716.0699462890625,1725.969970703125,0
2018-09-05,1717.550048828125,1717.550048828125,1722.7900390625,1709.97998046875,1722.7900390625,0
2018-09-06,1710.68994140625,1710.68994140625,1719.8900146484375,1705.280029296875,1717.8800048828125,0
2018-09-07,1706.989990234375,1706.989990234375,1714.469970703125,1702.75,1707.530029296875,0
2018-09-10,1710.7099609375,1710.7099609375,1715.449951171875,1709.780029296875,1709.8499755859375,0
2018-09-11,1716.3900146484375,1716.3900146484375,1719.219970703125,1704.52001953125,1710.2099609375,0
2018-09-12,1716.8299560546875,1716.8299560546875,1719.1800537109375,1709.739990234375,1716.5999755859375,0
2018-09-13,1724.8499755859375,1724.8499755859375,1727.02001953125,1719.0799560546875,1719.0799560546875,0
2018-09-14,1726.3499755859375,1726.3499755859375,1728.52001953125,1720.9300537109375,1725.1400146484375,0
2018-09-17,1714.97998046875,1714.97998046875,1726.280029296875,1713.5799560546875,1725.530029296875,0
2018-09-18,1723.969970703125,1723.969970703125,1727.8399658203125,1715.0,1715.0,0
2018-09-19,1724.3800048828125,1724.3800048828125,1728.0699462890625,1723.1800537109375,1724.1099853515625,0
2018-09-20,1737.969970703125,1737.969970703125,1740.06005859375,1726.2099609375,1726.2099609375,0
2018-09-21,1736.4300537109375,1736.4300537109375,1743.6500244140625,1735.010009765625,1738.1500244140625,0
2018-09-24,1730.1500244140625,1730.1500244140625,1734.3399658203125,1726.3699951171875,1734.3399658203125,0
2018-09-25,1728.8499755859375,1728.8499755859375,1733.0400390625,1728.02001953125,1730.27001953125,0
2018-09-26,1721.68994140625,1721.68994140625,1736.739990234375,1720.4200439453125,1728.93994140625,0
2018-09-27,1725.8299560546875,1725.8299560546875,1733.25,1722.5400390625,1722.5400390625,0
2018-09-28,1726.52001953125,1726.52001953125,1730.1099853515625,1722.27001953125,1724.77001953125,0
2018-10-01,1729.18994140625,1729.18994140625,1738.4599609375,1725.449951171875,1729.530029296875,0
2018-10-02,1726.469970703125,1726.469970703125,1731.68994140625,1724.260009765625,1729.2900390625,0
2018-10-03,1729.3299560546875,1729.3299560546875,1736.0699462890625,1726.9300537109375,1728.260009765625,0
2018-10-04,1713.3900146484375,1713.3900146484375,1728.1300048828125,1704.1099853515625,1728.1300048828125,0
2018-10-05,1703.0400390625,1703.0400390625,1717.739990234375,1693.0,1713.5799560546875,0
2018-10-08,1701.1300048828125,1701.1300048828125,1704.3699951171875,1688.5699462890625,1700.719970703125,0
2018-10-09,1697.8299560546875,1697.8299560546875,1706.989990234375,1695.6500244140625,1700.949951171875,0
2018-10-10,1642.77001953125,1642.77001953125,1697.6800537109375,1642.3900146484375,1697.6800537109375,0
2018-10-11,1609.699951171875,1609.699951171875,1648.3599853515625,1601.4000244140625,1642.52001953125,0
2018-10-12,1630.5699462890625,1630.5699462890625,1637.010009765625,1608.989990234375,1610.050048828125,0
2018-10-15,1623.1199951171875,1623.1199951171875,1636.8399658203125,1620.5,1630.1300048828125,0
2018-10-16,1659.239990234375,1659.239990234375,1660.8800048828125,1624.72998046875,1624.72998046875,0
2018-10-17,1657.8299560546875,1657.8299560546875,1661.75,1641.8299560546875,1660.02001953125,0
2018-10-18,1633.280029296875,1633.280029296875,1656.2900390625,1625.8399658203125,1656.2900390625,0
2018-10-19,1630.050048828125,1630.050048828125,1649.1800537109375,1626.300048828125,1634.010009765625,0
2018-10-22,1623.3900146484375,1623.3900146484375,1636.2099609375,1619.7099609375,1630.1199951171875,0
2018-10-23,1614.030029296875,1614.030029296875,1622.260009765625,1585.31005859375,1622.260009765625,0
2018-10-24,1562.9200439453125,1562.9200439453125,1614.9100341796875,1560.8900146484375,1613.8299560546875,0
2018-10-25,1592.2099609375,1592.2099609375,1601.8299560546875,1563.8599853515625,1563.8599853515625,0
2018-10-26,1565.93994140625,1565.93994140625,1589.8800048828125,1547.2099609375,1589.8800048828125,0
2018-10-29,1555.68994140625,1555.68994140625,1594.260009765625,1534.5999755859375,1571.4300537109375,0
2018-10-30,1580.739990234375,1580.739990234375,1582.18994140625,1552.6099853515625,1555.699951171875,0
2018-10-31,1597.7099609375,1597.7099609375,1611.8299560546875,1585.81005859375,1585.81005859375,0
2018-11-01,1617.47998046875,1617.47998046875,1618.3199462890625,1597.4599609375,1598.3299560546875,0
2018-11-02,1608.4599609375,1608.4599609375,1627.0899658203125,1595.56005859375,1619.050048828125,0
2018-11-05,1615.68994140625,1615.68994140625,1619.1099853515625,1604.1500244140625,1608.97998046875,0
2018-11-06,1625.4200439453125,1625.4200439453125,1626.0400390625,1614.5400390625,1615.7099609375,0
2018-11-07,1658.699951171875,1658.699951171875,1659.3299560546875,1626.47998046875,1626.47998046875,0
2018-11-08,1653.8699951171875,1653.8699951171875,1659.0899658203125,1647.449951171875,1657.93994140625,0
2018-11-09,1637.22998046875,1637.22998046875,1652.2099609375,1627.2900390625,1652.2099609375,0
2018-11-12,1604.969970703125,1604.969970703125,1636.4100341796875,1602.9300537109375,1636.4100341796875,0
2018-11-13,1602.9000244140625,1602.9000244140625,1621.9599609375,1599.1500244140625,1605.530029296875,0
2018-11-14,1590.5999755859375,1590.5999755859375,1617.6400146484375,1581.7900390625,1605.6400146484375,0
2018-11-15,1608.260009765625,1608.260009765625,1610.7099609375,1573.760009765625,1590.5,0
2018-11-16,1611.760009765625,1611.760009765625,1616.719970703125,1597.739990234375,1608.1099853515625,0
2018-11-19,1583.6099853515625,1583.6099853515625,1611.47998046875,1578.5699462890625,1611.47998046875,0
2018-11-20,1555.4200439453125,1555.4200439453125,1583.31005859375,1549.3699951171875,1583.31005859375,0
2018-11-21,1562.6800537109375,1562.6800537109375,1574.3800048828125,1555.52001953125,1555.52001953125,0
2018-11-23,1554.010009765625,1554.010009765625,1562.8199462890625,1552.1800537109375,1560.739990234375,0
2018-11-26,1577.8399658203125,1577.8399658203125,1578.3699951171875,1555.3299560546875,1555.3299560546875,0
2018-11-27,1579.8800048828125,1579.8800048828125,1580.1199951171875,1567.9000244140625,1576.31005859375,0
2018-11-28,1616.5899658203125,1616.5899658203125,1616.75,1580.3399658203125,1580.3399658203125,0
2018-11-29,1613.1500244140625,1613.1500244140625,1622.5999755859375,1604.0999755859375,1615.9200439453125,0
2018-11-30,1625.989990234375,1625.989990234375,1626.550048828125,1610.43994140625,1613.3399658203125,0
2018-12-03,1643.9000244140625,1643.9000244140625,1649.199951171875,1631.68994140625,1631.68994140625,0
2018-12-04,1589.0799560546875,1589.0799560546875,1643.550048828125,1587.530029296875,1643.550048828125,0
2018-12-06,1587.1800537109375,1587.1800537109375,1587.199951171875,1544.3299560546875,1585.510009765625,0
2018-12-07,1550.489990234375,1550.489990234375,1594.3399658203125,1544.56005859375,1586.6199951171875,0
2018-12-10,1551.949951171875,1551.949951171875,1557.3800048828125,1522.4599609375,1550.199951171875,0
2018-12-11,1550.8499755859375,1550.8499755859375,1573.239990234375,1542.3800048828125,1553.0400390625,0
2018-12-12,1560.050048828125,1560.050048828125,1579.5899658203125,1552.6500244140625,1552.6500244140625,0
2018-12-13,1556.780029296875,1556.780029296875,1569.25,1550.1700439453125,1560.449951171875,0
2018-12-14,1528.3599853515625,1528.3599853515625,1555.1099853515625,1524.7900390625,1555.1099853515625,0
2018-12-17,1495.6099853515625,1495.6099853515625,1528.8800048828125,1487.1700439453125,1527.6500244140625,0
2018-12-18,1495.719970703125,1495.719970703125,1512.5999755859375,1486.739990234375,1496.550048828125,0
2018-12-19,1472.1800537109375,1472.1800537109375,1517.050048828125,1462.75,1496.0999755859375,0
2018-12-20,1448.56005859375,1448.56005859375,1473.3699951171875,1433.3800048828125,1472.1700439453125,0
2018-12-21,1418.06005859375,1418.06005859375,1468.2900390625,1413.6700439453125,1448.56005859375,0
2018-12-26,1449.1600341796875,1449.1600341796875,1449.18994140625,1379.010009765625,1384.1700439453125,0
2018-12-28,1459.52001953125,1459.52001953125,1479.0699462890625,1451.6199951171875,1461.02001953125,0
2018-12-31,1472.1400146484375,1472.1400146484375,1472.3900146484375,1457.2099609375,1464.6800537109375,0
2019-01-02,1473.6600341796875,1473.6600341796875,1478.449951171875,1448.6400146484375,1470.3699951171875,0
2019-01-03,1438.760009765625,1438.760009765625,1473.0699462890625,1436.81005859375,1473.0699462890625,0
2019-01-04,1488.530029296875,1488.530029296875,1492.0699462890625,1440.4200439453125,1440.4200439453125,0
2019-01-07,1501.3299560546875,1501.3299560546875,1510.68994140625,1486.1700439453125,1489.4200439453125,0
2019-01-08,1517.1400146484375,1517.1400146484375,1518.699951171875,1500.469970703125,1505.1300048828125,0
2019-01-09,1524.6199951171875,1524.6199951171875,1529.6600341796875,1515.1700439453125,1517.8199462890625,0
2019-01-10,1531.8299560546875,1531.8299560546875,1532.31005859375,1511.3199462890625,1522.8800048828125,0
2019-01-11,1531.8800048828125,1531.8800048828125,1531.8800048828125,1521.199951171875,1530.18994140625,0
2019-01-14,1523.010009765625,1523.010009765625,1531.0,1517.280029296875,1531.0,0
2019-01-15,1538.77001953125,1538.77001953125,1539.7900390625,1523.3499755859375,1523.3499755859375,0
2019-01-17,1555.3499755859375,1555.3499755859375,1560.6199951171875,1537.780029296875,1542.739990234375,0
2019-01-18,1575.3599853515625,1575.3599853515625,1578.1400146484375,1555.9000244140625,1555.9000244140625,0
2019-01-22,1552.6700439453125,1552.6700439453125,1573.8299560546875,1544.06005859375,1573.8299560546875,0
2019-01-23,1555.0999755859375,1555.0999755859375,1564.300048828125,1540.6199951171875,1553.8599853515625,0
2019-01-24,1558.8800048828125,1558.8800048828125,1560.969970703125,1550.199951171875,1555.739990234375,0
2019-01-25,1573.31005859375,1573.31005859375,1576.5899658203125,1560.280029296875,1560.280029296875,0
2019-01-29,1559.72998046875,1559.72998046875,1565.7099609375,1555.0699462890625,1561.949951171875,0
2019-01-30,1583.0400390625,1583.0400390625,1588.300048828125,1563.6199951171875,1563.800048828125,0
2019-01-31,1596.5400390625,1596.5400390625,1599.1199951171875,1580.8599853515625,1582.6800537109375,0
2019-02-01,1599.0699462890625,1599.0699462890625,1603.800048828125,1593.31005859375,1596.5699462890625,0
2019-02-04,1610.510009765625,1610.510009765625,1610.52001953125,1595.030029296875,1599.010009765625,0
2019-02-05,1617.800048828125,1617.800048828125,1618.5799560546875,1610.010009765625,1610.93994140625,0
2019-02-06,1614.280029296875,1614.280029296875,1618.199951171875,1609.6700439453125,1617.0699462890625,0
2019-02-07,1599.969970703125,1599.969970703125,1613.0999755859375,1588.719970703125,1613.0999755859375,0
2019-02-08,1601.1400146484375,1601.1400146484375,1601.199951171875,1586.31005859375,1596.9599609375,0
2019-02-11,1603.699951171875,1603.699951171875,1607.1700439453125,1600.0699462890625,1601.6500244140625,0
2019-02-12,1624.199951171875,1624.199951171875,1625.8399658203125,1604.0799560546875,1604.0799560546875,0
2019-02-13,1629.010009765625,1629.010009765625,1633.4200439453125,1625.0,1625.0,0
2019-02-14,1625.47998046875,1625.47998046875,1632.31005859375,1616.93994140625,1628.1500244140625,0
2019-02-15,1643.449951171875,1643.449951171875,1643.5,1627.7099609375,1627.7099609375,0
2019-02-19,1646.1099853515625,1646.1099853515625,1650.4599609375,1639.030029296875,1643.1600341796875,0
2019-02-20,1649.1099853515625,1649.1099853515625,1651.5999755859375,1643.260009765625,1645.8900146484375,0
2019-02-21,1643.22998046875,1643.22998046875,1648.300048828125,1637.4100341796875,1648.300048828125,0
2019-02-22,1654.5400390625,1654.5400390625,1655.0699462890625,1643.949951171875,1643.949951171875,0
2019-02-25,1656.43994140625,1656.43994140625,1666.9300537109375,1655.9300537109375,1656.4100341796875,0
2019-02-27,1654.1600341796875,1654.1600341796875,1655.77001953125,1644.050048828125,1652.97998046875,0
2019-02-28,1649.219970703125,1649.219970703125,1654.8499755859375,1648.3399658203125,1653.3800048828125,0
2019-03-01,1660.6099853515625,1660.6099853515625,1662.719970703125,1650.18994140625,1650.18994140625,0
2019-03-05,1650.260009765625,1650.260009765625,1654.1700439453125,1646.5699462890625,1653.06005859375,0
2019-03-07,1624.06005859375,1624.06005859375,1637.1099853515625,1618.8199462890625,1637.1099853515625,0
2019-03-08,1620.699951171875,1620.699951171875,1623.3399658203125,1609.1400146484375,1623.3399658203125,0
2019-03-11,1644.8699951171875,1644.8699951171875,1644.9599609375,1621.9000244140625,1621.9000244140625,0
2019-03-12,1649.469970703125,1649.469970703125,1653.5,1645.510009765625,1645.510009765625,0
2019-03-13,1660.25,1660.25,1666.1800537109375,1650.699951171875,1650.699951171875,0
2019-03-14,1658.3599853515625,1658.3599853515625,1661.8699951171875,1655.780029296875,1660.9599609375,0
2019-03-15,1665.8399658203125,1665.8399658203125,1671.1800537109375,1659.8599853515625,1659.8599853515625,0
2019-03-18,1672.5899658203125,1672.5899658203125,1674.43994140625,1665.6600341796875,1666.5699462890625,0
2019-03-19,1671.1800537109375,1671.1800537109375,1682.6300048828125,1666.219970703125,1673.3499755859375,0
2019-03-20,1665.25,1665.25,1677.239990234375,1658.22998046875,1670.760009765625,0
2019-03-22,1649.050048828125,1649.050048828125,1683.47998046875,1648.949951171875,1683.47998046875,0
2019-03-26,1660.5999755859375,1660.5999755859375,1667.2099609375,1650.1700439453125,1650.1700439453125,0
2019-03-28,1660.030029296875,1660.030029296875,1662.1099853515625,1649.6099853515625,1653.6300048828125,0
2019-04-01,1690.1800537109375,1690.1800537109375,1691.25,1672.7099609375,1672.7099609375,0
2019-04-02,1689.8900146484375,1689.8900146484375,1691.239990234375,1684.510009765625,1690.3800048828125,0
2019-04-03,1694.3299560546875,1694.3299560546875,1701.1800537109375,1689.5899658203125,1693.1099853515625,0
2019-04-04,1697.4300537109375,1697.4300537109375,1698.6099853515625,1689.8399658203125,1694.3299560546875,0
2019-04-05,1706.280029296875,1706.280029296875,1706.469970703125,1697.8499755859375,1697.8499755859375,0
2019-04-08,1707.6700439453125,1707.6700439453125,1707.7099609375,1698.6600341796875,1705.72998046875,0
2019-04-10,1704.27001953125,1704.27001953125,1704.8800048828125,1696.72998046875,1696.72998046875,0
2019-04-12,1715.4200439453125,1715.4200439453125,1716.969970703125,1705.8199462890625,1705.8199462890625,0
2019-04-15,1713.8699951171875,1713.8699951171875,1716.6400146484375,1708.8900146484375,1715.4100341796875,0
2019-04-16,1714.6600341796875,1714.6600341796875,1719.75,1711.0799560546875,1714.6500244140625,0
2019-04-18,1710.969970703125,1710.969970703125,1712.6099853515625,1702.8199462890625,1708.8199462890625,0
2019-04-22,1711.8699951171875,1711.8699951171875,1712.68994140625,1706.010009765625,1710.4200439453125,0
2019-04-23,1728.4300537109375,1728.4300537109375,1729.719970703125,1712.030029296875,1712.030029296875,0
2019-04-24,1725.52001953125,1725.52001953125,1731.1300048828125,1724.6800537109375,1728.3800048828125,0
2019-04-26,1732.4300537109375,1732.4300537109375,1732.4300537109375,1719.0999755859375,1723.280029296875,0
2019-04-29,1734.7099609375,1734.7099609375,1738.56005859375,1732.3399658203125,1732.3399658203125,0
2019-05-01,1722.22998046875,1722.22998046875,1740.030029296875,1722.1300048828125,1738.5899658203125,0
2019-05-02,1719.6300048828125,1719.6300048828125,1727.449951171875,1708.739990234375,1722.0699462890625,0
2019-05-03,1737.949951171875,1737.949951171875,1738.3699951171875,1720.719970703125,1720.719970703125,0
2019-05-06,1731.2099609375,1731.2099609375,1735.4599609375,1713.27001953125,1735.4599609375,0
2019-05-07,1701.8299560546875,1701.8299560546875,1729.3699951171875,1689.56005859375,1729.3699951171875,0
2019-05-08,1698.72998046875,1698.72998046875,1709.4100341796875,1696.02001953125,1701.5899658203125,0
2019-05-09,1693.8800048828125,1693.8800048828125,1698.4300537109375,1673.0400390625,1698.4300537109375,0
2019-05-10,1699.780029296875,1699.780029296875,1705.0899658203125,1667.6300048828125,1693.8800048828125,0
2019-05-13,1656.760009765625,1656.760009765625,1699.760009765625,1651.2099609375,1699.760009765625,0
2019-05-15,1680.9100341796875,1680.9100341796875,1684.9599609375,1660.1700439453125,1671.0400390625,0
2019-05-16,1695.5999755859375,1695.5999755859375,1704.760009765625,1680.9100341796875,1680.9100341796875,0
2019-05-17,1683.9300537109375,1683.9300537109375,1699.9100341796875,1682.2900390625,1694.9000244140625,0
2019-05-20,1672.0899658203125,1672.0899658203125,1679.6300048828125,1667.1500244140625,1678.31005859375,0
2019-05-22,1681.550048828125,1681.550048828125,1686.239990234375,1678.5899658203125,1685.72998046875,0
2019-05-23,1659.9000244140625,1659.9000244140625,1674.3699951171875,1650.5899658203125,1674.3699951171875,0
2019-05-24,1663.3599853515625,1663.3599853515625,1671.489990234375,1659.52001953125,1663.5899658203125,0
2019-05-28,1649.75,1649.75,1671.68994140625,1649.5,1664.25,0
2019-05-29,1638.06005859375,1638.06005859375,1649.5999755859375,1628.25,1649.5999755859375,0
2019-05-30,1640.68994140625,1640.68994140625,1647.5999755859375,1633.77001953125,1639.260009765625,0
2019-05-31,1619.719970703125,1619.719970703125,1635.949951171875,1618.0699462890625,1635.949951171875,0
2019-06-03,1616.0799560546875,1616.0799560546875,1626.68994140625,1607.219970703125,1620.02001953125,0
2019-06-05,1664.1199951171875,1664.1199951171875,1664.5799560546875,1649.0699462890625,1655.219970703125,0
2019-06-06,1670.1700439453125,1670.1700439453125,1671.760009765625,1660.8399658203125,1664.8599853515625,0
2019-06-07,1689.4300537109375,1689.4300537109375,1695.8699951171875,1674.4599609375,1674.4599609375,0
2019-06-10,1697.8699951171875,1697.8699951171875,1708.760009765625,1690.4200439453125,1690.4200439453125,0
2019-06-11,1696.6099853515625,1696.6099853515625,1711.5699462890625,1692.2900390625,1698.0400390625,0
2019-06-12,1693.52001953125,1693.52001953125,1697.8900146484375,1690.280029296875,1696.47998046875,0
2019-06-13,1701.4000244140625,1701.4000244140625,1702.6500244140625,1693.5400390625,1693.5400390625,0
2019-06-17,1699.550048828125,1699.550048828125,1703.8900146484375,1697.25,1697.25,0
2019-06-18,1716.469970703125,1716.469970703125,1724.4599609375,1699.5999755859375,1699.5999755859375,0
2019-06-19,1722.0699462890625,1722.0699462890625,1724.7900390625,1713.6300048828125,1717.280029296875,0
2019-06-20,1737.3900146484375,1737.3900146484375,1739.4300537109375,1724.8199462890625,1727.469970703125,0
2019-06-21,1733.449951171875,1733.449951171875,1741.18994140625,1731.280029296875,1736.9200439453125,0
2019-06-24,1728.0799560546875,1728.0799560546875,1735.6199951171875,1727.56005859375,1734.0400390625,0
2019-06-25,1712.1099853515625,1712.1099853515625,1728.8299560546875,1711.5,1728.5,0
2019-06-26,1713.6600341796875,1713.6600341796875,1721.3399658203125,1711.8199462890625,1714.219970703125,0
2019-06-28,1730.9000244140625,1730.9000244140625,1732.0699462890625,1720.8299560546875,1720.8299560546875,0
2019-07-02,1747.0899658203125,1747.0899658203125,1747.1700439453125,1738.3699951171875,1743.530029296875,0
2019-07-03,1760.760009765625,1760.760009765625,1760.760009765625,1748.0,1748.0,0
2019-07-05,1758.530029296875,1758.530029296875,1760.1199951171875,1744.699951171875,1760.010009765625,0
2019-07-08,1749.050048828125,1749.050048828125,1756.5999755859375,1745.9000244140625,1756.5999755859375,0
2019-07-09,1752.0,1752.0,1753.030029296875,1742.5,1747.43994140625,0
2019-07-10,1759.1300048828125,1759.1300048828125,1765.0799560546875,1753.52001953125,1753.52001953125,0
2019-07-11,1761.9200439453125,1761.9200439453125,1763.8599853515625,1755.5,1759.4100341796875,0
2019-07-12,1770.800048828125,1770.800048828125,1771.010009765625,1762.5799560546875,1762.5799560546875,0
2019-07-15,1770.4200439453125,1770.4200439453125,1773.25,1767.239990234375,1771.449951171875,0
2019-07-17,1754.0,1754.0,1765.4000244140625,1753.9200439453125,1765.1199951171875,0
2019-07-18,1760.1600341796875,1760.1600341796875,1762.030029296875,1747.75,1753.6199951171875,0
2019-07-19,1749.489990234375,1749.489990234375,1766.3900146484375,1749.25,1762.81005859375,0
2019-07-22,1753.6600341796875,1753.6600341796875,1756.8399658203125,1749.6500244140625,1751.719970703125,0
2019-07-23,1765.6099853515625,1765.6099853515625,1765.7099609375,1755.31005859375,1755.31005859375,0
2019-07-24,1776.4300537109375,1776.4300537109375,1776.4300537109375,1761.0999755859375,1764.9599609375,0
2019-07-25,1765.5699462890625,1765.5699462890625,1776.219970703125,1762.7099609375,1776.219970703125,0
2019-07-26,1779.47998046875,1779.47998046875,1780.81005859375,1765.3399658203125,1765.3399658203125,0
2019-07-29,1775.280029296875,1775.280029296875,1779.5799560546875,1771.050048828125,1779.5799560546875,0
2019-07-30,1773.0400390625,1773.0400390625,1774.81005859375,1763.93994140625,1774.0999755859375,0
2019-07-31,1754.6500244140625,1754.6500244140625,1776.4200439453125,1742.72998046875,1772.969970703125,0
2019-08-01,1737.489990234375,1737.489990234375,1773.0999755859375,1732.81005859375,1754.3599853515625,0
2019-08-02,1723.31005859375,1723.31005859375,1737.3599853515625,1712.699951171875,1737.3599853515625,0
2019-08-05,1671.77001953125,1671.77001953125,1721.6400146484375,1658.199951171875,1721.6400146484375,0
2019-08-06,1693.3599853515625,1693.3599853515625,1694.68994140625,1672.199951171875,1672.199951171875,0
2019-08-07,1695.0999755859375,1695.0999755859375,1699.5699462890625,1662.030029296875,1692.9200439453125,0
2019-08-08,1727.6800537109375,1727.6800537109375,1728.1099853515625,1696.47998046875,1696.47998046875,0
2019-08-09,1714.969970703125,1714.969970703125,1726.4200439453125,1705.469970703125,1726.4200439453125,0
2019-08-12,1694.510009765625,1694.510009765625,1714.6099853515625,1694.510009765625,1714.6099853515625,0
2019-08-14,1667.5799560546875,1667.5799560546875,1716.8599853515625,1667.18994140625,1716.8599853515625,0
2019-08-15,1670.52001953125,1670.52001953125,1675.8199462890625,1658.6600341796875,1667.68994140625,0
2019-08-16,1695.9200439453125,1695.9200439453125,1698.530029296875,1671.3399658203125,1671.3399658203125,0
2019-08-19,1715.4599609375,1715.4599609375,1719.8599853515625,1698.949951171875,1698.949951171875,0
2019-08-20,1702.469970703125,1702.469970703125,1715.3599853515625,1702.010009765625,1715.3599853515625,0
2019-08-21,1716.56005859375,1716.56005859375,1718.9000244140625,1703.010009765625,1703.010009765625,0
2019-08-22,1715.4100341796875,1715.4100341796875,1724.5899658203125,1705.25,1717.030029296875,0
2019-08-23,1670.739990234375,1670.739990234375,1717.4300537109375,1664.43994140625,1714.2900390625,0
2019-08-26,1688.43994140625,1688.43994140625,1688.9200439453125,1671.56005859375,1671.56005859375,0
2019-08-27,1681.1700439453125,1681.1700439453125,1700.010009765625,1676.6700439453125,1690.969970703125,0
2019-08-28,1692.3699951171875,1692.3699951171875,1693.6500244140625,1672.6199951171875,1681.1199951171875,0
2019-08-29,1714.4300537109375,1714.4300537109375,1717.7099609375,1697.050048828125,1697.050048828125,0
2019-08-30,1715.239990234375,1715.239990234375,1723.3499755859375,1707.4000244140625,1716.2900390625,0
2019-09-03,1701.97998046875,1701.97998046875,1714.47998046875,1695.18994140625,1714.47998046875,0
2019-09-04,1720.1199951171875,1720.1199951171875,1720.5899658203125,1704.1199951171875,1704.1199951171875,0
2019-09-05,1742.9000244140625,1742.9000244140625,1748.4000244140625,1724.3900146484375,1724.3900146484375,0
2019-09-06,1743.6099853515625,1743.6099853515625,1748.06005859375,1741.1500244140625,1743.56005859375,0
2019-09-09,1744.3800048828125,1744.3800048828125,1749.1199951171875,1738.510009765625,1745.219970703125,0
2019-09-10,1741.9100341796875,1741.9100341796875,1743.8399658203125,1731.8399658203125,1743.5,0
2019-09-11,1761.06005859375,1761.06005859375,1761.0699462890625,1744.489990234375,1746.449951171875,0
2019-09-12,1765.3199462890625,1765.3199462890625,1771.3399658203125,1759.9000244140625,1761.1600341796875,0
2019-09-13,1763.9000244140625,1763.9000244140625,1770.3199462890625,1761.550048828125,1765.7900390625,0
2019-09-16,1760.699951171875,1760.699951171875,1762.469970703125,1755.1099853515625,1760.47998046875,0
2019-09-17,1764.5,1764.5,1764.72998046875,1757.68994140625,1760.3699951171875,0
2019-09-18,1763.780029296875,1763.780029296875,1764.219970703125,1747.760009765625,1763.2900390625,0
2019-09-19,1763.280029296875,1763.280029296875,1773.0999755859375,1761.4000244140625,1764.7900390625,0
2019-09-20,1755.31005859375,1755.31005859375,1768.5999755859375,1751.22998046875,1763.3599853515625,0
2019-09-23,1755.2099609375,1755.2099609375,1758.719970703125,1749.2099609375,1753.3199462890625,0
2019-09-24,1738.6800537109375,1738.6800537109375,1763.9000244140625,1733.93994140625,1757.52001953125,0
2019-09-25,1750.18994140625,1750.18994140625,1752.969970703125,1731.5,1738.77001953125,0
2019-09-26,1744.530029296875,1744.530029296875,1750.530029296875,1737.050048828125,1750.530029296875,0
2019-09-27,1734.0,1734.0,1749.510009765625,1725.0899658203125,1745.5,0
2019-09-30,1742.699951171875,1742.699951171875,1746.6400146484375,1736.1199951171875,1736.1199951171875,0
2019-10-01,1720.1199951171875,1720.1199951171875,1752.1600341796875,1719.3299560546875,1743.1400146484375,0
2019-10-02,1691.050048828125,1691.050048828125,1719.9599609375,1683.280029296875,1719.9599609375,0
2019-10-03,1704.489990234375,1704.489990234375,1704.7099609375,1672.6099853515625,1689.969970703125,0
2019-10-04,1727.8699951171875,1727.8699951171875,1728.5999755859375,1706.030029296875,1706.030029296875,0
2019-10-07,1720.8499755859375,1720.8499755859375,1732.449951171875,1718.68994140625,1726.31005859375,0
2019-10-08,1693.280029296875,1693.280029296875,1719.6099853515625,1693.18994140625,1719.6099853515625,0
2019-10-09,1708.219970703125,1708.219970703125,1713.8599853515625,1698.6500244140625,1698.6500244140625,0
2019-10-10,1718.3699951171875,1718.3699951171875,1724.300048828125,1707.4200439453125,1708.4599609375,0
2019-10-11,1738.6199951171875,1738.6199951171875,1751.75,1720.02001953125,1720.02001953125,0
2019-10-14,1735.8199462890625,1735.8199462890625,1739.0999755859375,1733.9200439453125,1736.5400390625,0
2019-10-15,1752.9599609375,1752.9599609375,1757.27001953125,1738.780029296875,1738.780029296875,0
2019-10-16,1748.9000244140625,1748.9000244140625,1753.469970703125,1746.2900390625,1751.530029296875,0
2019-10-17,1755.1500244140625,1755.1500244140625,1760.22998046875,1751.6500244140625,1754.0999755859375,0
2019-10-18,1748.0699462890625,1748.0699462890625,1755.510009765625,1741.52001953125,1754.72998046875,0
2019-10-21,1759.739990234375,1759.739990234375,1760.3699951171875,1750.780029296875,1750.780029296875,0
2019-10-22,1753.8499755859375,1753.8499755859375,1764.27001953125,1753.4200439453125,1760.800048828125,0
2019-10-23,1758.3900146484375,1758.3900146484375,1758.489990234375,1750.8499755859375,1752.3299560546875,0
2019-10-24,1759.1300048828125,1759.1300048828125,1765.8900146484375,1756.5999755859375,1763.760009765625,0
2019-10-25,1770.3199462890625,1770.3199462890625,1773.1700439453125,1758.81005859375,1759.010009765625,0
2019-10-28,1780.6500244140625,1780.6500244140625,1783.5999755859375,1773.6700439453125,1773.6700439453125,0
2019-10-29,1779.6199951171875,1779.6199951171875,1785.260009765625,1777.5799560546875,1779.6300048828125,0
2019-10-30,1784.6300048828125,1784.6300048828125,1786.25,1773.93994140625,1780.219970703125,0
2019-10-31,1778.199951171875,1778.199951171875,1784.1500244140625,1769.8299560546875,1784.1099853515625,0
2019-11-01,1796.77001953125,1796.77001953125,1796.77001953125,1784.3499755859375,1784.3499755859375,0
2019-11-04,1803.43994140625,1803.43994140625,1807.25,1801.4599609375,1802.1500244140625,0
2019-11-05,1801.510009765625,1801.510009765625,1807.5,1800.3399658203125,1803.8399658203125,0
2019-11-06,1801.3499755859375,1801.3499755859375,1801.8499755859375,1795.6300048828125,1801.52001953125,0
2019-11-07,1806.3199462890625,1806.3199462890625,1813.6700439453125,1803.489990234375,1806.0799560546875,0
2019-11-08,1811.449951171875,1811.449951171875,1811.449951171875,1800.0899658203125,1804.9200439453125,0
2019-11-11,1808.47998046875,1808.47998046875,1809.0999755859375,1801.4000244140625,1806.6800537109375,0
2019-11-12,1811.050048828125,1811.050048828125,1817.6099853515625,1807.489990234375,1809.4200439453125,0
2019-11-13,1811.760009765625,1811.760009765625,1814.1700439453125,1803.3199462890625,1807.260009765625,0
2019-11-14,1813.4000244140625,1813.4000244140625,1814.219970703125,1806.5899658203125,1809.5699462890625,0
2019-11-15,1827.1099853515625,1827.1099853515625,1827.1099853515625,1816.5699462890625,1816.5699462890625,0
2019-11-18,1827.7099609375,1827.7099609375,1828.9100341796875,1822.199951171875,1825.9000244140625,0
2019-11-19,1827.8900146484375,1827.8900146484375,1831.3199462890625,1823.510009765625,1829.469970703125,0
2019-11-20,1821.75,1821.75,1828.219970703125,1811.780029296875,1825.1500244140625,0
2019-11-21,1817.8800048828125,1817.8800048828125,1822.5,1813.6800537109375,1822.1300048828125,0
2019-11-22,1821.989990234375,1821.989990234375,1823.25,1815.5,1820.739990234375,0
2019-11-25,1837.9200439453125,1837.9200439453125,1838.030029296875,1825.56005859375,1825.56005859375,0
2019-11-27,1850.219970703125,1850.219970703125,1850.4599609375,1844.1800537109375,1844.1800537109375,0
2019-11-29,1842.050048828125,1842.050048828125,1847.969970703125,1841.22998046875,1847.9000244140625,0
2019-12-02,1825.530029296875,1825.530029296875,1843.9100341796875,1824.239990234375,1842.989990234375,0
2019-12-03,1814.4100341796875,1814.4100341796875,1822.780029296875,1800.8900146484375,1822.780029296875,0
2019-12-04,1825.47998046875,1825.47998046875,1829.489990234375,1817.6300048828125,1817.6300048828125,0
2019-12-05,1827.760009765625,1827.760009765625,1829.239990234375,1820.52001953125,1827.510009765625,0
2019-12-06,1844.43994140625,1844.43994140625,1847.3699951171875,1831.02001953125,1831.02001953125,0
2019-12-09,1838.5699462890625,1838.5699462890625,1845.93994140625,1838.56005859375,1842.4300537109375,0
2019-12-10,1836.72998046875,1836.72998046875,1841.8699951171875,1833.68994140625,1838.5799560546875,0
2019-12-11,1841.25,1841.25,1842.510009765625,1836.489990234375,1838.25,0
2019-12-12,1856.280029296875,1856.280029296875,1861.06005859375,1839.43994140625,1840.9100341796875,0
2019-12-13,1855.75,1855.75,1864.300048828125,1848.780029296875,1855.6199951171875,0
2019-12-16,1869.31005859375,1869.31005859375,1873.47998046875,1862.780029296875,1862.780029296875,0
2019-12-17,1870.47998046875,1870.47998046875,1873.02001953125,1868.9200439453125,1869.9599609375,0
2019-12-18,1870.2900390625,1870.2900390625,1873.949951171875,1869.81005859375,1872.02001953125,0
2019-12-19,1878.6500244140625,1878.6500244140625,1878.6600341796875,1871.0699462890625,1871.0699462890625,0
2019-12-20,1887.8199462890625,1887.8199462890625,1889.9200439453125,1881.6199951171875,1882.0799560546875,0
2019-12-23,1889.469970703125,1889.469970703125,1891.4599609375,1888.550048828125,1889.489990234375,0
2019-12-24,1889.6300048828125,1889.6300048828125,1890.97998046875,1887.780029296875,1890.47998046875,0
2019-12-26,1898.239990234375,1898.239990234375,1898.3299560546875,1892.1300048828125,1892.1300048828125,0
2019-12-27,1897.239990234375,1897.239990234375,1903.050048828125,1894.1099853515625,1901.510009765625,0
2019-12-30,1886.6600341796875,1886.6600341796875,1897.6099853515625,1883.6099853515625,1897.25,0
2019-12-31,1892.25,1892.25,1892.719970703125,1881.449951171875,1882.8499755859375,0
2020-01-02,1906.5,1906.5,1906.6500244140625,1893.5400390625,1898.469970703125,0
2020-01-03,1894.530029296875,1894.530029296875,1900.4599609375,1889.489990234375,1898.0899658203125,0
2020-01-06,1900.9000244140625,1900.9000244140625,1900.989990234375,1883.300048828125,1885.3900146484375,0
2020-01-07,1896.010009765625,1896.010009765625,1900.219970703125,1893.1500244140625,1899.050048828125,0
2020-01-08,1905.02001953125,1905.02001953125,1912.8900146484375,1895.989990234375,1896.8800048828125,0
2020-01-09,1916.7099609375,1916.7099609375,1917.4599609375,1910.8199462890625,1912.510009765625,0
2020-01-10,1911.280029296875,1911.280029296875,1921.260009765625,1908.81005859375,1918.3399658203125,0
2020-01-13,1925.219970703125,1925.219970703125,1925.219970703125,1912.7900390625,1913.93994140625,0
2020-01-14,1923.6300048828125,1923.6300048828125,1930.449951171875,1919.8699951171875,1924.300048828125,0
2020-01-15,1927.3299560546875,1927.3299560546875,1933.2900390625,1922.3800048828125,1923.489990234375,0
2020-01-16,1944.239990234375,1944.239990234375,1944.3699951171875,1934.31005859375,1934.31005859375,0
2020-01-17,1949.8699951171875,1949.8699951171875,1949.9599609375,1944.5699462890625,1947.4599609375,0
2020-01-21,1944.3299560546875,1944.3299560546875,1949.72998046875,1942.1300048828125,1946.93994140625,0
2020-01-22,1945.0400390625,1945.0400390625,1954.6700439453125,1943.989990234375,1949.199951171875,0
2020-01-23,1947.1300048828125,1947.1300048828125,1948.1800537109375,1933.0400390625,1942.280029296875,0
2020-01-24,1929.1199951171875,1929.1199951171875,1952.0999755859375,1920.780029296875,1949.489990234375,0
2020-01-27,1899.6199951171875,1899.6199951171875,1928.1099853515625,1897.780029296875,1928.1099853515625,0
2020-01-28,1918.6600341796875,1918.6600341796875,1923.8399658203125,1904.0999755859375,1904.0999755859375,0
2020-01-29,1916.530029296875,1916.530029296875,1927.81005859375,1915.97998046875,1922.6199951171875,0
2020-01-30,1922.25,1922.25,1923.2900390625,1899.1600341796875,1909.8800048828125,0
2020-01-31,1888.030029296875,1888.030029296875,1922.8499755859375,1882.02001953125,1922.8499755859375,0
2020-02-03,1903.6300048828125,1903.6300048828125,1913.489990234375,1893.72998046875,1893.72998046875,0
2020-02-04,1933.0799560546875,1933.0799560546875,1938.8299560546875,1915.8199462890625,1915.8199462890625,0
2020-02-05,1952.6700439453125,1952.6700439453125,1954.219970703125,1941.0,1944.010009765625,0
2020-02-06,1957.77001953125,1957.77001953125,1959.6300048828125,1952.6700439453125,1954.8800048828125,0
2020-02-07,1946.3499755859375,1946.3499755859375,1954.22998046875,1943.1400146484375,1953.7099609375,0
2020-02-10,1960.489990234375,1960.489990234375,1960.5,1942.1400146484375,1944.18994140625,0
2020-02-11,1965.1800537109375,1965.1800537109375,1975.1199951171875,1962.56005859375,1966.3399658203125,0
2020-02-12,1977.989990234375,1977.989990234375,1979.030029296875,1969.9200439453125,1969.9200439453125,0
2020-02-13,1976.219970703125,1976.219970703125,1982.0899658203125,1967.449951171875,1972.8299560546875,0
2020-02-14,1979.52001953125,1979.52001953125,1980.1300048828125,1972.030029296875,1978.0699462890625,0
2020-02-18,1974.6700439453125,1974.6700439453125,1977.1199951171875,1965.8599853515625,1976.3699951171875,0
2020-02-19,1984.260009765625,1984.260009765625,1988.760009765625,1976.6099853515625,1976.6099853515625,0
2020-02-20,1978.550048828125,1978.550048828125,1987.0899658203125,1959.6800537109375,1981.8199462890625,0
2020-02-21,1957.6400146484375,1957.6400146484375,1974.5799560546875,1952.6400146484375,1974.5799560546875,0
2020-02-24,1893.0,1893.0,1951.280029296875,1885.8599853515625,1951.280029296875,0
2020-02-25,1834.5899658203125,1834.5899658203125,1904.0,1829.5699462890625,1898.25,0
2020-02-26,1824.739990234375,1824.739990234375,1864.280029296875,1821.0899658203125,1834.8599853515625,0
2020-02-27,1745.7099609375,1745.7099609375,1820.8199462890625,1745.0799560546875,1820.8199462890625,0
2020-02-28,1730.31005859375,1730.31005859375,1745.3199462890625,1674.6600341796875,1745.3199462890625,0
2020-03-02,1805.7099609375,1805.7099609375,1806.0799560546875,1723.8399658203125,1731.0799560546875,0
2020-03-03,1756.9599609375,1756.9599609375,1831.3900146484375,1741.3399658203125,1805.6500244140625,0
2020-03-04,1828.1300048828125,1828.1300048828125,1828.489990234375,1771.8199462890625,1771.8199462890625,0
2020-03-05,1766.3699951171875,1766.3699951171875,1821.68994140625,1752.1400146484375,1821.68994140625,0
2020-03-06,1735.010009765625,1735.010009765625,1764.72998046875,1694.4000244140625,1764.72998046875,0
2020-03-09,1598.8499755859375,1598.8499755859375,1690.3399658203125,1592.780029296875,1690.3399658203125,0
2020-03-10,1674.5699462890625,1674.5699462890625,1674.6800537109375,1589.6199951171875,1615.3800048828125,0
2020-03-11,1589.489990234375,1589.489990234375,1672.3199462890625,1570.0799560546875,1672.3199462890625,0
2020-03-12,1435.93994140625,1435.93994140625,1583.969970703125,1435.31005859375,1583.969970703125,0
2020-03-13,1564.7099609375,1564.7099609375,1564.7099609375,1439.0899658203125,1456.050048828125,0
2020-03-16,1371.969970703125,1371.969970703125,1554.25,1369.239990234375,1554.25,0
2020-03-17,1451.4100341796875,1451.4100341796875,1464.75,1357.6700439453125,1377.93994140625,0
2020-03-18,1366.6199951171875,1366.6199951171875,1405.1099853515625,1301.7099609375,1404.1400146484375,0
2020-03-19,1382.8399658203125,1382.8399658203125,1412.6199951171875,1323.760009765625,1364.06005859375,0
2020-03-20,1324.800048828125,1324.800048828125,1411.3199462890625,1320.1700439453125,1389.52001953125,0
2020-03-23,1288.0400390625,1288.0400390625,1324.260009765625,1259.72998046875,1324.260009765625,0
2020-03-24,1409.8800048828125,1409.8800048828125,1410.72998046875,1335.9100341796875,1335.9100341796875,0
2020-03-25,1429.25,1429.25,1483.8499755859375,1388.969970703125,1413.4599609375,0
2020-03-26,1517.5699462890625,1517.5699462890625,1520.8599853515625,1434.260009765625,1434.260009765625,0
2020-03-27,1466.3599853515625,1466.3599853515625,1507.6800537109375,1453.510009765625,1505.52001953125,0
2020-03-30,1512.3900146484375,1512.3900146484375,1514.8399658203125,1465.8599853515625,1469.8599853515625,0
2020-03-31,1489.5699462890625,1489.5699462890625,1520.31005859375,1480.050048828125,1509.5799560546875,0
2020-04-01,1420.27001953125,1420.27001953125,1464.52001953125,1407.6300048828125,1464.52001953125,0
2020-04-02,1449.52001953125,1449.52001953125,1455.6800537109375,1411.260009765625,1419.699951171875,0
2020-04-03,1425.0699462890625,1425.0699462890625,1454.5899658203125,1409.0,1447.989990234375,0
2020-04-06,1527.2099609375,1527.2099609375,1533.8699951171875,1460.3699951171875,1460.3699951171875,0
2020-04-07,1526.5400390625,1526.5400390625,1580.6800537109375,1525.5799560546875,1539.3299560546875,0
2020-04-08,1581.1300048828125,1581.1300048828125,1586.760009765625,1530.06005859375,1532.56005859375,0
2020-04-09,1609.0699462890625,1609.0699462890625,1624.9300537109375,1592.22998046875,1592.6400146484375,0
2020-04-13,1590.3199462890625,1590.3199462890625,1602.9100341796875,1567.4599609375,1602.9100341796875,0
2020-04-14,1637.8299560546875,1637.8299560546875,1639.969970703125,1602.260009765625,1602.260009765625,0
2020-04-15,1599.47998046875,1599.47998046875,1630.02001953125,1587.52001953125,1630.02001953125,0
2020-04-16,1607.030029296875,1607.030029296875,1610.5799560546875,1586.97998046875,1604.719970703125,0
2020-04-17,1653.1600341796875,1653.1600341796875,1655.719970703125,1614.5,1614.5,0
2020-04-20,1625.0699462890625,1625.0699462890625,1650.72998046875,1622.97998046875,1648.8499755859375,0
2020-04-21,1575.5,1575.5,1611.6500244140625,1569.3800048828125,1611.6500244140625,0
2020-04-22,1610.5400390625,1610.5400390625,1618.3699951171875,1597.6800537109375,1597.719970703125,0
2020-04-23,1611.4599609375,1611.4599609375,1637.9599609375,1609.72998046875,1613.3599853515625,0
2020-04-24,1634.1199951171875,1634.1199951171875,1637.72998046875,1608.1099853515625,1613.22998046875,0
2020-04-27,1663.3499755859375,1663.3499755859375,1668.719970703125,1640.25,1640.25,0
2020-04-28,1657.1700439453125,1657.1700439453125,1689.780029296875,1654.9200439453125,1674.0699462890625,0
2020-04-29,1705.3199462890625,1705.3199462890625,1713.9200439453125,1662.6700439453125,1662.6700439453125,0
2020-04-30,1684.949951171875,1684.949951171875,1703.800048828125,1675.719970703125,1703.800048828125,0
2020-05-01,1635.5899658203125,1635.5899658203125,1656.77001953125,1629.260009765625,1654.739990234375,0
2020-05-04,1643.199951171875,1643.199951171875,1643.5799560546875,1615.8599853515625,1633.77001953125,0
2020-05-05,1658.6099853515625,1658.6099853515625,1676.93994140625,1647.56005859375,1647.56005859375,0
2020-05-06,1647.9200439453125,1647.9200439453125,1671.81005859375,1647.8499755859375,1663.5400390625,0
2020-05-07,1669.0899658203125,1669.0899658203125,1680.739990234375,1652.06005859375,1652.06005859375,0
2020-05-08,1700.52001953125,1700.52001953125,1701.1500244140625,1674.3699951171875,1674.3699951171875,0
2020-05-11,1700.030029296875,1700.030029296875,1708.8800048828125,1684.43994140625,1693.3199462890625,0
2020-05-12,1662.81005859375,1662.81005859375,1708.739990234375,1662.550048828125,1701.719970703125,0
2020-05-13,1630.3699951171875,1630.3699951171875,1663.0400390625,1614.9599609375,1662.6600341796875,0
2020-05-14,1648.6099853515625,1648.6099853515625,1648.72998046875,1596.0899658203125,1628.5400390625,0
2020-05-15,1656.81005859375,1656.81005859375,1657.510009765625,1628.719970703125,1646.969970703125,0
2020-05-18,1713.0699462890625,1713.0699462890625,1720.8599853515625,1685.2900390625,1685.2900390625,0
2020-05-19,1694.8900146484375,1694.8900146484375,1720.219970703125,1694.5899658203125,1711.7900390625,0
2020-05-20,1724.969970703125,1724.969970703125,1730.0699462890625,1705.56005859375,1705.56005859375,0
2020-05-21,1713.72998046875,1713.72998046875,1729.0799560546875,1706.1600341796875,1723.4000244140625,0
2020-05-22,1718.6600341796875,1718.6600341796875,1719.3199462890625,1705.449951171875,1713.77001953125,0
2020-05-27,1770.1600341796875,1770.1600341796875,1770.1600341796875,1728.6300048828125,1743.949951171875,0
2020-05-28,1763.219970703125,1763.219970703125,1786.989990234375,1759.43994140625,1768.9100341796875,0
2020-05-29,1771.3699951171875,1771.3699951171875,1773.8499755859375,1745.81005859375,1763.699951171875,0
2020-06-01,1780.52001953125,1780.52001953125,1785.1800537109375,1765.4200439453125,1770.5799560546875,0
2020-06-02,1795.25,1795.25,1795.4599609375,1778.2099609375,1781.6600341796875,0
2020-06-03,1822.1800537109375,1822.1800537109375,1826.510009765625,1798.050048828125,1798.050048828125,0
2020-06-04,1816.0899658203125,1816.0899658203125,1825.4100341796875,1803.1400146484375,1820.5999755859375,0
2020-06-05,1864.219970703125,1864.219970703125,1875.9200439453125,1818.719970703125,1818.719970703125,0
2020-06-08,1889.6700439453125,1889.6700439453125,1889.8299560546875,1864.050048828125,1864.050048828125,0
2020-06-09,1871.6700439453125,1871.6700439453125,1888.3900146484375,1863.3299560546875,1888.3900146484375,0
2020-06-10,1858.5400390625,1858.5400390625,1878.5400390625,1853.3199462890625,1873.4000244140625,0
2020-06-11,1746.699951171875,1746.699951171875,1855.4100341796875,1745.530029296875,1855.4100341796875,0
2020-06-12,1771.06005859375,1771.06005859375,1798.9200439453125,1736.6400146484375,1750.47998046875,0
2020-06-16,1822.949951171875,1822.949951171875,1840.1099853515625,1795.800048828125,1796.1500244140625,0
2020-06-17,1814.9100341796875,1814.9100341796875,1831.1600341796875,1812.030029296875,1824.780029296875,0
2020-06-18,1812.260009765625,1812.260009765625,1819.8699951171875,1803.760009765625,1814.199951171875,0
2020-06-19,1806.3900146484375,1806.3900146484375,1837.7099609375,1798.06005859375,1818.06005859375,0
2020-06-22,1818.3399658203125,1818.3399658203125,1819.8800048828125,1795.1600341796875,1806.3399658203125,0
2020-06-23,1825.6500244140625,1825.6500244140625,1838.969970703125,1819.800048828125,1819.800048828125,0
2020-06-24,1776.5699462890625,1776.5699462890625,1824.6500244140625,1765.510009765625,1824.6500244140625,0
2020-06-25,1797.52001953125,1797.52001953125,1798.8299560546875,1761.449951171875,1776.3800048828125,0
2020-06-26,1754.8699951171875,1754.8699951171875,1796.0799560546875,1752.760009765625,1796.0799560546875,0
2020-06-29,1781.489990234375,1781.489990234375,1781.8900146484375,1749.31005859375,1756.4599609375,0
2020-06-30,1809.25,1809.25,1815.18994140625,1778.56005859375,1781.22998046875,0
2020-07-01,1817.4200439453125,1817.4200439453125,1824.8199462890625,1809.02001953125,1810.8699951171875,0
2020-07-02,1825.969970703125,1825.969970703125,1847.6199951171875,1820.9200439453125,1820.9200439453125,4910900
2020-07-06,1854.4599609375,1854.4599609375,1857.8800048828125,1827.719970703125,1827.719970703125,0
2020-07-07,1833.989990234375,1833.989990234375,1857.5799560546875,1832.8399658203125,1854.3399658203125,0
2020-07-08,1849.550048828125,1849.550048828125,1850.5799560546875,1829.47998046875,1835.010009765625,0
2020-07-09,1838.0899658203125,1838.0899658203125,1854.9100341796875,1816.780029296875,1850.030029296875,0
2020-07-10,1858.0999755859375,1858.0999755859375,1858.9300537109375,1829.4300537109375,1837.93994140625,0
2020-07-13,1836.8499755859375,1836.8499755859375,1887.760009765625,1833.9599609375,1863.739990234375,0
2020-07-14,1861.800048828125,1861.800048828125,1863.18994140625,1821.02001953125,1835.1700439453125,0
2020-07-15,1883.6500244140625,1883.6500244140625,1888.3599853515625,1863.52001953125,1863.52001953125,0
2020-07-16,1876.1700439453125,1876.1700439453125,1878.81005859375,1866.4200439453125,1877.0,0
2020-07-17,1882.5799560546875,1882.5799560546875,1887.25,1870.949951171875,1876.93994140625,0
2020-07-20,1899.030029296875,1899.030029296875,1902.43994140625,1878.31005859375,1882.81005859375,0
2020-07-21,1902.5,1902.5,1914.75,1897.4100341796875,1901.3199462890625,0
2020-07-22,1913.3199462890625,1913.3199462890625,1914.8299560546875,1901.0899658203125,1902.1400146484375,0
2020-07-23,1891.1300048828125,1891.1300048828125,1917.239990234375,1882.6600341796875,1913.2900390625,0
2020-07-24,1877.0400390625,1877.0400390625,1889.699951171875,1868.5400390625,1889.699951171875,0
2020-07-27,1893.0999755859375,1893.0999755859375,1893.8800048828125,1877.1300048828125,1877.5899658203125,0
2020-07-28,1879.6700439453125,1879.6700439453125,1895.1700439453125,1878.6300048828125,1892.81005859375,0
2020-07-29,1905.6300048828125,1905.6300048828125,1908.8699951171875,1881.0,1881.0,0
2020-07-30,1899.1700439453125,1899.1700439453125,1904.739990234375,1874.68994140625,1904.739990234375,0
2020-07-31,1909.8900146484375,1909.8900146484375,1911.4000244140625,1880.6800537109375,1902.0899658203125,0
2020-08-03,1926.550048828125,1926.550048828125,1930.81005859375,1917.739990234375,1917.739990234375,0
2020-08-04,1933.719970703125,1933.719970703125,1933.9000244140625,1921.97998046875,1926.699951171875,0
2020-08-05,1948.25,1948.25,1949.31005859375,1935.449951171875,1935.449951171875,0
2020-08-06,1958.0400390625,1958.0400390625,1959.1800537109375,1942.030029296875,1947.949951171875,0
2020-08-07,1959.47998046875,1959.47998046875,1960.4100341796875,1945.449951171875,1955.3900146484375,0
2020-08-10,1963.8800048828125,1963.8800048828125,1965.75,1950.5999755859375,1960.81005859375,0
2020-08-11,1948.2900390625,1948.2900390625,1976.6199951171875,1944.3199462890625,1964.260009765625,0
2020-08-12,1974.47998046875,1974.47998046875,1978.3399658203125,1950.25,1950.25,0
2020-08-13,1972.22998046875,1972.22998046875,1980.780029296875,1966.68994140625,1973.260009765625,0
2020-08-14,1971.3399658203125,1971.3399658203125,1975.0799560546875,1965.4599609375,1971.6400146484375,0
2020-08-17,1979.6300048828125,1979.6300048828125,1981.52001953125,1972.9100341796875,1972.9100341796875,0
2020-08-18,1982.489990234375,1982.489990234375,1986.199951171875,1971.8900146484375,1981.3399658203125,0
2020-08-19,1973.8900146484375,1973.8900146484375,1988.3299560546875,1971.1400146484375,1983.0799560546875,0
2020-08-20,1980.2900390625,1980.2900390625,1983.43994140625,1961.949951171875,1972.1800537109375,0
2020-08-21,1984.989990234375,1984.989990234375,1986.52001953125,1976.9300537109375,1980.1500244140625,0
2020-08-24,2003.6700439453125,2003.6700439453125,2004.0,1991.2900390625,1991.2900390625,0
2020-08-25,2010.6199951171875,2010.6199951171875,2010.949951171875,1999.5899658203125,2005.3399658203125,0
2020-08-26,2029.4200439453125,2029.4200439453125,2031.030029296875,2010.739990234375,2011.31005859375,0
2020-08-27,2033.8399658203125,2033.8399658203125,2043.510009765625,2024.030029296875,2029.93994140625,0
2020-08-28,2047.81005859375,2047.81005859375,2048.31005859375,2035.3299560546875,2039.6800537109375,0
2020-08-31,2045.010009765625,2045.010009765625,2053.3701171875,2039.969970703125,2047.7099609375,0
2020-09-01,2062.43994140625,2062.43994140625,2062.93994140625,2042.300048828125,2045.4000244140625,0
2020-09-02,2089.830078125,2089.830078125,2093.510009765625,2062.14990234375,2062.760009765625,0
2020-09-03,2014.8499755859375,2014.8499755859375,2093.510009765625,1999.6600341796875,2062.760009765625,0
2020-09-04,1997.8800048828125,1997.8800048828125,2029.1300048828125,1950.6800537109375,2014.260009765625,5673400
2020-09-08,1940.989990234375,1940.989990234375,1994.1400146484375,1939.7900390625,1994.1400146484375,0
2020-09-09,1980.1500244140625,1980.1500244140625,1993.760009765625,1943.72998046875,1943.72998046875,4975100
2020-09-10,1947.5400390625,1947.5400390625,1997.9100341796875,1942.5,1980.300048828125,0
2020-09-11,1946.97998046875,1946.97998046875,1963.550048828125,1929.3900146484375,1949.5400390625,0
2020-09-14,1977.219970703125,1977.219970703125,1984.260009765625,1947.7900390625,1947.7900390625,0
2020-09-15,1988.4100341796875,1988.4100341796875,1998.47998046875,1979.510009765625,1979.510009765625,0
2020-09-16,1981.530029296875,1981.530029296875,2006.6600341796875,1980.97998046875,1989.8699951171875,0
2020-09-17,1964.5999755859375,1964.5999755859375,1977.3299560546875,1948.030029296875,1977.3299560546875,0
2020-09-18,1945.719970703125,1945.719970703125,1969.4200439453125,1929.030029296875,1965.550048828125,0
2020-09-21,1922.2900390625,1922.2900390625,1943.0400390625,1890.75,1943.0400390625,0
2020-09-22,1941.2099609375,1941.2099609375,1943.81005859375,1915.239990234375,1924.0899658203125,0
2020-09-23,1893.6800537109375,1893.6800537109375,1945.199951171875,1891.7900390625,1941.0799560546875,0
2020-09-24,1897.8399658203125,1897.8399658203125,1917.5799560546875,1875.06005859375,1893.18994140625,0
2020-09-25,1929.699951171875,1929.699951171875,1934.31005859375,1890.7099609375,1897.8800048828125,0
2020-09-28,1962.1600341796875,1962.1600341796875,1967.0899658203125,1932.0899658203125,1932.0899658203125,0
2020-09-29,1953.050048828125,1953.050048828125,1965.6600341796875,1948.81005859375,1962.06005859375,0
2020-09-30,1968.0899658203125,1968.0899658203125,1985.6099853515625,1952.8499755859375,1952.8499755859375,0
2020-10-01,1982.8399658203125,1982.8399658203125,1988.449951171875,1969.3699951171875,1969.3699951171875,0
2020-10-02,1966.3699951171875,1966.3699951171875,1978.3900146484375,1949.489990234375,1978.3900146484375,0
2020-10-05,2003.3199462890625,2003.3199462890625,2003.4300537109375,1968.5999755859375,1968.5999755859375,0
2020-10-06,1978.300048828125,1978.300048828125,2020.010009765625,1975.0799560546875,2002.8599853515625,0
2020-10-07,2013.43994140625,2013.43994140625,2017.199951171875,1980.75,1980.75,0
2020-10-08,2029.8900146484375,2029.8900146484375,2030.030029296875,2015.699951171875,2015.699951171875,0
2020-10-09,2047.3599853515625,2047.3599853515625,2050.530029296875,2031.469970703125,2031.469970703125,0
2020-10-12,2077.679931640625,2077.679931640625,2085.610107421875,2056.340087890625,2056.340087890625,0
2020-10-13,2066.5400390625,2066.5400390625,2078.239990234375,2061.050048828125,2078.239990234375,0
2020-10-14,2053.25,2053.25,2076.570068359375,2049.179931640625,2067.0,0
2020-10-15,2051.989990234375,2051.989990234375,2055.159912109375,2026.31005859375,2051.27001953125,0
2020-10-16,2051.06005859375,2051.06005859375,2069.110107421875,2049.8701171875,2052.60009765625,0
2020-10-19,2019.510009765625,2019.510009765625,2062.760009765625,2016.050048828125,2053.739990234375,0
2020-10-20,2027.260009765625,2027.260009765625,2046.68994140625,2023.199951171875,2023.199951171875,0
2020-10-21,2020.3599853515625,2020.3599853515625,2039.0400390625,2020.030029296875,2026.0400390625,0
2020-10-22,2033.0799560546875,2033.0799560546875,2036.97998046875,2009.8599853515625,2020.47998046875,0
2020-10-23,2040.8900146484375,2040.8900146484375,2042.3199462890625,2025.4200439453125,2035.8699951171875,0
2020-10-26,2002.739990234375,2002.739990234375,2037.22998046875,1981.1800537109375,2037.22998046875,0
2020-10-27,1995.969970703125,1995.969970703125,2007.0899658203125,1995.2099609375,2002.97998046875,0
2020-10-28,1928.010009765625,1928.010009765625,1994.0799560546875,1926.949951171875,1994.0799560546875,0
2020-10-29,1950.1300048828125,1950.1300048828125,1966.5400390625,1921.739990234375,1928.0400390625,0
2020-10-30,1923.699951171875,1923.699951171875,1946.47998046875,1904.780029296875,1946.47998046875,0
2020-11-02,1947.6300048828125,1947.6300048828125,1958.2900390625,1925.1099853515625,1925.1099853515625,0
2020-11-03,1984.780029296875,1984.780029296875,1994.969970703125,1949.9000244140625,1949.9000244140625,0
2020-11-04,2026.550048828125,2026.550048828125,2050.3701171875,1987.489990234375,1987.489990234375,0
2020-11-05,2068.4599609375,2068.4599609375,2076.35009765625,2031.0899658203125,2031.0899658203125,0
2020-11-06,2065.669921875,2065.669921875,2070.830078125,2054.760009765625,2068.25,0
2020-11-09,2090.360107421875,2090.360107421875,2140.320068359375,2069.1298828125,2069.1298828125,0
2020-11-10,2088.8798828125,2088.8798828125,2094.8701171875,2066.360107421875,2087.719970703125,0
2020-11-11,2105.14990234375,2105.14990234375,2108.75,2090.239990234375,2090.239990234375,0
2020-11-12,2084.02001953125,2084.02001953125,2105.090087890625,2073.22998046875,2105.090087890625,0
2020-11-13,2112.3798828125,2112.3798828125,2116.81005859375,2084.840087890625,2084.840087890625,0
2020-11-16,2138.510009765625,2138.510009765625,2139.25,2112.72998046875,2112.72998046875,0
2020-11-17,2133.10009765625,2133.10009765625,2140.530029296875,2117.8701171875,2137.77001953125,0
2020-11-18,2111.050048828125,2111.050048828125,2140.550048828125,2110.820068359375,2133.52001953125,0
2020-11-19,2122.3701171875,2122.3701171875,2123.580078125,2099.639892578125,2110.449951171875,0
2020-11-20,2110.89990234375,2110.89990234375,2122.050048828125,2110.760009765625,2122.010009765625,0
2020-11-23,2127.199951171875,2127.199951171875,2132.93994140625,2111.419921875,2111.419921875,0
2020-11-24,2160.580078125,2160.580078125,2163.909912109375,2127.7900390625,2127.7900390625,0
2020-11-25,2158.969970703125,2158.969970703125,2161.659912109375,2149.570068359375,2161.169921875,4921900
2020-11-27,2166.60009765625,2166.60009765625,2168.919921875,2159.590087890625,2159.590087890625,0
2020-11-30,2154.2900390625,2154.2900390625,2166.85009765625,2137.320068359375,2166.85009765625,0
2020-12-01,2176.679931640625,2176.679931640625,2185.1201171875,2155.300048828125,2155.300048828125,0
2020-12-02,2179.1298828125,2179.1298828125,2180.2099609375,2162.760009765625,2176.18994140625,0
2020-12-03,2181.570068359375,2181.570068359375,2190.81005859375,2176.6201171875,2179.449951171875,0
2020-12-04,2204.080078125,2204.080078125,2204.1298828125,2182.139892578125,2182.139892578125,0
2020-12-07,2202.14990234375,2202.14990234375,2204.889892578125,2195.2099609375,2203.85009765625,0
2020-12-08,2210.93994140625,2210.93994140625,2214.139892578125,2194.3798828125,2202.639892578125,0
2020-12-09,2190.52001953125,2190.52001953125,2217.64990234375,2181.72998046875,2211.080078125,0
2020-12-10,2193.510009765625,2193.510009765625,2197.0,2173.31005859375,2188.889892578125,0
2020-12-11,2189.510009765625,2189.510009765625,2192.949951171875,2171.18994140625,2192.949951171875,4890200
2020-12-14,2182.830078125,2182.830078125,2211.260009765625,2182.60009765625,2190.090087890625,0
2020-12-15,2212.489990234375,2212.489990234375,2212.75,2183.969970703125,2183.969970703125,0
2020-12-16,2215.179931640625,2215.179931640625,2220.77001953125,2208.889892578125,2212.800048828125,0
2020-12-17,2232.169921875,2232.169921875,2232.169921875,2216.030029296875,2216.030029296875,0
2020-12-18,2227.0,2227.0,2236.4599609375,2211.860107421875,2232.449951171875,0
2020-12-21,2220.10009765625,2220.10009765625,2224.739990234375,2184.800048828125,2224.739990234375,0
2020-12-22,2220.3701171875,2220.3701171875,2225.419921875,2212.179931640625,2220.1201171875,0
2020-12-23,2222.64990234375,2222.64990234375,2234.050048828125,2220.820068359375,2220.820068359375,0
2020-12-24,2228.6298828125,2228.6298828125,2229.050048828125,2220.989990234375,2226.14990234375,1923800
2020-12-28,2240.85009765625,2240.85009765625,2246.139892578125,2234.7900390625,2234.7900390625,0
2020-12-29,2232.010009765625,2232.010009765625,2252.760009765625,2228.590087890625,2241.85009765625,0
2020-12-30,2237.760009765625,2237.760009765625,2244.760009765625,2234.6298828125,2234.6298828125,0
2020-12-31,2248.43994140625,2248.43994140625,2250.550048828125,2233.090087890625,2237.699951171875,3514200
2021-01-04,2215.419921875,2215.419921875,2257.72998046875,2192.93994140625,2248.68994140625,0
2021-01-05,2233.699951171875,2233.699951171875,2239.3798828125,2212.2900390625,2215.340087890625,0
2021-01-06,2252.35009765625,2252.35009765625,2273.280029296875,2224.699951171875,2233.06005859375,0
2021-01-07,2288.43994140625,2288.43994140625,2292.43994140625,2254.840087890625,2254.840087890625,0
2021-01-08,2299.300048828125,2299.300048828125,2301.330078125,2274.469970703125,2290.85009765625,0
2021-01-11,2286.52001953125,2286.52001953125,2296.949951171875,2276.669921875,2296.830078125,0
2021-01-12,2293.010009765625,2293.010009765625,2296.090087890625,2277.830078125,2286.27001953125,0
2021-01-13,2295.139892578125,2295.139892578125,2302.699951171875,2285.739990234375,2292.760009765625,0
2021-01-14,2292.02001953125,2292.02001953125,2307.300048828125,2290.260009765625,2295.860107421875,0
2021-01-15,2273.8798828125,2273.8798828125,2291.949951171875,2261.639892578125,2291.949951171875,0
2021-01-19,2293.239990234375,2293.239990234375,2295.830078125,2274.719970703125,2274.719970703125,0
2021-01-20,2322.8701171875,2322.8701171875,2326.8701171875,2294.9599609375,2294.9599609375,0
2021-01-21,2320.77001953125,2320.77001953125,2327.25,2316.35009765625,2323.25,0
2021-01-22,2317.260009765625,2317.260009765625,2322.10009765625,2306.949951171875,2320.10009765625,0
2021-01-25,2323.2099609375,2323.2099609375,2328.889892578125,2289.02001953125,2317.419921875,0
2021-01-26,2315.7099609375,2315.7099609375,2333.18994140625,2314.800048828125,2323.43994140625,0
2021-01-27,2256.1298828125,2256.1298828125,2314.739990234375,2245.889892578125,2314.739990234375,0
2021-01-28,2278.68994140625,2278.68994140625,2302.0400390625,2256.81005859375,2256.81005859375,0
2021-01-29,2236.3701171875,2236.3701171875,2278.590087890625,2224.590087890625,2278.590087890625,0
2021-02-01,2274.5400390625,2274.5400390625,2279.27001953125,2236.75,2236.75,0
2021-02-02,2307.580078125,2307.580078125,2315.840087890625,2276.969970703125,2276.969970703125,0
2021-02-03,2309.93994140625,2309.93994140625,2319.320068359375,2300.719970703125,2307.550048828125,0
2021-02-04,2337.5,2337.5,2337.72998046875,2311.090087890625,2311.090087890625,0
2021-02-05,2350.169921875,2350.169921875,2352.909912109375,2337.550048828125,2337.550048828125,0
2021-02-08,2371.840087890625,2371.840087890625,2371.89990234375,2350.56005859375,2350.56005859375,0
2021-02-09,2371.699951171875,2371.699951171875,2376.280029296875,2364.330078125,2371.5400390625,0
2021-02-10,2370.669921875,2370.669921875,2384.659912109375,2355.179931640625,2373.139892578125,0
2021-02-11,2375.949951171875,2375.949951171875,2381.820068359375,2359.22998046875,2370.8798828125,0
2021-02-12,2387.3701171875,2387.3701171875,2388.409912109375,2368.8798828125,2374.6201171875,0
2021-02-16,2383.719970703125,2383.719970703125,2397.419921875,2377.77001953125,2387.570068359375,0
2021-02-17,2379.56005859375,2379.56005859375,2383.47998046875,2360.580078125,2383.47998046875,0
2021-02-18,2366.090087890625,2366.090087890625,2378.820068359375,2348.85009765625,2378.820068359375,0
2021-02-19,2369.139892578125,2369.139892578125,2382.080078125,2366.39990234375,2366.39990234375,0
2021-02-22,2347.06005859375,2347.06005859375,2368.389892578125,2346.85009765625,2368.389892578125,0
2021-02-23,2346.840087890625,2346.840087890625,2355.2900390625,2298.110107421875,2346.56005859375,0
2021-02-24,2373.830078125,2373.830078125,2375.449951171875,2333.840087890625,2346.3701171875,0
2021-02-25,2311.179931640625,2311.179931640625,2374.25,2302.739990234375,2373.7099609375,0
2021-02-26,2303.219970703125,2303.219970703125,2331.7900390625,2286.510009765625,2311.64990234375,0
2021-03-01,2360.909912109375,2360.909912109375,2367.909912109375,2305.909912109375,2305.909912109375,0
2021-03-02,2338.260009765625,2338.260009765625,2363.6298828125,2337.77001953125,2360.93994140625,0
2021-03-03,2304.68994140625,2304.68994140625,2341.139892578125,2304.4599609375,2338.139892578125,0
2021-03-04,2268.02001953125,2268.02001953125,2315.280029296875,2239.590087890625,2304.68994140625,0
2021-03-05,2310.969970703125,2310.969970703125,2315.830078125,2235.68994140625,2269.280029296875,0
2021-03-08,2298.760009765625,2298.760009765625,2334.530029296875,2297.659912109375,2310.2900390625,0
2021-03-09,2334.85009765625,2334.85009765625,2351.31005859375,2304.3701171875,2304.3701171875,0
2021-03-10,2350.469970703125,2350.469970703125,2361.179931640625,2336.320068359375,2336.320068359375,0
2021-03-11,2380.739990234375,2380.739990234375,2390.169921875,2351.330078125,2351.330078125,0
2021-03-12,2384.010009765625,2384.010009765625,2384.81005859375,2364.89990234375,2379.25,0
2021-03-15,2400.89990234375,2400.89990234375,2401.320068359375,2373.260009765625,2383.669921875,0
2021-03-16,2392.110107421875,2392.110107421875,2405.659912109375,2385.050048828125,2402.510009765625,0
2021-03-17,2399.7099609375,2399.7099609375,2405.669921875,2373.550048828125,2390.6298828125,0
2021-03-18,2358.47998046875,2358.47998046875,2398.570068359375,2355.409912109375,2398.570068359375,0
2021-03-19,2360.35009765625,2360.35009765625,2369.449951171875,2341.760009765625,2358.550048828125,0
2021-03-22,2373.419921875,2373.419921875,2382.64990234375,2360.780029296875,2360.780029296875,0
2021-03-23,2347.97998046875,2347.97998046875,2373.3701171875,2342.68994140625,2373.25,0
2021-03-24,2328.9599609375,2328.9599609375,2367.280029296875,2328.909912109375,2350.85009765625,0
2021-03-25,2344.580078125,2344.580078125,2350.449951171875,2304.85009765625,2328.419921875,0
2021-03-26,2383.300048828125,2383.300048828125,2384.969970703125,2346.2900390625,2346.2900390625,0
2021-03-29,2373.02001953125,2373.02001953125,2382.5,2358.93994140625,2382.5,0
2021-03-30,2371.10009765625,2371.10009765625,2376.3701171875,2358.919921875,2370.22998046875,0
2021-03-31,2382.739990234375,2382.739990234375,2395.68994140625,2374.760009765625,2374.760009765625,0
2021-04-01,2413.169921875,2413.169921875,2413.489990234375,2387.110107421875,2387.110107421875,0
2021-04-05,2443.39990234375,2443.39990234375,2445.25,2430.06005859375,2430.530029296875,0
2021-04-06,2443.179931640625,2443.179931640625,2451.320068359375,2439.4599609375,2442.75,0
2021-04-07,2441.8798828125,2441.8798828125,2446.64990234375,2436.260009765625,2443.68994140625,0
2021-04-08,2454.699951171875,2454.699951171875,2454.85009765625,2443.360107421875,2444.330078125,0
2021-04-09,2471.10009765625,2471.10009765625,2471.409912109375,2452.9599609375,2454.179931640625,0
2021-04-12,2470.97998046875,2470.97998046875,2473.06005859375,2462.1201171875,2470.52001953125,0
2021-04-13,2480.080078125,2480.080078125,2483.800048828125,2470.090087890625,2471.219970703125,0
2021-04-14,2472.030029296875,2472.030029296875,2489.659912109375,2470.010009765625,2480.300048828125,0
2021-04-15,2499.02001953125,2499.02001953125,2500.110107421875,2474.780029296875,2474.780029296875,0
2021-04-16,2506.659912109375,2506.659912109375,2509.969970703125,2497.89990234375,2499.550048828125,0
2021-04-19,2490.6201171875,2490.6201171875,2505.800048828125,2482.72998046875,2505.800048828125,0
2021-04-20,2470.260009765625,2470.260009765625,2490.6298828125,2459.659912109375,2490.6298828125,0
2021-04-21,2496.25,2496.25,2496.85009765625,2464.389892578125,2468.929931640625,0
2021-04-22,2476.56005859375,2476.56005859375,2504.68994140625,2470.10009765625,2496.02001953125,0
2021-04-23,2505.7900390625,2505.7900390625,2513.7900390625,2478.179931640625,2478.179931640625,0
2021-04-26,2514.1298828125,2514.1298828125,2517.889892578125,2506.530029296875,2506.530029296875,0
2021-04-27,2513.669921875,2513.669921875,2517.219970703125,2508.0,2514.570068359375,0
2021-04-28,2511.320068359375,2511.320068359375,2521.39990234375,2510.7099609375,2512.77001953125,0
2021-04-29,2523.300048828125,2523.300048828125,2531.2099609375,2503.409912109375,2515.39990234375,0
2021-04-30,2503.56005859375,2503.56005859375,2522.239990234375,2499.7900390625,2522.239990234375,0
2021-05-03,2509.050048828125,2509.050048828125,2519.320068359375,2504.010009765625,2504.010009765625,0
2021-05-04,2489.300048828125,2489.300048828125,2507.489990234375,2467.739990234375,2507.489990234375,0
2021-05-05,2488.3798828125,2488.3798828125,2501.300048828125,2484.860107421875,2490.06005859375,0
2021-05-06,2503.360107421875,2503.360107421875,2503.780029296875,2471.530029296875,2488.3701171875,0
2021-05-07,2523.929931640625,2523.929931640625,2526.9599609375,2505.0,2505.760009765625,0
2021-05-10,2493.5400390625,2493.5400390625,2525.260009765625,2493.5400390625,2523.97998046875,0
2021-05-11,2474.989990234375,2474.989990234375,2491.739990234375,2449.080078125,2491.739990234375,0
2021-05-12,2418.0400390625,2418.0400390625,2474.080078125,2414.800048828125,2474.080078125,0
2021-05-13,2446.39990234375,2446.39990234375,2457.300048828125,2419.47998046875,2419.47998046875,0
2021-05-14,2486.56005859375,2486.56005859375,2491.39990234375,2446.43994140625,2446.43994140625,0
2021-05-17,2480.280029296875,2480.280029296875,2486.659912109375,2467.280029296875,2486.659912109375,0
2021-05-18,2461.2099609375,2461.2099609375,2486.159912109375,2460.429931640625,2480.590087890625,0
2021-05-19,2452.889892578125,2452.889892578125,2458.7900390625,2420.449951171875,2458.7900390625,0
2021-05-20,2479.419921875,2479.419921875,2486.570068359375,2454.169921875,2454.169921875,0
2021-05-21,2478.239990234375,2478.239990234375,2498.22998046875,2476.18994140625,2480.8798828125,0
2021-05-24,2501.8701171875,2501.8701171875,2509.169921875,2486.89990234375,2486.89990234375,0
2021-05-25,2495.110107421875,2495.110107421875,2512.0400390625,2492.340087890625,2502.860107421875,0
2021-05-26,2504.52001953125,2504.52001953125,2507.0400390625,2495.530029296875,2495.68994140625,0
2021-05-27,2509.590087890625,2509.590087890625,2514.889892578125,2504.31005859375,2504.31005859375,0
2021-05-28,2511.52001953125,2511.52001953125,2519.43994140625,2510.47998046875,2510.47998046875,0
2021-06-01,2512.800048828125,2512.800048828125,2528.4599609375,2509.030029296875,2512.260009765625,0
2021-06-02,2515.52001953125,2515.52001953125,2519.89990234375,2509.610107421875,2513.159912109375,0
2021-06-03,2503.72998046875,2503.72998046875,2513.679931640625,2489.0400390625,2513.679931640625,0
2021-06-04,2525.139892578125,2525.139892578125,2527.260009765625,2505.889892578125,2505.889892578125,0
2021-06-07,2527.77001953125,2527.77001953125,2527.77001953125,2521.1298828125,2524.89990234375,0
2021-06-08,2531.469970703125,2531.469970703125,2535.080078125,2518.070068359375,2528.47998046875,0
2021-06-09,2525.110107421875,2525.110107421875,2537.239990234375,2524.7900390625,2532.02001953125,0
2021-06-10,2535.75,2535.75,2541.7099609375,2524.419921875,2525.6298828125,0
2021-06-11,2543.669921875,2543.669921875,2543.68994140625,2533.570068359375,2536.0,0
2021-06-14,2546.780029296875,2546.780029296875,2547.02001953125,2535.969970703125,2543.989990234375,0
2021-06-15,2539.860107421875,2539.860107421875,2547.639892578125,2534.0400390625,2546.9599609375,0
2021-06-16,2527.360107421875,2527.360107421875,2541.860107421875,2513.669921875,2540.6298828125,0
2021-06-18,2492.360107421875,2492.360107421875,2524.320068359375,2491.590087890625,2524.320068359375,0
2021-06-21,2527.909912109375,2527.909912109375,2528.419921875,2492.9599609375,2492.9599609375,0
2021-06-22,2541.5,2541.5,2546.77001953125,2523.010009765625,2527.75,0
2021-06-23,2540.1201171875,2540.1201171875,2548.75,2540.0400390625,2541.81005859375,0
2021-06-24,2556.840087890625,2556.840087890625,2559.25,2541.110107421875,2541.110107421875,0
2021-06-25,2565.929931640625,2565.929931640625,2568.93994140625,2558.97998046875,2558.97998046875,0
2021-06-28,2569.8701171875,2569.8701171875,2571.389892578125,2559.919921875,2566.8798828125,0
2021-06-29,2569.419921875,2569.419921875,2576.0,2566.530029296875,2569.830078125,0
2021-06-30,2570.659912109375,2570.659912109375,2573.340087890625,2566.0,2568.550048828125,0
2021-07-01,2583.199951171875,2583.199951171875,2583.77001953125,2570.39990234375,2570.39990234375,0
2021-07-02,2597.75,2597.75,2599.530029296875,2583.719970703125,2583.719970703125,0
2021-07-06,2591.169921875,2591.169921875,2599.679931640625,2573.8701171875,2597.550048828125,0
2021-07-07,2595.10009765625,2595.10009765625,2599.010009765625,2578.469970703125,2592.179931640625,0
2021-07-08,2572.35009765625,2572.35009765625,2592.340087890625,2550.5400390625,2592.340087890625,0
2021-07-09,2604.489990234375,2604.489990234375,2605.360107421875,2572.02001953125,2572.02001953125,0
2021-07-12,2611.27001953125,2611.27001953125,2612.14990234375,2600.9599609375,2604.64990234375,0
2021-07-13,2596.580078125,2596.580078125,2611.77001953125,2595.530029296875,2610.85009765625,0
2021-07-14,2592.72998046875,2592.72998046875,2610.889892578125,2587.8798828125,2598.14990234375,0
2021-07-15,2583.889892578125,2583.889892578125,2592.570068359375,2570.530029296875,2592.570068359375,0
2021-07-16,2564.77001953125,2564.77001953125,2594.199951171875,2562.070068359375,2584.77001953125,0
2021-07-19,2526.570068359375,2526.570068359375,2561.919921875,2512.409912109375,2561.919921875,0
2021-07-20,2570.169921875,2570.169921875,2578.590087890625,2526.919921875,2526.919921875,0
2021-07-21,2593.840087890625,2593.840087890625,2594.179931640625,2570.830078125,2570.830078125,0
2021-07-22,2595.330078125,2595.330078125,2597.580078125,2585.110107421875,2594.260009765625,0
2021-07-23,2620.6201171875,2620.6201171875,2622.35009765625,2596.050048828125,2596.050048828125,0
2021-07-26,2625.64990234375,2625.64990234375,2625.81005859375,2617.64990234375,2620.75,0
2021-07-27,2611.02001953125,2611.02001953125,2625.360107421875,2592.510009765625,2625.360107421875,0
2021-07-28,2615.8798828125,2615.8798828125,2624.550048828125,2607.530029296875,2612.169921875,0
2021-07-29,2626.820068359375,2626.820068359375,2635.010009765625,2616.469970703125,2616.469970703125,0
2021-07-30,2611.830078125,2611.830078125,2625.320068359375,2608.6201171875,2625.320068359375,0
2021-08-03,2626.22998046875,2626.22998046875,2626.27001953125,2596.27001953125,2607.75,0
2021-08-04,2613.780029296875,2613.780029296875,2626.300048828125,2612.860107421875,2626.300048828125,0
2021-08-05,2632.5400390625,2632.5400390625,2632.669921875,2614.60009765625,2614.60009765625,0
2021-08-06,2635.330078125,2635.330078125,2640.22998046875,2630.68994140625,2632.35009765625,0
2021-08-09,2632.81005859375,2632.81005859375,2637.2900390625,2627.2099609375,2635.179931640625,0
2021-08-10,2634.080078125,2634.080078125,2639.929931640625,2631.419921875,2633.47998046875,0
2021-08-11,2640.1201171875,2640.1201171875,2640.89990234375,2630.050048828125,2634.22998046875,0
2021-08-12,2647.0400390625,2647.0400390625,2647.68994140625,2633.280029296875,2640.31005859375,0
2021-08-13,2648.300048828125,2648.300048828125,2649.860107421875,2645.0400390625,2647.159912109375,0
2021-08-16,2649.949951171875,2649.949951171875,2650.1298828125,2627.679931640625,2647.5,0
2021-08-17,2629.919921875,2629.919921875,2649.239990234375,2611.199951171875,2649.239990234375,0
2021-08-18,2603.06005859375,2603.06005859375,2632.820068359375,2601.7900390625,2629.06005859375,0
2021-08-19,2601.550048828125,2601.550048828125,2610.050048828125,2584.75,2601.090087890625,0
2021-08-20,2625.090087890625,2625.090087890625,2626.25,2602.050048828125,2602.050048828125,0
2021-08-23,2650.6201171875,2650.6201171875,2655.35009765625,2625.47998046875,2625.47998046875,0
2021-08-24,2659.300048828125,2659.300048828125,2662.830078125,2651.25,2651.25,0
2021-08-25,2666.47998046875,2666.47998046875,2670.030029296875,2659.1201171875,2659.31005859375,0
2021-08-26,2649.81005859375,2649.81005859375,2666.699951171875,2649.1298828125,2666.429931640625,0
2021-08-27,2677.89990234375,2677.89990234375,2680.18994140625,2650.030029296875,2650.030029296875,0
2021-08-30,2686.909912109375,2686.909912109375,2692.110107421875,2679.050048828125,2679.050048828125,0
2021-08-31,2682.85009765625,2682.85009765625,2687.449951171875,2678.6201171875,2687.22998046875,0
2021-09-01,2686.199951171875,2686.199951171875,2693.89990234375,2683.14990234375,2683.14990234375,0
2021-09-02,2695.409912109375,2695.409912109375,2698.840087890625,2687.1201171875,2687.1201171875,0
2021-09-03,2694.199951171875,2694.199951171875,2697.14990234375,2687.39990234375,2695.2099609375,0
2021-09-07,2682.739990234375,2682.739990234375,2694.050048828125,2680.5400390625,2694.050048828125,0
2021-09-08,2675.97998046875,2675.97998046875,2682.699951171875,2664.18994140625,2682.699951171875,0
2021-09-09,2665.68994140625,2665.68994140625,2686.56005859375,2665.2099609375,2676.06005859375,0
2021-09-10,2644.669921875,2644.669921875,2681.280029296875,2644.280029296875,2666.31005859375,0
2021-09-13,2650.47998046875,2650.47998046875,2662.860107421875,2637.719970703125,2647.050048828125,0
2021-09-14,2633.52001953125,2633.52001953125,2659.7900390625,2629.22998046875,2651.070068359375,0
2021-09-15,2656.02001953125,2656.02001953125,2659.25,2630.080078125,2633.830078125,0
2021-09-16,2653.97998046875,2653.97998046875,2661.139892578125,2636.669921875,2655.489990234375,0
2021-09-17,2633.469970703125,2633.469970703125,2653.570068359375,2628.800048828125,2653.570068359375,0
2021-09-20,2586.929931640625,2586.929931640625,2631.199951171875,2556.1201171875,2631.199951171875,0
2021-09-21,2586.449951171875,2586.449951171875,2609.169921875,2581.25,2588.22998046875,0
2021-09-22,2612.340087890625,2612.340087890625,2625.0,2587.199951171875,2587.199951171875,0
2021-09-23,2644.60009765625,2644.60009765625,2653.989990234375,2613.030029296875,2613.030029296875,0
2021-09-24,2645.8798828125,2645.8798828125,2650.639892578125,2634.39990234375,2643.5400390625,0
2021-09-27,2641.5,2641.5,2649.31005859375,2635.070068359375,2644.10009765625,0
2021-09-28,2586.10009765625,2586.10009765625,2640.080078125,2583.989990234375,2640.080078125,0
2021-09-29,2587.989990234375,2587.989990234375,2603.8798828125,2585.8701171875,2586.47998046875,0
2021-09-30,2559.719970703125,2559.719970703125,2601.7099609375,2559.31005859375,2589.52001953125,0
2021-10-01,2589.830078125,2589.830078125,2600.409912109375,2548.449951171875,2560.590087890625,0
2021-10-04,2555.06005859375,2555.06005859375,2589.25,2543.14990234375,2589.25,0
2021-10-05,2580.47998046875,2580.47998046875,2593.070068359375,2555.5400390625,2555.5400390625,0
2021-10-06,2589.860107421875,2589.860107421875,2590.89990234375,2548.280029296875,2578.4599609375,0
2021-10-07,2614.300048828125,2614.300048828125,2631.179931640625,2591.75,2591.75,0
2021-10-08,2607.10009765625,2607.10009765625,2621.050048828125,2605.300048828125,2615.300048828125,0
2021-10-11,2589.52001953125,2589.52001953125,2621.860107421875,2589.2900390625,2606.5,0
2021-10-12,2587.93994140625,2587.93994140625,2600.1298828125,2582.989990234375,2590.610107421875,0
2021-10-13,2598.639892578125,2598.639892578125,2602.60009765625,2577.719970703125,2588.8798828125,0
2021-10-14,2641.9599609375,2641.9599609375,2642.669921875,2599.840087890625,2599.840087890625,0
2021-10-15,2658.139892578125,2658.139892578125,2662.669921875,2642.659912109375,2642.659912109375,0
2021-10-18,2667.5,2667.5,2668.449951171875,2645.030029296875,2657.760009765625,0
2021-10-19,2685.919921875,2685.919921875,2687.2099609375,2668.0400390625,2668.0400390625,0
2021-10-20,2696.320068359375,2696.320068359375,2699.010009765625,2686.360107421875,2686.360107421875,0
2021-10-21,2705.77001953125,2705.77001953125,2706.56005859375,2692.320068359375,2696.280029296875,0
2021-10-22,2701.860107421875,2701.860107421875,2711.340087890625,2689.360107421875,2705.669921875,0
2021-10-25,2715.419921875,2715.419921875,2719.139892578125,2698.39990234375,2702.139892578125,0
2021-10-26,2716.719970703125,2716.719970703125,2733.110107421875,2713.820068359375,2716.47998046875,0
2021-10-27,2696.610107421875,2696.610107421875,2720.10009765625,2696.60009765625,2716.4599609375,0
2021-10-28,2725.93994140625,2725.93994140625,2726.340087890625,2697.239990234375,2697.239990234375,0
2021-10-29,2730.64990234375,2730.64990234375,2732.31005859375,2711.1298828125,2724.719970703125,0
2021-11-01,2742.739990234375,2742.739990234375,2743.110107421875,2728.8798828125,2730.3701171875,0
2021-11-02,2750.6298828125,2750.6298828125,2751.89990234375,2742.110107421875,2742.840087890625,0
2021-11-03,2770.929931640625,2770.929931640625,2772.550048828125,2746.18994140625,2750.81005859375,0
2021-11-04,2779.7900390625,2779.7900390625,2784.989990234375,2770.2900390625,2770.2900390625,0
2021-11-05,2790.56005859375,2790.56005859375,2803.919921875,2779.800048828125,2779.800048828125,0
2021-11-08,2794.6201171875,2794.6201171875,2802.1201171875,2791.5,2791.5400390625,0
2021-11-09,2785.550048828125,2785.550048828125,2798.429931640625,2777.0,2793.5,0
2021-11-10,2758.110107421875,2758.110107421875,2784.8701171875,2748.239990234375,2784.8701171875,0
2021-11-11,2761.929931640625,2761.929931640625,2769.3798828125,2759.2099609375,2759.2099609375,0
2021-11-12,2781.43994140625,2781.43994140625,2784.3798828125,2763.5400390625,2763.5400390625,0
2021-11-15,2780.2900390625,2780.2900390625,2789.2900390625,2774.4599609375,2782.3798828125,0
2021-11-16,2791.56005859375,2791.56005859375,2798.6298828125,2778.429931640625,2780.2099609375,0
2021-11-17,2780.27001953125,2780.27001953125,2791.320068359375,2776.8798828125,2791.320068359375,0
2021-11-18,2785.050048828125,2785.050048828125,2788.6298828125,2767.760009765625,2780.389892578125,0
2021-11-19,2777.60009765625,2777.60009765625,2790.2900390625,2776.199951171875,2785.1201171875,0
2021-11-22,2764.510009765625,2764.510009765625,2801.550048828125,2764.409912109375,2778.139892578125,0
2021-11-23,2765.860107421875,2765.860107421875,2773.52001953125,2742.239990234375,2764.8701171875,0
2021-11-24,2773.75,2773.75,2774.6201171875,2746.679931640625,2764.889892578125,0
2021-11-26,2709.72998046875,2709.72998046875,2771.9599609375,2703.139892578125,2771.9599609375,0
2021-11-29,2739.7900390625,2739.7900390625,2752.360107421875,2711.52001953125,2711.52001953125,0
2021-11-30,2685.5400390625,2685.5400390625,2738.840087890625,2682.429931640625,2738.840087890625,0
2021-12-01,2646.449951171875,2646.449951171875,2734.919921875,2645.4599609375,2687.780029296875,0
2021-12-02,2688.85009765625,2688.85009765625,2698.93994140625,2645.469970703125,2646.280029296875,0
2021-12-03,2660.0400390625,2660.0400390625,2705.02001953125,2635.6298828125,2689.39990234375,0
2021-12-06,2692.5,2692.5,2704.89990234375,2658.239990234375,2660.68994140625,0
2021-12-07,2750.22998046875,2750.22998046875,2756.639892578125,2697.2099609375,2697.2099609375,0
2021-12-08,2762.090087890625,2762.090087890625,2764.3701171875,2746.35009765625,2750.2900390625,0
2021-12-09,2735.659912109375,2735.659912109375,2761.14990234375,2734.969970703125,2761.14990234375,0
2021-12-10,2755.389892578125,2755.389892578125,2758.22998046875,2734.199951171875,2736.840087890625,0
2021-12-13,2729.219970703125,2729.219970703125,2754.2900390625,2728.60009765625,2754.2900390625,0
2021-12-14,2707.5400390625,2707.5400390625,2727.050048828125,2692.81005859375,2727.050048828125,0
2021-12-15,2751.18994140625,2751.18994140625,2752.530029296875,2690.919921875,2707.5400390625,0
2021-12-16,2722.7900390625,2722.7900390625,2763.89990234375,2712.820068359375,2753.14990234375,0
2021-12-17,2703.699951171875,2703.699951171875,2727.8798828125,2686.409912109375,2722.280029296875,0
2021-12-20,2670.68994140625,2670.68994140625,2702.610107421875,2648.25,2702.610107421875,0
2021-12-21,2724.050048828125,2724.050048828125,2724.9599609375,2671.340087890625,2671.340087890625,0
2021-12-22,2750.510009765625,2750.510009765625,2750.800048828125,2721.989990234375,2723.8798828125,0
2021-12-23,2768.360107421875,2768.360107421875,2776.6201171875,2750.840087890625,2750.840087890625,0
2021-12-27,2803.739990234375,2803.739990234375,2803.8798828125,2769.340087890625,2769.340087890625,0
2021-12-28,2798.35009765625,2798.35009765625,2813.590087890625,2795.7099609375,2803.89990234375,0
2021-12-29,2801.8701171875,2801.8701171875,2807.3701171875,2791.860107421875,2798.3798828125,0
2021-12-30,2795.909912109375,2795.909912109375,2813.25,2794.18994140625,2802.909912109375,0
2021-12-31,2788.139892578125,2788.139892578125,2800.5,2788.1298828125,2793.81005859375,0
2022-01-03,2804.929931640625,2804.929931640625,2804.93994140625,2783.0400390625,2788.02001953125,0
2022-01-04,2800.409912109375,2800.409912109375,2817.110107421875,2783.0400390625,2788.02001953125,0
2022-01-05,2739.340087890625,2739.340087890625,2801.260009765625,2738.93994140625,2799.72998046875,0
2022-01-06,2739.199951171875,2739.199951171875,2756.68994140625,2721.56005859375,2739.22998046875,0
2022-01-07,2725.60009765625,2725.60009765625,2748.27001953125,2718.56005859375,2739.06005859375,0
2022-01-10,2721.6201171875,2721.6201171875,2725.25,2668.590087890625,2725.25,0
2022-01-11,2748.590087890625,2748.590087890625,2749.110107421875,2705.449951171875,2721.6201171875,0
2022-01-12,2752.639892578125,2752.639892578125,2768.929931640625,2741.489990234375,2749.56005859375,0
2022-01-13,2712.909912109375,2712.909912109375,2763.570068359375,2708.0400390625,2752.8701171875,0
2022-01-14,2714.169921875,2714.169921875,2715.1201171875,2683.719970703125,2712.169921875,0
2022-01-18,2660.81005859375,2660.81005859375,2713.169921875,2656.39990234375,2713.169921875,0
2022-01-19,2633.860107421875,2633.860107421875,2680.550048828125,2632.719970703125,2661.010009765625,0
2022-01-20,2603.06005859375,2603.06005859375,2676.949951171875,2600.489990234375,2634.4599609375,0
2022-01-21,2552.5400390625,2552.5400390625,2610.260009765625,2551.820068359375,2602.81005859375,0
2022-01-24,2565.949951171875,2565.949951171875,2569.9599609375,2452.550048828125,2551.0,0
2022-01-25,2531.3798828125,2531.3798828125,2563.889892578125,2493.1298828125,2563.280029296875,0
2022-01-26,2523.6298828125,2523.6298828125,2587.969970703125,2499.52001953125,2535.68994140625,0
2022-01-27,2505.659912109375,2505.659912109375,2568.31005859375,2497.27001953125,2524.239990234375,0
2022-01-28,2566.7900390625,2566.7900390625,2567.169921875,2484.85009765625,2505.919921875,0
2022-01-31,2621.969970703125,2621.969970703125,2622.2900390625,2558.97998046875,2566.699951171875,0
2022-02-01,2642.22998046875,2642.22998046875,2644.320068359375,2602.2900390625,2622.0,0
2022-02-02,2659.22998046875,2659.22998046875,2662.360107421875,2634.6298828125,2642.3798828125,0
2022-02-03,2594.10009765625,2594.10009765625,2658.280029296875,2590.780029296875,2658.280029296875,0
2022-02-04,2610.659912109375,2610.659912109375,2632.35009765625,2580.10009765625,2593.7099609375,0
2022-02-07,2603.570068359375,2603.570068359375,2625.18994140625,2596.93994140625,2610.7099609375,0
2022-02-08,2627.81005859375,2627.81005859375,2633.1201171875,2593.72998046875,2602.929931640625,0
2022-02-09,2669.320068359375,2669.320068359375,2670.10009765625,2628.360107421875,2628.360107421875,0
2022-02-10,2622.47998046875,2622.47998046875,2674.5400390625,2610.72998046875,2668.489990234375,0
2022-02-11,2573.780029296875,2573.780029296875,2635.56005859375,2563.64990234375,2622.699951171875,0
2022-02-14,2563.3798828125,2563.3798828125,2579.389892578125,2543.7900390625,2573.8701171875,0
2022-02-15,2608.320068359375,2608.320068359375,2609.419921875,2563.85009765625,2563.85009765625,0
2022-02-16,2609.219970703125,2609.219970703125,2616.989990234375,2583.72998046875,2607.47998046875,0
2022-02-17,2550.969970703125,2550.969970703125,2608.429931640625,2547.719970703125,2608.429931640625,0
2022-02-18,2530.7099609375,2530.7099609375,2559.639892578125,2519.179931640625,2551.06005859375,0
2022-02-22,2503.7099609375,2503.7099609375,2538.919921875,2483.409912109375,2529.739990234375,0
2022-02-23,2456.300048828125,2456.300048828125,2524.919921875,2454.47998046875,2506.1201171875,0
2022-02-24,2498.949951171875,2498.949951171875,2500.659912109375,2397.3701171875,2453.199951171875,0
2022-02-25,2555.47998046875,2555.47998046875,2555.6298828125,2496.60009765625,2499.080078125,0
2022-02-28,2552.419921875,2552.419921875,2562.06005859375,2519.580078125,2555.1298828125,0
2022-03-01,2512.320068359375,2512.320068359375,2555.1201171875,2496.93994140625,2551.639892578125,0
2022-03-02,2560.02001953125,2560.02001953125,2567.89990234375,2513.4599609375,2513.4599609375,0
2022-03-03,2541.0,2541.0,2573.800048828125,2530.8701171875,2560.159912109375,0
2022-03-04,2516.070068359375,2516.070068359375,2540.550048828125,2491.929931640625,2540.550048828125,0
2022-03-07,2439.179931640625,2439.179931640625,2516.22998046875,2438.72998046875,2516.22998046875,0
2022-03-08,2425.590087890625,2425.590087890625,2484.27001953125,2419.5400390625,2438.860107421875,0
2022-03-09,2490.25,2490.25,2501.8701171875,2425.89990234375,2425.89990234375,0
2022-03-10,2479.64990234375,2479.64990234375,2488.72998046875,2450.219970703125,2488.72998046875,0
2022-03-11,2445.110107421875,2445.110107421875,2497.169921875,2443.360107421875,2480.820068359375,0
2022-03-14,2422.010009765625,2422.010009765625,2465.909912109375,2415.14990234375,2445.139892578125,0
2022-03-15,2472.1201171875,2472.1201171875,2476.469970703125,2422.080078125,2422.080078125,0
2022-03-16,2532.64990234375,2532.64990234375,2533.2099609375,2469.949951171875,2472.93994140625,0
2022-03-17,2566.4599609375,2566.4599609375,2566.81005859375,2519.39990234375,2532.31005859375,0
2022-03-18,2598.199951171875,2598.199951171875,2599.5,2554.97998046875,2566.469970703125,0
2022-03-21,2593.89990234375,2593.89990234375,2608.469970703125,2573.159912109375,2597.31005859375,0
2022-03-22,2624.6298828125,2624.6298828125,2630.3798828125,2594.1201171875,2594.1201171875,0
2022-03-23,2590.89990234375,2590.89990234375,2623.3701171875,2590.510009765625,2623.3701171875,0
2022-03-24,2626.909912109375,2626.909912109375,2627.110107421875,2591.830078125,2591.830078125,0
2022-03-25,2637.3701171875,2637.3701171875,2639.239990234375,2613.75,2626.840087890625,0
2022-03-28,2655.489990234375,2655.489990234375,2655.530029296875,2620.800048828125,2637.3701171875,0
2022-03-29,2694.0400390625,2694.0400390625,2697.919921875,2657.72998046875,2657.72998046875,0
2022-03-30,2672.43994140625,2672.43994140625,2693.77001953125,2660.52001953125,2693.77001953125,0
2022-03-31,2631.72998046875,2631.72998046875,2673.72998046875,2631.72998046875,2672.419921875,0
2022-04-01,2643.199951171875,2643.199951171875,2644.030029296875,2620.8701171875,2631.77001953125,0
2022-04-04,2663.929931640625,2663.929931640625,2664.530029296875,2641.639892578125,2643.75,0
2022-04-05,2625.72998046875,2625.72998046875,2667.419921875,2620.300048828125,2663.0,0
2022-04-06,2597.3798828125,2597.3798828125,2623.47998046875,2579.360107421875,2623.47998046875,0
2022-04-07,2605.669921875,2605.669921875,2617.610107421875,2575.300048828125,2597.179931640625,0
2022-04-08,2597.179931640625,2597.179931640625,2616.840087890625,2589.89990234375,2605.1201171875,0
2022-04-11,2557.43994140625,2557.43994140625,2595.360107421875,2555.10009765625,2595.360107421875,0
2022-04-12,2549.860107421875,2549.860107421875,2593.800048828125,2541.489990234375,2558.909912109375,0
2022-04-13,2582.27001953125,2582.27001953125,2586.10009765625,2547.7900390625,2550.1298828125,0
2022-04-14,2550.909912109375,2550.909912109375,2590.02001953125,2550.10009765625,2581.739990234375,0
2022-04-18,2546.659912109375,2546.659912109375,2557.659912109375,2534.610107421875,2548.35009765625,0
2022-04-19,2590.989990234375,2590.989990234375,2595.7900390625,2546.159912109375,2546.159912109375,0
2022-04-20,2588.64990234375,2588.64990234375,2607.739990234375,2583.77001953125,2591.8798828125,0
2022-04-21,2545.989990234375,2545.989990234375,2619.580078125,2540.760009765625,2594.02001953125,0
2022-04-22,2476.5,2476.5,2542.300048828125,2474.5,2542.300048828125,0
2022-04-25,2492.330078125,2492.330078125,2493.280029296875,2437.590087890625,2472.679931640625,0
2022-04-26,2420.330078125,2420.330078125,2480.340087890625,2420.169921875,2480.340087890625,0
2022-04-27,2423.659912109375,2423.659912109375,2454.8701171875,2412.239990234375,2428.639892578125,0
2022-04-28,2482.030029296875,2482.030029296875,2494.090087890625,2422.97998046875,2428.93994140625,0
2022-04-29,2393.6298828125,2393.6298828125,2477.780029296875,2389.580078125,2477.780029296875,0
2022-05-02,2409.35009765625,2409.35009765625,2416.199951171875,2355.669921875,2393.75,0
2022-05-03,2420.6201171875,2420.6201171875,2433.72998046875,2404.77001953125,2410.280029296875,0
2022-05-04,2491.449951171875,2491.449951171875,2495.2900390625,2401.85009765625,2423.2900390625,0
2022-05-05,2399.5,2399.5,2479.1201171875,2375.77001953125,2479.1201171875,0
2022-05-06,2380.570068359375,2380.570068359375,2402.050048828125,2349.5400390625,2396.14990234375,0
2022-05-09,2298.43994140625,2298.43994140625,2378.0,2289.4599609375,2378.0,0
2022-05-10,2303.280029296875,2303.280029296875,2341.830078125,2275.39990234375,2310.22998046875,0
2022-05-11,2262.159912109375,2262.159912109375,2332.0400390625,2258.77001953125,2299.739990234375,0
2022-05-12,2264.050048828125,2264.050048828125,2283.760009765625,2222.889892578125,2256.8701171875,0
2022-05-13,2323.050048828125,2323.050048828125,2331.8701171875,2272.169921875,2272.169921875,0
2022-05-16,2311.070068359375,2311.070068359375,2333.159912109375,2300.610107421875,2321.22998046875,0
2022-05-17,2360.219970703125,2360.219970703125,2360.6298828125,2319.050048828125,2319.050048828125,0
2022-05-18,2265.7099609375,2265.7099609375,2355.969970703125,2259.56005859375,2355.969970703125,0
2022-05-19,2256.389892578125,2256.389892578125,2281.77001953125,2240.840087890625,2262.830078125,0
2022-05-20,2256.39990234375,2256.39990234375,2280.6298828125,2203.1201171875,2262.409912109375,0
2022-05-23,2295.469970703125,2295.469970703125,2300.320068359375,2259.239990234375,2268.43994140625,0
2022-05-24,2272.260009765625,2272.260009765625,2281.330078125,2235.60009765625,2281.330078125,0
2022-05-25,2298.06005859375,2298.06005859375,2309.510009765625,2263.699951171875,2267.969970703125,0
2022-05-26,2345.22998046875,2345.22998046875,2354.830078125,2302.06005859375,2302.06005859375,0
2022-05-27,2404.300048828125,2404.300048828125,2404.360107421875,2353.260009765625,2353.260009765625,0
2022-05-31,2386.320068359375,2386.320068359375,2406.360107421875,2371.60009765625,2395.5,0
2022-06-01,2368.5,2368.5,2406.35009765625,2351.320068359375,2396.5,0
2022-06-02,2415.68994140625,2415.68994140625,2415.85009765625,2357.340087890625,2369.580078125,0
2022-06-03,2377.330078125,2377.330078125,2399.719970703125,2371.639892578125,2399.719970703125,0
2022-06-06,2384.949951171875,2384.949951171875,2410.18994140625,2378.389892578125,2389.330078125,0
2022-06-07,2409.860107421875,2409.860107421875,2411.72998046875,2361.610107421875,2376.43994140625,0
2022-06-08,2383.239990234375,2383.239990234375,2409.260009765625,2378.52001953125,2403.610107421875,0
2022-06-09,2326.3798828125,2326.3798828125,2381.610107421875,2326.1201171875,2377.89990234375,0
2022-06-10,2257.760009765625,2257.760009765625,2308.989990234375,2257.080078125,2308.989990234375,0
2022-06-13,2165.72998046875,2165.72998046875,2230.989990234375,2157.239990234375,2230.989990234375,0
2022-06-14,2157.81005859375,2157.81005859375,2181.989990234375,2140.5400390625,2168.0400390625,0
2022-06-15,2190.0400390625,2190.0400390625,2217.27001953125,2152.179931640625,2168.9599609375,0
2022-06-16,2113.699951171875,2113.699951171875,2168.81005859375,2098.719970703125,2168.81005859375,0
2022-06-17,2122.22998046875,2122.22998046875,2139.949951171875,2100.14990234375,2114.89990234375,0
2022-06-21,2171.39990234375,2171.39990234375,2181.010009765625,2134.530029296875,2134.530029296875,0
2022-06-22,2168.860107421875,2168.860107421875,2192.110107421875,2146.860107421875,2159.330078125,0
2022-06-23,2192.02001953125,2192.02001953125,2195.89990234375,2160.85009765625,2174.47998046875,0
2022-06-24,2260.780029296875,2260.780029296875,2261.580078125,2200.300048828125,2200.300048828125,0
2022-06-27,2254.610107421875,2254.610107421875,2269.639892578125,2247.719970703125,2264.110107421875,0
2022-06-28,2208.97998046875,2208.97998046875,2279.860107421875,2208.5,2260.27001953125,0
2022-06-29,2204.110107421875,2204.110107421875,2213.909912109375,2192.510009765625,2208.8798828125,0
2022-06-30,2183.429931640625,2183.429931640625,2203.06005859375,2155.8701171875,2194.22998046875,0
2022-07-01,2208.260009765625,2208.260009765625,2210.35009765625,2165.669921875,2182.260009765625,0
2022-07-05,2215.35009765625,2215.35009765625,2215.739990234375,2159.590087890625,2200.6298828125,0
2022-07-06,2218.989990234375,2218.989990234375,2233.47998046875,2199.320068359375,2215.669921875,0
2022-07-07,2255.72998046875,2255.72998046875,2259.8701171875,2225.080078125,2225.080078125,0
2022-07-08,2253.1298828125,2253.1298828125,2264.77001953125,2235.35009765625,2252.489990234375,0
2022-07-11,2224.280029296875,2224.280029296875,2248.360107421875,2220.3798828125,2248.360107421875,0
2022-07-12,2204.840087890625,2204.840087890625,2235.090087890625,2195.22998046875,2221.580078125,0
2022-07-13,2195.68994140625,2195.68994140625,2210.050048828125,2170.090087890625,2191.81005859375,0
2022-07-14,2185.43994140625,2185.43994140625,2188.760009765625,2148.090087890625,2182.389892578125,0
2022-07-15,2228.340087890625,2228.340087890625,2228.429931640625,2197.2099609375,2197.2099609375,0
2022-07-18,2212.199951171875,2212.199951171875,2253.679931640625,2205.929931640625,2239.669921875,0
2022-07-19,2274.8701171875,2274.8701171875,2276.2900390625,2231.75,2231.75,0
2022-07-20,2293.030029296875,2293.030029296875,2299.760009765625,2268.47998046875,2274.550048828125,0
2022-07-21,2314.639892578125,2314.639892578125,2314.81005859375,2274.030029296875,2290.06005859375,0
2022-07-22,2290.169921875,2290.169921875,2322.929931640625,2277.18994140625,2315.0400390625,0
2022-07-25,2293.510009765625,2293.510009765625,2297.81005859375,2280.27001953125,2292.6201171875,0
2022-07-26,2265.9599609375,2265.9599609375,2288.7900390625,2260.5400390625,2288.7900390625,0
2022-07-27,2325.260009765625,2325.260009765625,2333.530029296875,2277.050048828125,2277.050048828125,0
2022-07-28,2354.280029296875,2354.280029296875,2356.72998046875,2306.919921875,2330.199951171875,0
2022-07-29,2386.010009765625,2386.010009765625,2391.159912109375,2354.590087890625,2354.590087890625,0
2022-08-01,2380.52001953125,2380.52001953125,2394.6201171875,2365.02001953125,2371.889892578125,0
2022-08-02,2367.4599609375,2367.4599609375,2394.919921875,2360.2900390625,2370.239990234375,0
2022-08-03,2405.449951171875,2405.449951171875,2412.030029296875,2379.449951171875,2379.800048828125,0
2022-08-04,2403.570068359375,2403.570068359375,2408.489990234375,2394.0,2405.590087890625,0
2022-08-05,2403.2099609375,2403.2099609375,2406.419921875,2378.860107421875,2378.860107421875,0
2022-08-08,2404.010009765625,2404.010009765625,2430.590087890625,2398.110107421875,2408.8798828125,0
2022-08-09,2389.4599609375,2389.4599609375,2401.43994140625,2383.169921875,2401.43994140625,0
2022-08-10,2444.820068359375,2444.820068359375,2445.340087890625,2412.2900390625,2412.2900390625,0
2022-08-11,2443.080078125,2443.080078125,2474.780029296875,2439.949951171875,2455.139892578125,0
2022-08-12,2485.800048828125,2485.800048828125,2485.85009765625,2446.75,2446.75,0
2022-08-15,2494.89990234375,2494.89990234375,2497.0,2472.2099609375,2480.1201171875,0
2022-08-16,2499.110107421875,2499.110107421875,2510.469970703125,2481.590087890625,2491.260009765625,0
2022-08-17,2476.8798828125,2476.8798828125,2493.39990234375,2464.679931640625,2490.199951171875,0
2022-08-18,2483.110107421875,2483.110107421875,2487.8701171875,2470.280029296875,2476.760009765625,0
2022-08-19,2447.320068359375,2447.320068359375,2476.81005859375,2441.669921875,2476.81005859375,0
2022-08-22,2394.909912109375,2394.909912109375,2419.760009765625,2390.5,2419.760009765625,0
2022-08-23,2390.780029296875,2390.780029296875,2409.800048828125,2388.909912109375,2393.1201171875,0
2022-08-24,2399.989990234375,2399.989990234375,2409.2099609375,2386.449951171875,2389.419921875,0
2022-08-25,2435.169921875,2435.169921875,2435.739990234375,2405.989990234375,2410.679931640625,0
2022-08-26,2353.5,2353.5,2436.469970703125,2353.5,2436.260009765625,0
2022-08-29,2336.969970703125,2336.969970703125,2355.669921875,2330.3701171875,2335.27001953125,0
2022-08-30,2310.68994140625,2310.68994140625,2345.8701171875,2298.8701171875,2345.7099609375,0
2022-08-31,2293.2099609375,2293.2099609375,2327.60009765625,2293.090087890625,2319.080078125,0
2022-09-01,2294.6298828125,2294.6298828125,2296.300048828125,2258.580078125,2278.10009765625,0
2022-09-02,2271.659912109375,2271.659912109375,2324.7099609375,2261.64990234375,2315.919921875,0
2022-09-06,2261.169921875,2261.169921875,2281.199951171875,2249.429931640625,2274.9599609375,0
2022-09-07,2304.260009765625,2304.260009765625,2308.3701171875,2259.989990234375,2260.1298828125,0
2022-09-08,2321.409912109375,2321.409912109375,2322.239990234375,2283.659912109375,2298.320068359375,0
2022-09-09,2359.5,2359.5,2364.449951171875,2328.56005859375,2328.56005859375,0
2022-09-12,2384.909912109375,2384.909912109375,2389.1298828125,2364.800048828125,2364.800048828125,0
2022-09-13,2283.090087890625,2283.090087890625,2364.820068359375,2276.669921875,2364.820068359375,0
2022-09-14,2291.010009765625,2291.010009765625,2298.06005859375,2271.570068359375,2285.320068359375,0
2022-09-15,2266.4599609375,2266.4599609375,2299.64990234375,2259.070068359375,2286.02001953125,0
2022-09-16,2245.919921875,2245.919921875,2257.699951171875,2225.7099609375,2257.699951171875,0
2022-09-19,2261.719970703125,2261.719970703125,2262.10009765625,2226.760009765625,2233.6298828125,0
2022-09-20,2234.469970703125,2234.469970703125,2253.0400390625,2219.1298828125,2253.0400390625,0
2022-09-21,2196.8701171875,2196.8701171875,2264.25,2196.6201171875,2242.179931640625,0
2022-09-22,2172.7900390625,2172.7900390625,2195.820068359375,2169.179931640625,2195.18994140625,0
2022-09-23,2133.669921875,2133.669921875,2162.030029296875,2107.360107421875,2162.030029296875,0
2022-09-26,2109.75,2109.75,2147.889892578125,2104.8701171875,2129.0,0
2022-09-27,2107.4599609375,2107.4599609375,2146.6298828125,2093.6298828125,2121.9599609375,0
2022-09-28,2152.449951171875,2152.449951171875,2162.610107421875,2106.25,2112.280029296875,0
2022-09-29,2106.340087890625,2106.340087890625,2149.050048828125,2089.0,2149.050048828125,0
2022-09-30,2077.610107421875,2077.610107421875,2127.179931640625,2076.949951171875,2105.320068359375,0
2022-10-03,2131.6298828125,2131.6298828125,2142.669921875,2088.64990234375,2096.31005859375,0
2022-10-04,2200.89990234375,2200.89990234375,2201.280029296875,2159.3701171875,2159.3701171875,0
2022-10-05,2195.419921875,2195.419921875,2207.889892578125,2159.590087890625,2175.669921875,0
2022-10-06,2174.699951171875,2174.699951171875,2204.4599609375,2171.919921875,2189.929931640625,0
2022-10-07,2112.590087890625,2112.590087890625,2154.0,2102.080078125,2154.0,0
2022-10-10,2095.719970703125,2095.719970703125,2118.889892578125,2081.72998046875,2118.659912109375,0
2022-10-11,2082.669921875,2082.669921875,2112.300048828125,2067.699951171875,2088.800048828125,0
2022-10-12,2076.340087890625,2076.340087890625,2091.8701171875,2074.239990234375,2083.360107421875,0
2022-10-13,2127.60009765625,2127.60009765625,2136.35009765625,2026.22998046875,2035.6800537109375,0
2022-10-14,2076.070068359375,2076.070068359375,2152.050048828125,2074.39990234375,2142.2099609375,0
2022-10-17,2133.14990234375,2133.14990234375,2139.449951171875,2094.27001953125,2094.27001953125,0
2022-10-18,2158.489990234375,2158.489990234375,2182.25,2139.85009765625,2153.340087890625,0
2022-10-19,2139.780029296875,2139.780029296875,2160.510009765625,2123.669921875,2151.090087890625,0
2022-10-20,2122.52001953125,2122.52001953125,2164.02001953125,2117.110107421875,2140.89990234375,0
2022-10-21,2171.389892578125,2171.389892578125,2174.14990234375,2113.739990234375,2122.219970703125,0
2022-10-24,2194.27001953125,2194.27001953125,2201.199951171875,2162.7099609375,2178.72998046875,0
2022-10-25,2234.360107421875,2234.360107421875,2236.5,2194.68994140625,2194.68994140625,0
2022-10-26,2220.06005859375,2220.06005859375,2253.27001953125,2216.639892578125,2222.860107421875,0
2022-10-27,2208.840087890625,2208.840087890625,2238.929931640625,2206.889892578125,2226.6201171875,0
2022-10-28,2260.9599609375,2260.9599609375,2263.10009765625,2210.06005859375,2215.5400390625,0
2022-10-31,2245.81005859375,2245.81005859375,2258.360107421875,2240.419921875,2249.449951171875,0
2022-11-01,2238.860107421875,2238.860107421875,2269.449951171875,2232.18994140625,2260.719970703125,0
2022-11-02,2179.9599609375,2179.9599609375,2258.1298828125,2179.52001953125,2234.7900390625,0
2022-11-03,2158.27001953125,2158.27001953125,2176.0,2143.860107421875,2162.080078125,0
2022-11-04,2184.800048828125,2184.800048828125,2199.75,2149.56005859375,2182.110107421875,0
2022-11-07,2204.56005859375,2204.56005859375,2208.4599609375,2181.300048828125,2192.139892578125,0
2022-11-08,2216.0,2216.0,2235.4599609375,2192.239990234375,2211.169921875,0
2022-11-09,2167.93994140625,2167.93994140625,2208.070068359375,2165.3701171875,2207.280029296875,0
2022-11-10,2292.300048828125,2292.300048828125,2293.18994140625,2216.780029296875,2216.780029296875,0
2022-11-11,2315.320068359375,2315.320068359375,2320.989990234375,2288.56005859375,2295.929931640625,0
2022-11-14,2292.6201171875,2292.6201171875,2323.139892578125,2292.2900390625,2308.989990234375,0
2022-11-15,2315.68994140625,2315.68994140625,2335.06005859375,2294.800048828125,2310.85009765625,0
2022-11-16,2292.10009765625,2292.10009765625,2310.8701171875,2289.739990234375,2310.8701171875,0
2022-11-17,2282.409912109375,2282.409912109375,2286.570068359375,2259.669921875,2277.64990234375,0
2022-11-18,2292.949951171875,2292.949951171875,2303.389892578125,2276.469970703125,2295.550048828125,0
2022-11-21,2282.830078125,2282.830078125,2289.510009765625,2273.739990234375,2288.780029296875,0
2022-11-22,2313.6201171875,2313.6201171875,2314.699951171875,2286.449951171875,2288.6298828125,0
2022-11-23,2327.14990234375,2327.14990234375,2330.889892578125,2311.179931640625,2312.219970703125,0
2022-11-25,2327.550048828125,2327.550048828125,2331.7900390625,2323.18994140625,2325.43994140625,0
2022-11-28,2290.330078125,2290.330078125,2318.739990234375,2285.800048828125,2313.10009765625,0
2022-11-29,2287.85009765625,2287.85009765625,2298.909912109375,2278.35009765625,2290.10009765625,0
2022-11-30,2358.449951171875,2358.449951171875,2358.449951171875,2276.6298828125,2287.300048828125,0
2022-12-01,2357.300048828125,2357.300048828125,2370.47998046875,2343.10009765625,2362.7099609375,0
2022-12-02,2355.5,2355.5,2360.830078125,2328.860107421875,2336.830078125,0
2022-12-05,2309.199951171875,2309.199951171875,2344.330078125,2301.550048828125,2344.330078125,0
2022-12-06,2275.35009765625,2275.35009765625,2309.969970703125,2261.909912109375,2308.25,0
2022-12-07,2270.780029296875,2270.780029296875,2284.81005859375,2264.830078125,2271.199951171875,0
2022-12-08,2288.409912109375,2288.409912109375,2295.929931640625,2272.8701171875,2278.18994140625,0
2022-12-09,2270.639892578125,2270.639892578125,2294.760009765625,2270.0400390625,2284.22998046875,0
2022-12-12,2303.360107421875,2303.360107421875,2303.43994140625,2270.969970703125,2272.47998046875,0
2022-12-13,2320.610107421875,2320.610107421875,2369.070068359375,2305.89990234375,2334.050048828125,0
2022-12-14,2307.110107421875,2307.110107421875,2339.409912109375,2291.570068359375,2319.860107421875,0
2022-12-15,2248.949951171875,2248.949951171875,2291.31005859375,2240.919921875,2291.31005859375,0
2022-12-16,2224.52001953125,2224.52001953125,2240.719970703125,2209.889892578125,2240.719970703125,0
2022-12-19,2202.2099609375,2202.2099609375,2225.320068359375,2192.72998046875,2224.9599609375,0
2022-12-20,2205.989990234375,2205.989990234375,2214.949951171875,2190.469970703125,2199.2099609375,0
2022-12-21,2239.260009765625,2239.260009765625,2245.679931640625,2213.68994140625,2213.68994140625,0
2022-12-22,2207.010009765625,2207.010009765625,2227.780029296875,2173.610107421875,2227.780029296875,0
2022-12-23,2219.320068359375,2219.320068359375,2219.429931640625,2192.72998046875,2203.18994140625,0
2022-12-27,2209.7900390625,2209.7900390625,2220.169921875,2201.590087890625,2218.159912109375,0
2022-12-28,2182.389892578125,2182.389892578125,2219.389892578125,2181.47998046875,2210.800048828125,0
2022-12-29,2222.72998046875,2222.72998046875,2227.260009765625,2189.239990234375,2189.239990234375,0
2022-12-30,2217.139892578125,2217.139892578125,2217.580078125,2195.56005859375,2217.580078125,0
2023-01-03,2207.550048828125,2207.550048828125,2240.489990234375,2191.780029296875,2225.43994140625,0
2023-01-04,2226.330078125,2226.330078125,2237.110107421875,2205.800048828125,2215.7099609375,0
2023-01-05,2199.840087890625,2199.840087890625,2219.719970703125,2196.669921875,2219.719970703125,0
2023-01-06,2249.27001953125,2249.27001953125,2255.06005859375,2201.909912109375,2209.550048828125,0
2023-01-09,2249.25,2249.25,2281.550048828125,2248.56005859375,2256.909912109375,0
2023-01-10,2266.719970703125,2266.719970703125,2266.93994140625,2241.340087890625,2246.360107421875,0
2023-01-11,2296.75,2296.75,2296.969970703125,2272.56005859375,2272.56005859375,0
2023-01-12,2307.780029296875,2307.780029296875,2314.5400390625,2279.27001953125,2300.639892578125,0
2023-01-13,2317.659912109375,2317.659912109375,2320.0400390625,2288.110107421875,2297.050048828125,0
2023-01-17,2314.02001953125,2314.02001953125,2327.050048828125,2310.030029296875,2317.8701171875,0
2023-01-18,2278.389892578125,2278.389892578125,2328.909912109375,2277.2900390625,2320.3701171875,0
2023-01-19,2259.68994140625,2259.68994140625,2272.93994140625,2251.47998046875,2271.0,0
2023-01-20,2303.27001953125,2303.27001953125,2303.320068359375,2260.070068359375,2265.1298828125,0
2023-01-23,2331.840087890625,2331.840087890625,2341.820068359375,2303.580078125,2306.800048828125,0
2023-01-24,2328.669921875,2328.669921875,2333.39990234375,2315.0400390625,2320.989990234375,0
2023-01-25,2328.919921875,2328.919921875,2330.43994140625,2289.64990234375,2309.2099609375,0
2023-01-26,2354.169921875,2354.169921875,2354.739990234375,2327.419921875,2337.219970703125,0
2023-01-27,2361.860107421875,2361.860107421875,2374.64990234375,2348.2900390625,2351.169921875,0
2023-01-30,2330.2900390625,2330.2900390625,2357.179931640625,2329.1298828125,2353.6201171875,0
2023-01-31,2367.610107421875,2367.610107421875,2367.800048828125,2332.929931640625,2332.929931640625,0
2023-02-01,2394.889892578125,2394.889892578125,2411.5,2346.68994140625,2364.02001953125,0
2023-02-02,2432.31005859375,2432.31005859375,2441.800048828125,2398.800048828125,2398.800048828125,0
2023-02-03,2406.10009765625,2406.10009765625,2433.030029296875,2398.93994140625,2416.260009765625,0
2023-02-06,2388.8701171875,2388.8701171875,2397.18994140625,2379.699951171875,2395.050048828125,0
2023-02-07,2418.610107421875,2418.610107421875,2425.4599609375,2375.1201171875,2385.669921875,0
2023-02-08,2391.330078125,2391.330078125,2414.969970703125,2388.18994140625,2410.8701171875,0
2023-02-09,2368.2900390625,2368.2900390625,2413.419921875,2362.02001953125,2409.070068359375,0
2023-02-10,2372.030029296875,2372.030029296875,2374.070068359375,2355.510009765625,2363.4599609375,0
2023-02-13,2399.2900390625,2399.2900390625,2400.3701171875,2372.4599609375,2376.1201171875,0
2023-02-14,2400.3701171875,2400.3701171875,2413.469970703125,2376.199951171875,2392.52001953125,0
2023-02-15,2411.469970703125,2411.469970703125,2411.64990234375,2384.3798828125,2391.5,0
2023-02-16,2379.0,2379.0,2405.739990234375,2377.929931640625,2398.070068359375,0
2023-02-17,2371.75,2371.75,2373.320068359375,2354.280029296875,2373.320068359375,0
2023-02-21,2321.610107421875,2321.610107421875,2363.6298828125,2320.6298828125,2363.6298828125,0
2023-02-22,2320.18994140625,2320.18994140625,2334.52001953125,2312.659912109375,2323.2099609375,0
2023-02-23,2332.050048828125,2332.050048828125,2341.169921875,2306.389892578125,2329.739990234375,0
2023-02-24,2307.530029296875,2307.530029296875,2311.56005859375,2291.949951171875,2310.8798828125,0
2023-02-27,2314.389892578125,2314.389892578125,2335.169921875,2309.52001953125,2321.610107421875,0
2023-02-28,2308.39990234375,2308.39990234375,2324.2900390625,2307.860107421875,2312.909912109375,0
2023-03-01,2299.070068359375,2299.070068359375,2310.360107421875,2291.7900390625,2308.030029296875,0
2023-03-02,2315.469970703125,2315.469970703125,2320.3798828125,2284.139892578125,2292.550048828125,0
2023-03-03,2352.550048828125,2352.550048828125,2354.159912109375,2319.25,2319.25,0
2023-03-06,2349.31005859375,2349.31005859375,2368.449951171875,2346.77001953125,2355.080078125,0
2023-03-07,2314.72998046875,2314.72998046875,2350.7099609375,2311.47998046875,2349.330078125,0
2023-03-08,2317.56005859375,2317.56005859375,2322.52001953125,2304.81005859375,2315.85009765625,0
2023-03-09,2271.169921875,2271.169921875,2330.919921875,2267.340087890625,2319.18994140625,0
2023-03-10,2232.52001953125,2232.52001953125,2275.919921875,2222.5400390625,2269.02001953125,0
2023-03-13,2225.419921875,2225.419921875,2253.239990234375,2198.06005859375,2223.360107421875,0
2023-03-14,2262.7099609375,2262.7099609375,2274.580078125,2236.77001953125,2239.300048828125,0
2023-03-15,2244.0400390625,2244.0400390625,2251.030029296875,2212.85009765625,2251.030029296875,0
2023-03-16,2282.989990234375,2282.989990234375,2285.39990234375,2227.6201171875,2238.219970703125,0
2023-03-17,2254.18994140625,2254.18994140625,2281.070068359375,2245.830078125,2281.070068359375,0
2023-03-20,2274.39990234375,2274.39990234375,2278.8798828125,2255.6298828125,2255.6298828125,0
2023-03-21,2306.780029296875,2306.780029296875,2310.489990234375,2284.93994140625,2284.93994140625,0
2023-03-22,2265.510009765625,2265.510009765625,2325.239990234375,2265.070068359375,2306.679931640625,0
2023-03-23,2270.199951171875,2270.199951171875,2306.18994140625,2254.050048828125,2271.60009765625,0
2023-03-24,2282.699951171875,2282.699951171875,2283.389892578125,2246.330078125,2265.570068359375,0
2023-03-27,2288.93994140625,2288.93994140625,2302.429931640625,2283.889892578125,2290.8798828125,0
2023-03-28,2285.919921875,2285.919921875,2291.0,2274.800048828125,2287.02001953125,0
2023-03-29,2318.449951171875,2318.449951171875,2319.929931640625,2299.89990234375,2299.89990234375,0
2023-03-30,2330.52001953125,2330.52001953125,2336.669921875,2320.280029296875,2325.02001953125,0
2023-03-31,2366.27001953125,2366.27001953125,2366.949951171875,2335.64990234375,2335.64990234375,0
2023-04-03,2372.97998046875,2372.97998046875,2375.780029296875,2357.68994140625,2364.10009765625,0
2023-04-04,2356.409912109375,2356.409912109375,2376.2099609375,2348.35009765625,2374.139892578125,0
2023-04-05,2347.639892578125,2347.639892578125,2353.919921875,2337.10009765625,2353.919921875,0
2023-04-06,2355.31005859375,2355.31005859375,2356.43994140625,2335.409912109375,2346.080078125,0
2023-04-10,2360.300048828125,2360.300048828125,2360.5,2337.239990234375,2345.739990234375,0
2023-04-11,2362.60009765625,2362.60009765625,2371.419921875,2357.989990234375,2361.010009765625,0
2023-04-12,2351.830078125,2351.830078125,2378.239990234375,2349.179931640625,2370.1298828125,0
2023-04-13,2382.47998046875,2382.47998046875,2384.610107421875,2355.969970703125,2355.969970703125,0
2023-04-14,2376.1298828125,2376.1298828125,2392.030029296875,2362.070068359375,2379.929931640625,0
2023-04-17,2385.639892578125,2385.639892578125,2385.840087890625,2369.419921875,2376.010009765625,0
2023-04-18,2387.110107421875,2387.110107421875,2396.35009765625,2379.39990234375,2391.409912109375,0
2023-04-19,2387.320068359375,2387.320068359375,2391.35009765625,2374.969970703125,2382.139892578125,0
2023-04-20,2373.010009765625,2373.010009765625,2383.409912109375,2364.60009765625,2379.47998046875,0
2023-04-21,2374.820068359375,2374.820068359375,2377.260009765625,2363.52001953125,2373.580078125,0
2023-04-24,2375.72998046875,2375.72998046875,2379.639892578125,2364.929931640625,2373.56005859375,0
2023-04-25,2335.449951171875,2335.449951171875,2370.340087890625,2335.449951171875,2370.340087890625,0
2023-04-26,2325.97998046875,2325.97998046875,2345.969970703125,2322.2099609375,2342.35009765625,0
2023-04-27,2369.669921875,2369.669921875,2371.070068359375,2332.580078125,2332.580078125,0
2023-04-28,2389.300048828125,2389.300048828125,2389.5400390625,2364.830078125,2366.159912109375,0
2023-05-01,2388.679931640625,2388.679931640625,2399.239990234375,2386.3798828125,2387.47998046875,0
2023-05-02,2358.7900390625,2358.7900390625,2384.280029296875,2341.3701171875,2384.280029296875,0
2023-05-03,2344.75,2344.75,2377.510009765625,2343.909912109375,2362.1201171875,0
2023-05-04,2326.889892578125,2326.889892578125,2339.530029296875,2318.77001953125,2339.530029296875,0
2023-05-05,2370.8798828125,2370.8798828125,2376.739990234375,2343.60009765625,2343.60009765625,0
2023-05-08,2372.340087890625,2372.340087890625,2374.5,2364.610107421875,2372.219970703125,0
2023-05-09,2362.35009765625,2362.35009765625,2368.889892578125,2360.280029296875,2365.179931640625,0
2023-05-10,2373.10009765625,2373.10009765625,2383.10009765625,2351.419921875,2375.659912109375,0
2023-05-11,2367.550048828125,2367.550048828125,2371.1201171875,2356.409912109375,2371.1201171875,0
2023-05-12,2363.10009765625,2363.10009765625,2375.050048828125,2349.219970703125,2371.75,0
2023-05-15,2373.1201171875,2373.1201171875,2376.14990234375,2357.530029296875,2365.5400390625,0
2023-05-16,2354.77001953125,2354.77001953125,2369.8701171875,2354.75,2369.659912109375,0
2023-05-17,2385.139892578125,2385.139892578125,2388.27001953125,2357.25,2362.090087890625,0
2023-05-18,2407.7900390625,2407.7900390625,2410.110107421875,2382.31005859375,2385.050048828125,0
2023-05-19,2402.3701171875,2402.3701171875,2415.639892578125,2396.330078125,2412.35009765625,0
2023-05-22,2406.25,2406.25,2414.5,2397.570068359375,2402.1201171875,0
2023-05-23,2380.31005859375,2380.31005859375,2405.199951171875,2379.419921875,2399.7099609375,0
2023-05-24,2362.4599609375,2362.4599609375,2405.199951171875,2356.320068359375,2399.7099609375,0
2023-05-25,2378.06005859375,2378.06005859375,2385.300048828125,2366.02001953125,2370.4599609375,0
2023-05-26,2409.22998046875,2409.22998046875,2413.2900390625,2379.81005859375,2379.81005859375,0
2023-05-30,2409.219970703125,2409.219970703125,2424.070068359375,2401.669921875,2417.510009765625,0
2023-05-31,2394.2900390625,2394.2900390625,2403.409912109375,2385.139892578125,2402.6298828125,0
2023-06-01,2418.070068359375,2418.070068359375,2424.72998046875,2388.9599609375,2395.02001953125,0
2023-06-02,2458.429931640625,2458.429931640625,2462.2099609375,2427.949951171875,2427.949951171875,0
2023-06-05,2451.60009765625,2451.60009765625,2465.679931640625,2447.8701171875,2458.429931640625,0
2023-06-06,2462.780029296875,2462.780029296875,2465.06005859375,2445.639892578125,2450.35009765625,0
2023-06-07,2457.0,2457.0,2473.580078125,2454.409912109375,2462.6201171875,0
2023-06-08,2469.75,2469.75,2471.7900390625,2451.110107421875,2456.260009765625,0
2023-06-09,2470.179931640625,2470.179931640625,2484.739990234375,2466.1201171875,2474.1201171875,0
2023-06-12,2492.669921875,2492.669921875,2493.52001953125,2473.18994140625,2473.18994140625,0
2023-06-13,2511.77001953125,2511.77001953125,2515.300048828125,2496.840087890625,2496.840087890625,0
2023-06-14,2511.10009765625,2511.10009765625,2523.510009765625,2491.840087890625,2512.820068359375,0
2023-06-15,2541.699951171875,2541.699951171875,2547.929931640625,2504.860107421875,2506.780029296875,0
2023-06-16,2531.389892578125,2531.389892578125,2553.340087890625,2530.47998046875,2550.080078125,0
2023-06-20,2518.5400390625,2518.5400390625,2525.320068359375,2506.35009765625,2525.320068359375,0
2023-06-21,2505.419921875,2505.419921875,2517.179931640625,2502.3701171875,2515.330078125,0
2023-06-22,2511.760009765625,2511.760009765625,2511.81005859375,2496.340087890625,2504.300048828125,0
2023-06-23,2490.97998046875,2490.97998046875,2501.800048828125,2487.5,2501.610107421875,0
2023-06-26,2482.06005859375,2482.06005859375,2500.739990234375,2481.739990234375,2490.56005859375,0
2023-06-27,2512.429931640625,2512.429931640625,2515.919921875,2486.300048828125,2486.43994140625,0
2023-06-28,2513.47998046875,2513.47998046875,2520.4599609375,2503.169921875,2509.030029296875,0
2023-06-29,2525.639892578125,2525.639892578125,2526.780029296875,2511.219970703125,2513.27001953125,0
2023-06-30,2554.489990234375,2554.489990234375,2558.97998046875,2534.419921875,2534.419921875,0
2023-07-03,2558.679931640625,2558.679931640625,2559.179931640625,2550.659912109375,2554.43994140625,0
2023-07-05,2551.260009765625,2551.260009765625,2555.5,2547.110107421875,2555.1298828125,0
2023-07-06,2528.340087890625,2528.340087890625,2544.409912109375,2511.72998046875,2544.409912109375,0
2023-07-07,2525.7099609375,2525.7099609375,2548.669921875,2522.409912109375,2526.2099609375,0
2023-07-10,2536.0,2536.0,2536.429931640625,2523.280029296875,2526.360107421875,0
2023-07-11,2555.889892578125,2555.889892578125,2558.280029296875,2537.659912109375,2539.52001953125,0
2023-07-12,2574.760009765625,2574.760009765625,2583.3701171875,2569.639892578125,2569.639892578125,0
2023-07-13,2597.780029296875,2597.780029296875,2601.590087890625,2582.919921875,2582.919921875,0
2023-07-14,2591.8701171875,2591.8701171875,2604.60009765625,2588.719970703125,2601.590087890625,0
2023-07-17,2603.989990234375,2603.989990234375,2609.6201171875,2591.610107421875,2591.610107421875,0
2023-07-18,2623.739990234375,2623.739990234375,2627.39990234375,2600.18994140625,2602.469970703125,0
2023-07-19,2630.739990234375,2630.739990234375,2637.739990234375,2625.43994140625,2628.4599609375,0
2023-07-20,2611.27001953125,2611.27001953125,2628.929931640625,2607.22998046875,2624.2099609375,0
2023-07-21,2611.22998046875,2611.22998046875,2623.580078125,2610.89990234375,2620.860107421875,0
2023-07-24,2620.280029296875,2620.280029296875,2624.81005859375,2613.1298828125,2614.830078125,0
2023-07-25,2626.909912109375,2626.909912109375,2635.1298828125,2619.010009765625,2619.27001953125,0
2023-07-26,2628.590087890625,2628.590087890625,2636.3798828125,2618.330078125,2623.820068359375,0
2023-07-27,2609.0,2609.0,2650.89990234375,2604.010009765625,2639.199951171875,0
2023-07-28,2636.64990234375,2636.64990234375,2640.030029296875,2619.97998046875,2619.97998046875,0
2023-07-31,2643.68994140625,2643.68994140625,2645.7099609375,2634.89990234375,2639.0400390625,0
2023-08-01,2635.929931640625,2635.929931640625,2639.159912109375,2629.320068359375,2638.639892578125,0
2023-08-02,2598.27001953125,2598.27001953125,2624.0,2594.0,2624.0,0
2023-08-03,2591.489990234375,2591.489990234375,2601.3798828125,2581.469970703125,2592.340087890625,0
2023-08-04,2578.8701171875,2578.8701171875,2613.580078125,2577.0400390625,2601.93994140625,0
2023-08-07,2600.02001953125,2600.02001953125,2600.72998046875,2583.81005859375,2585.280029296875,0
2023-08-08,2587.3798828125,2587.3798828125,2590.469970703125,2566.47998046875,2590.469970703125,0
2023-08-09,2568.669921875,2568.669921875,2588.570068359375,2564.93994140625,2587.39990234375,0
2023-08-10,2568.6298828125,2568.6298828125,2601.610107421875,2562.22998046875,2575.1201171875,0
2023-08-11,2566.139892578125,2566.139892578125,2572.830078125,2554.7099609375,2564.860107421875,0
2023-08-14,2578.949951171875,2578.949951171875,2579.330078125,2558.14990234375,2564.110107421875,0
2023-08-15,2548.64990234375,2548.64990234375,2574.1298828125,2545.81005859375,2574.1298828125,0
2023-08-16,2528.47998046875,2528.47998046875,2555.239990234375,2528.280029296875,2546.330078125,0
2023-08-17,2507.080078125,2507.080078125,2536.909912109375,2504.860107421875,2531.7099609375,0
2023-08-18,2508.52001953125,2508.52001953125,2515.050048828125,2488.449951171875,2500.239990234375,0
2023-08-21,2523.659912109375,2523.659912109375,2528.1201171875,2502.18994140625,2511.530029296875,0
2023-08-22,2516.60009765625,2516.60009765625,2533.2099609375,2514.35009765625,2530.669921875,0
2023-08-23,2544.780029296875,2544.780029296875,2548.489990234375,2519.9599609375,2519.9599609375,0
2023-08-24,2510.3798828125,2510.3798828125,2555.860107421875,2510.06005859375,2550.570068359375,0
2023-08-25,2526.739990234375,2526.739990234375,2534.179931640625,2498.449951171875,2516.10009765625,0
2023-08-28,2542.909912109375,2542.909912109375,2546.590087890625,2533.6201171875,2534.1298828125,0
2023-08-29,2580.56005859375,2580.56005859375,2581.570068359375,2541.5400390625,2541.719970703125,0
2023-08-30,2591.080078125,2591.080078125,2595.1201171875,2579.280029296875,2581.3798828125,0
2023-08-31,2588.110107421875,2588.110107421875,2602.219970703125,2587.89990234375,2592.739990234375,0
2023-09-01,2595.639892578125,2595.639892578125,2608.510009765625,2588.4599609375,2598.81005859375,0
2023-09-05,2580.840087890625,2580.840087890625,2594.1298828125,2580.530029296875,2594.1298828125,0
2023-09-06,2564.2099609375,2564.2099609375,2579.719970703125,2551.260009765625,2579.719970703125,0
2023-09-07,2554.969970703125,2554.969970703125,2559.820068359375,2543.2099609375,2559.820068359375,0
2023-09-08,2557.909912109375,2557.909912109375,2566.550048828125,2553.409912109375,2555.070068359375,0
2023-09-11,2574.5400390625,2574.5400390625,2576.93994140625,2565.1201171875,2573.31005859375,0
2023-09-12,2561.429931640625,2561.429931640625,2575.7900390625,2559.159912109375,2567.610107421875,0
2023-09-13,2561.510009765625,2561.510009765625,2568.68994140625,2554.989990234375,2561.77001953125,0
2023-09-14,2583.5,2583.5,2587.3798828125,2568.469970703125,2574.669921875,0
2023-09-15,2553.139892578125,2553.139892578125,2577.14990234375,2550.68994140625,2577.14990234375,0
2023-09-18,2553.02001953125,2553.02001953125,2560.550048828125,2547.570068359375,2550.830078125,0
2023-09-19,2546.85009765625,2546.85009765625,2551.1298828125,2532.3798828125,2548.39990234375,0
2023-09-20,2523.81005859375,2523.81005859375,2557.8798828125,2523.47998046875,2553.659912109375,0
2023-09-21,2481.14990234375,2481.14990234375,2508.449951171875,2480.780029296875,2506.60009765625,0
2023-09-22,2475.659912109375,2475.659912109375,2496.10009765625,2474.02001953125,2487.340087890625,0
2023-09-25,2485.510009765625,2485.510009765625,2486.010009765625,2465.75,2469.989990234375,0
2023-09-26,2449.5,2449.5,2474.010009765625,2446.110107421875,2474.010009765625,0
2023-09-27,2452.929931640625,2452.929931640625,2462.27001953125,2432.820068359375,2455.60009765625,0
2023-09-28,2468.5400390625,2468.5400390625,2478.3701171875,2447.85009765625,2450.5,0
2023-09-29,2462.06005859375,2462.06005859375,2487.929931640625,2455.360107421875,2481.760009765625,0
2023-10-02,2457.93994140625,2457.93994140625,2466.419921875,2443.0400390625,2459.179931640625,0
2023-10-03,2422.070068359375,2422.070068359375,2452.39990234375,2414.68994140625,2449.89990234375,0
2023-10-04,2440.889892578125,2440.889892578125,2443.300048828125,2415.7900390625,2426.010009765625,0
2023-10-05,2437.85009765625,2437.85009765625,2442.56005859375,2419.639892578125,2438.550048828125,0
2023-10-06,2466.929931640625,2466.929931640625,2475.969970703125,2417.090087890625,2429.02001953125,0
2023-10-09,2482.610107421875,2482.610107421875,2486.199951171875,2453.590087890625,2455.719970703125,0
2023-10-10,2497.489990234375,2497.489990234375,2512.77001953125,2485.06005859375,2485.06005859375,0
2023-10-11,2507.14990234375,2507.14990234375,2508.760009765625,2489.35009765625,2502.22998046875,0
2023-10-12,2486.89990234375,2486.89990234375,2510.070068359375,2473.5,2508.5,0
2023-10-13,2473.25,2473.25,2500.81005859375,2464.75,2491.7099609375,0
2023-10-16,2501.3701171875,2501.3701171875,2505.97998046875,2483.989990234375,2484.010009765625,0
2023-10-17,2504.280029296875,2504.280029296875,2516.639892578125,2483.080078125,2483.72998046875,0
2023-10-18,2467.60009765625,2467.60009765625,2496.580078125,2462.199951171875,2492.8701171875,0
2023-10-19,2444.820068359375,2444.820068359375,2480.8798828125,2440.139892578125,2469.2099609375,0
2023-10-20,2414.02001953125,2414.02001953125,2443.419921875,2413.469970703125,2442.68994140625,0
2023-10-23,2407.949951171875,2407.949951171875,2430.449951171875,2393.840087890625,2405.419921875,0
2023-10-24,2426.06005859375,2426.06005859375,2433.7099609375,2410.389892578125,2417.239990234375,0
2023-10-25,2389.090087890625,2389.090087890625,2415.840087890625,2386.340087890625,2415.719970703125,0
2023-10-26,2364.6298828125,2364.6298828125,2389.080078125,2358.739990234375,2384.590087890625,0
2023-10-27,2351.419921875,2351.419921875,2375.840087890625,2344.3701171875,2375.080078125,0
2023-10-30,2378.3798828125,2378.3798828125,2384.419921875,2359.300048828125,2359.489990234375,0
2023-10-31,2394.590087890625,2394.590087890625,2395.6201171875,2371.52001953125,2378.909912109375,0
2023-11-01,2417.85009765625,2417.85009765625,2421.050048828125,2395.8701171875,2397.330078125,0
2023-11-02,2465.2099609375,2465.2099609375,2466.18994140625,2431.5,2431.5,0
2023-11-03,2493.260009765625,2493.260009765625,2502.25,2472.18994140625,2472.18994140625,0
2023-11-06,2493.110107421875,2493.110107421875,2499.860107421875,2482.699951171875,2495.449951171875,0
2023-11-07,2500.550048828125,2500.550048828125,2505.0,2487.31005859375,2494.260009765625,0
2023-11-08,2500.5400390625,2500.5400390625,2507.409912109375,2488.93994140625,2502.919921875,0
2023-11-09,2478.419921875,2478.419921875,2507.239990234375,2476.570068359375,2502.489990234375,0
2023-11-10,2515.64990234375,2515.64990234375,2516.9599609375,2456.260009765625,2483.39990234375,0
2023-11-13,2513.85009765625,2513.85009765625,2519.10009765625,2503.300048828125,2510.0400390625,0
2023-11-14,2569.780029296875,2569.780029296875,2576.06005859375,2536.239990234375,2536.239990234375,0
2023-11-15,2574.2900390625,2574.2900390625,2587.360107421875,2570.699951171875,2573.590087890625,0
2023-11-16,2572.969970703125,2572.969970703125,2576.64990234375,2562.1298828125,2572.22998046875,0
2023-11-17,2579.3798828125,2579.3798828125,2582.22998046875,2571.639892578125,2577.429931640625,0
2023-11-20,2598.14990234375,2598.14990234375,2603.389892578125,2577.10009765625,2577.10009765625,0
2023-11-21,2590.610107421875,2590.610107421875,2594.31005859375,2584.949951171875,2594.31005859375,0
2023-11-22,2601.97998046875,2601.97998046875,2608.110107421875,2595.669921875,2600.360107421875,0
2023-11-24,2605.330078125,2605.330078125,2605.340087890625,2600.22998046875,2601.43994140625,0
2023-11-27,2600.27001953125,2600.27001953125,2605.679931640625,2597.18994140625,2602.64990234375,0
2023-11-28,2601.97998046875,2601.97998046875,2610.1201171875,2593.64990234375,2598.0400390625,0
2023-11-29,2602.81005859375,2602.81005859375,2624.02001953125,2600.8701171875,2610.2900390625,0
2023-11-30,2612.8701171875,2612.8701171875,2614.02001953125,2596.860107421875,2604.320068359375,0
2023-12-01,2635.080078125,2635.080078125,2636.179931640625,2605.110107421875,2609.85009765625,0
2023-12-04,2624.8798828125,2624.8798828125,2626.159912109375,2610.8701171875,2623.97998046875,0
2023-12-05,2619.39990234375,2619.39990234375,2626.280029296875,2613.070068359375,2619.0,0
2023-12-06,2609.7900390625,2609.7900390625,2633.929931640625,2608.409912109375,2626.0,0
2023-12-07,2630.179931640625,2630.179931640625,2632.3798828125,2614.3798828125,2614.3798828125,0
2023-12-08,2641.929931640625,2641.929931640625,2644.68994140625,2623.699951171875,2625.110107421875,0
2023-12-11,2652.239990234375,2652.239990234375,2652.840087890625,2636.89990234375,2640.330078125,0
2023-12-12,2662.93994140625,2662.93994140625,2663.840087890625,2643.070068359375,2652.489990234375,0
2023-12-13,2704.419921875,2704.419921875,2705.2900390625,2661.169921875,2664.1298828125,0
2023-12-14,2719.2099609375,2719.2099609375,2729.7900390625,2703.72998046875,2711.85009765625,0
2023-12-15,2716.5400390625,2716.5400390625,2722.070068359375,2708.1201171875,2717.1201171875,0
2023-12-18,2727.43994140625,2727.43994140625,2732.050048828125,2720.590087890625,2721.590087890625,0
2023-12-19,2747.030029296875,2747.030029296875,2747.179931640625,2731.43994140625,2731.5,0
2023-12-20,2705.159912109375,2705.159912109375,2753.7099609375,2704.719970703125,2742.27001953125,0
2023-12-21,2735.080078125,2735.080078125,2736.10009765625,2712.8798828125,2723.969970703125,0
2023-12-22,2741.199951171875,2741.199951171875,2751.260009765625,2731.080078125,2742.179931640625,0
2023-12-26,2754.719970703125,2754.719970703125,2760.330078125,2744.070068359375,2744.320068359375,0
2023-12-27,2759.219970703125,2759.219970703125,2761.669921875,2752.280029296875,2755.110107421875,0
2023-12-28,2759.6201171875,2759.6201171875,2765.300048828125,2758.260009765625,2761.050048828125,0
2023-12-29,2748.2099609375,2748.2099609375,2761.300048828125,2739.989990234375,2758.719970703125,0
